binary,callee_addr,callee_name,caller_addr,caller_name
Crane.dylib,0x7458,_dispatch_once,0x6020,sub_6020
Crane.dylib,0x7458,_dispatch_once,0x6060,sub_6060
Crane.dylib,0x7458,_dispatch_once,0x60A0,sub_60A0
Crane.dylib,0x7458,_dispatch_once,0x60E0,sub_60E0
Crane.dylib,0x7458,_dispatch_once,0x6138,sub_6138
Crane.dylib,0x7464,_dlopen,0x6190,sub_6190
Crane.dylib,0x7470,_dlsym,0x6190,sub_6190
Crane.dylib,0x7434,_access,0x62D8,sub_62D8
Crane.dylib,0x741C,___strlcat_chk,0x631C,sub_631C
Crane.dylib,0x7428,___strlcpy_chk,0x631C,sub_631C
Crane.dylib,0x7434,_access,0x631C,sub_631C
Crane.dylib,0x7458,_dispatch_once,0x631C,sub_631C
Crane.dylib,0x7494,_malloc,0x631C,sub_631C
Crane.dylib,0x7554,_strncmp,0x631C,sub_631C
Crane.dylib,0x741C,___strlcat_chk,0x6414,sub_6414
Crane.dylib,0x7428,___strlcpy_chk,0x6414,sub_6414
Crane.dylib,0x7458,_dispatch_once,0x6414,sub_6414
Crane.dylib,0x7494,_malloc,0x6414,sub_6414
Crane.dylib,0x7548,_strlen,0x6414,sub_6414
Crane.dylib,0x7554,_strncmp,0x6414,sub_6414
Crane.dylib,0x73BC,_CFBundleGetIdentifier,0x6544,_safe_getBundleIdentifier
Crane.dylib,0x73C8,_CFBundleGetMainBundle,0x6544,_safe_getBundleIdentifier
Crane.dylib,0x7500,_objc_retain,0x6544,_safe_getBundleIdentifier
Crane.dylib,0x747C,_getenv,0x6564,_sandbox_container_path_for_pid_hook
Crane.dylib,0x7488,_getpid,0x6564,_sandbox_container_path_for_pid_hook
Crane.dylib,0x7560,_strncpy,0x6564,_sandbox_container_path_for_pid_hook
Crane.dylib,0x6B2C,_containerPathForContainer,0x65D0,InitFunc_0
Crane.dylib,0x6BE0,_createDirectoryIfNotExists,0x65D0,InitFunc_0
Crane.dylib,0x7268,_initProtection,0x65D0,InitFunc_0
Crane.dylib,0x7360,_HCHookFunctions,0x65D0,InitFunc_0
Crane.dylib,0x73F8,_NSHomeDirectory,0x65D0,InitFunc_0
Crane.dylib,0x747C,_getenv,0x65D0,InitFunc_0
Crane.dylib,0x74DC,_objc_msgSend,0x65D0,InitFunc_0
Crane.dylib,0x74F4,_objc_release,0x65D0,InitFunc_0
Crane.dylib,0x750C,_objc_retainAutorelease,0x65D0,InitFunc_0
Crane.dylib,0x7518,_objc_retainAutoreleasedReturnValue,0x65D0,InitFunc_0
Crane.dylib,0x7530,_setenv,0x65D0,InitFunc_0
Crane.dylib,0x753C,_strcmp,0x65D0,InitFunc_0
Crane.dylib,0x7578,_unsetenv,0x65D0,InitFunc_0
Crane.dylib,0x6138,sub_6138,0x6924,_localize
Crane.dylib,0x7410,___stack_chk_fail,0x6924,_localize
Crane.dylib,0x74B8,_objc_autorelease,0x6924,_localize
Crane.dylib,0x74DC,_objc_msgSend,0x6924,_localize
Crane.dylib,0x74F4,_objc_release,0x6924,_localize
Crane.dylib,0x7500,_objc_retain,0x6924,_localize
Crane.dylib,0x7518,_objc_retainAutoreleasedReturnValue,0x6924,_localize
Crane.dylib,0x74DC,_objc_msgSend,0x6B2C,_containerPathForContainer
Crane.dylib,0x74F4,_objc_release,0x6B2C,_containerPathForContainer
Crane.dylib,0x7500,_objc_retain,0x6B2C,_containerPathForContainer
Crane.dylib,0x7518,_objc_retainAutoreleasedReturnValue,0x6B2C,_containerPathForContainer
Crane.dylib,0x7410,___stack_chk_fail,0x6BE0,_createDirectoryIfNotExists
Crane.dylib,0x74DC,_objc_msgSend,0x6BE0,_createDirectoryIfNotExists
Crane.dylib,0x74F4,_objc_release,0x6BE0,_createDirectoryIfNotExists
Crane.dylib,0x7500,_objc_retain,0x6BE0,_createDirectoryIfNotExists
Crane.dylib,0x7518,_objc_retainAutoreleasedReturnValue,0x6BE0,_createDirectoryIfNotExists
Crane.dylib,0x74F4,_objc_release,0x6DC0,_normalizedContainerID
Crane.dylib,0x7500,_objc_retain,0x6DC0,_normalizedContainerID
Crane.dylib,0x74A0,_objc_alloc,0x6E08,_requestAuthentication
Crane.dylib,0x74DC,_objc_msgSend,0x6E08,_requestAuthentication
Crane.dylib,0x74F4,_objc_release,0x6E08,_requestAuthentication
Crane.dylib,0x7500,_objc_retain,0x6E08,_requestAuthentication
Crane.dylib,0x7440,_dispatch_async,0x6F40,sub_6F40
Crane.dylib,0x744C,_dispatch_get_global_queue,0x6F40,sub_6F40
Crane.dylib,0x74F4,_objc_release,0x6F40,sub_6F40
Crane.dylib,0x7500,_objc_retain,0x6F40,sub_6F40
Crane.dylib,0x7518,_objc_retainAutoreleasedReturnValue,0x6F40,sub_6F40
Crane.dylib,0x7458,_dispatch_once,0x6FD8,_initUNProtocol
Crane.dylib,0x74AC,_objc_allocateProtocol,0x7010,sub_7010
Crane.dylib,0x74D0,_objc_getProtocol,0x7010,sub_7010
Crane.dylib,0x74E8,_objc_registerProtocol,0x7010,sub_7010
Crane.dylib,0x74F4,_objc_release,0x7010,sub_7010
Crane.dylib,0x7518,_objc_retainAutoreleasedReturnValue,0x7010,sub_7010
Crane.dylib,0x7524,_protocol_addProtocol,0x7010,sub_7010
Crane.dylib,0x73D4,_CFStringFind,0x70B0,_new_URLEnumeratorGetNextURL
Crane.dylib,0x73E0,_CFURLGetString,0x70B0,_new_URLEnumeratorGetNextURL
Crane.dylib,0x756C,_strstr,0x7140,_new_readdir_r
Crane.dylib,0x756C,_strstr,0x71C0,_new_readdir
Crane.dylib,0x756C,_strstr,0x721C,_new_unlink
Crane.dylib,0x7464,_dlopen,0x7268,_initProtection
Crane.dylib,0x7470,_dlsym,0x7268,_initProtection
Crane.dylib,0x73EC,_MSHookFunction,0x7360,_HCHookFunctions
CraneSB.dylib,0x211D8,_dispatch_once,0x795C,sub_795C
CraneSB.dylib,0x211D8,_dispatch_once,0x799C,sub_799C
CraneSB.dylib,0x211D8,_dispatch_once,0x79DC,sub_79DC
CraneSB.dylib,0x211D8,_dispatch_once,0x7A1C,sub_7A1C
CraneSB.dylib,0x211D8,_dispatch_once,0x7A74,sub_7A74
CraneSB.dylib,0x21244,_dlopen,0x7ACC,sub_7ACC
CraneSB.dylib,0x21250,_dlsym,0x7ACC,sub_7ACC
CraneSB.dylib,0x21184,_access,0x7C14,sub_7C14
CraneSB.dylib,0x21154,___strlcat_chk,0x7C58,sub_7C58
CraneSB.dylib,0x21160,___strlcpy_chk,0x7C58,sub_7C58
CraneSB.dylib,0x21184,_access,0x7C58,sub_7C58
CraneSB.dylib,0x211D8,_dispatch_once,0x7C58,sub_7C58
CraneSB.dylib,0x212BC,_malloc,0x7C58,sub_7C58
CraneSB.dylib,0x21460,_strncmp,0x7C58,sub_7C58
CraneSB.dylib,0x21154,___strlcat_chk,0x7D50,sub_7D50
CraneSB.dylib,0x21160,___strlcpy_chk,0x7D50,sub_7D50
CraneSB.dylib,0x211D8,_dispatch_once,0x7D50,sub_7D50
CraneSB.dylib,0x212BC,_malloc,0x7D50,sub_7D50
CraneSB.dylib,0x21454,_strlen,0x7D50,sub_7D50
CraneSB.dylib,0x21460,_strncmp,0x7D50,sub_7D50
CraneSB.dylib,0x213AC,_objc_retain,0x7E8C,sub_7E8C
CraneSB.dylib,0x213E8,_objc_setAssociatedObject,0x7E8C,sub_7E8C
CraneSB.dylib,0x213AC,_objc_retain,0x7ED4,sub_7ED4
CraneSB.dylib,0x213E8,_objc_setAssociatedObject,0x7ED4,sub_7ED4
CraneSB.dylib,0x213AC,_objc_retain,0x7F1C,sub_7F1C
CraneSB.dylib,0x213E8,_objc_setAssociatedObject,0x7F1C,sub_7F1C
CraneSB.dylib,0x210AC,_MSHookMessageEx,0x7F58,_initCRBadgeContextMenuActionView
CraneSB.dylib,0x210B8,_NSClassFromString,0x7F58,_initCRBadgeContextMenuActionView
CraneSB.dylib,0x21130,___snprintf_chk,0x7F58,_initCRBadgeContextMenuActionView
CraneSB.dylib,0x2113C,___stack_chk_fail,0x7F58,_initCRBadgeContextMenuActionView
CraneSB.dylib,0x21190,_class_addMethod,0x7F58,_initCRBadgeContextMenuActionView
CraneSB.dylib,0x2119C,_class_addProperty,0x7F58,_initCRBadgeContextMenuActionView
CraneSB.dylib,0x212E0,_objc_allocateClassPair,0x7F58,_initCRBadgeContextMenuActionView
CraneSB.dylib,0x2134C,_objc_getClass,0x7F58,_initCRBadgeContextMenuActionView
CraneSB.dylib,0x21388,_objc_registerClassPair,0x7F58,_initCRBadgeContextMenuActionView
CraneSB.dylib,0x21370,_objc_msgSend,0x8444,sub_8444
CraneSB.dylib,0x213A0,_objc_release,0x8444,sub_8444
CraneSB.dylib,0x213D0,_objc_retainAutoreleasedReturnValue,0x8444,sub_8444
CraneSB.dylib,0x21370,_objc_msgSend,0x84A0,sub_84A0
CraneSB.dylib,0x213A0,_objc_release,0x84A0,sub_84A0
CraneSB.dylib,0x213AC,_objc_retain,0x84A0,sub_84A0
CraneSB.dylib,0x213D0,_objc_retainAutoreleasedReturnValue,0x84A0,sub_84A0
CraneSB.dylib,0x21370,_objc_msgSend,0x8530,sub_8530
CraneSB.dylib,0x213A0,_objc_release,0x8530,sub_8530
CraneSB.dylib,0x213AC,_objc_retain,0x8530,sub_8530
CraneSB.dylib,0x21370,_objc_msgSend,0x863C,sub_863C
CraneSB.dylib,0x213D0,_objc_retainAutoreleasedReturnValue,0x863C,sub_863C
CraneSB.dylib,0x21370,_objc_msgSend,0x86FC,sub_86FC
CraneSB.dylib,0x2113C,___stack_chk_fail,0x8778,sub_8778
CraneSB.dylib,0x211D8,_dispatch_once,0x8778,sub_8778
CraneSB.dylib,0x21334,_objc_enumerationMutation,0x8778,sub_8778
CraneSB.dylib,0x21370,_objc_msgSend,0x8778,sub_8778
CraneSB.dylib,0x213A0,_objc_release,0x8778,sub_8778
CraneSB.dylib,0x213AC,_objc_retain,0x8778,sub_8778
CraneSB.dylib,0x213D0,_objc_retainAutoreleasedReturnValue,0x8778,sub_8778
CraneSB.dylib,0x212D4,_objc_alloc,0x8ED4,sub_8ED4
CraneSB.dylib,0x2134C,_objc_getClass,0x8ED4,sub_8ED4
CraneSB.dylib,0x21370,_objc_msgSend,0x8ED4,sub_8ED4
CraneSB.dylib,0x213A0,_objc_release,0x8ED4,sub_8ED4
CraneSB.dylib,0x213AC,_objc_retain,0x8ED4,sub_8ED4
CraneSB.dylib,0x213B8,_objc_retainAutorelease,0x8ED4,sub_8ED4
CraneSB.dylib,0x213D0,_objc_retainAutoreleasedReturnValue,0x8ED4,sub_8ED4
CraneSB.dylib,0x21370,_objc_msgSend,0x9214,sub_9214
CraneSB.dylib,0x213A0,_objc_release,0x9214,sub_9214
CraneSB.dylib,0x213D0,_objc_retainAutoreleasedReturnValue,0x9214,sub_9214
CraneSB.dylib,0x21370,_objc_msgSend,0x9360,sub_9360
CraneSB.dylib,0x213A0,_objc_release,0x9360,sub_9360
CraneSB.dylib,0x213D0,_objc_retainAutoreleasedReturnValue,0x9360,sub_9360
CraneSB.dylib,0x21370,_objc_msgSend,0x9464,sub_9464
CraneSB.dylib,0x21370,_objc_msgSend,0x949C,sub_949C
CraneSB.dylib,0x213AC,_objc_retain,0x94D0,sub_94D0
CraneSB.dylib,0x213E8,_objc_setAssociatedObject,0x94D0,sub_94D0
CraneSB.dylib,0x213AC,_objc_retain,0x9518,sub_9518
CraneSB.dylib,0x213E8,_objc_setAssociatedObject,0x9518,sub_9518
CraneSB.dylib,0x213AC,_objc_retain,0x9560,sub_9560
CraneSB.dylib,0x213E8,_objc_setAssociatedObject,0x9560,sub_9560
CraneSB.dylib,0x21340,_objc_getAssociatedObject,0x959C,sub_959C
CraneSB.dylib,0x21370,_objc_msgSend,0x959C,sub_959C
CraneSB.dylib,0x213A0,_objc_release,0x959C,sub_959C
CraneSB.dylib,0x213D0,_objc_retainAutoreleasedReturnValue,0x959C,sub_959C
CraneSB.dylib,0x21370,_objc_msgSend,0x95F4,sub_95F4
CraneSB.dylib,0x213A0,_objc_release,0x95F4,sub_95F4
CraneSB.dylib,0x213AC,_objc_retain,0x95F4,sub_95F4
CraneSB.dylib,0x213D0,_objc_retainAutoreleasedReturnValue,0x95F4,sub_95F4
CraneSB.dylib,0x213E8,_objc_setAssociatedObject,0x95F4,sub_95F4
CraneSB.dylib,0x210AC,_MSHookMessageEx,0x9684,InitFunc_0
CraneSB.dylib,0x21130,___snprintf_chk,0x9684,InitFunc_0
CraneSB.dylib,0x2113C,___stack_chk_fail,0x9684,InitFunc_0
CraneSB.dylib,0x21190,_class_addMethod,0x9684,InitFunc_0
CraneSB.dylib,0x2119C,_class_addProperty,0x9684,InitFunc_0
CraneSB.dylib,0x212E0,_objc_allocateClassPair,0x9684,InitFunc_0
CraneSB.dylib,0x2134C,_objc_getClass,0x9684,InitFunc_0
CraneSB.dylib,0x21388,_objc_registerClassPair,0x9684,InitFunc_0
CraneSB.dylib,0x2113C,___stack_chk_fail,0x9A60,sub_9A60
CraneSB.dylib,0x21148,___strcat_chk,0x9A60,sub_9A60
CraneSB.dylib,0x21280,_free,0x9A60,sub_9A60
CraneSB.dylib,0x212BC,_malloc,0x9A60,sub_9A60
CraneSB.dylib,0x21334,_objc_enumerationMutation,0x9A60,sub_9A60
CraneSB.dylib,0x21370,_objc_msgSend,0x9A60,sub_9A60
CraneSB.dylib,0x213A0,_objc_release,0x9A60,sub_9A60
CraneSB.dylib,0x213D0,_objc_retainAutoreleasedReturnValue,0x9A60,sub_9A60
CraneSB.dylib,0x213DC,_objc_retainBlock,0x9A60,sub_9A60
CraneSB.dylib,0x21454,_strlen,0x9A60,sub_9A60
CraneSB.dylib,0x2146C,_syscall,0x9A60,sub_9A60
CraneSB.dylib,0x213AC,_objc_retain,0x9DCC,sub_9DCC
CraneSB.dylib,0x213E8,_objc_setAssociatedObject,0x9DCC,sub_9DCC
CraneSB.dylib,0x210AC,_MSHookMessageEx,0x9E08,InitFunc_1
CraneSB.dylib,0x21130,___snprintf_chk,0x9E08,InitFunc_1
CraneSB.dylib,0x2113C,___stack_chk_fail,0x9E08,InitFunc_1
CraneSB.dylib,0x21190,_class_addMethod,0x9E08,InitFunc_1
CraneSB.dylib,0x2119C,_class_addProperty,0x9E08,InitFunc_1
CraneSB.dylib,0x212E0,_objc_allocateClassPair,0x9E08,InitFunc_1
CraneSB.dylib,0x2134C,_objc_getClass,0x9E08,InitFunc_1
CraneSB.dylib,0x21388,_objc_registerClassPair,0x9E08,InitFunc_1
CraneSB.dylib,0x1ED64,_launchApplicationOnContainerSelectionEnabled,0x9F8C,sub_9F8C
CraneSB.dylib,0x1F0DC,_localize,0x9F8C,sub_9F8C
CraneSB.dylib,0x21370,_objc_msgSend,0x9F8C,sub_9F8C
CraneSB.dylib,0x213A0,_objc_release,0x9F8C,sub_9F8C
CraneSB.dylib,0x213AC,_objc_retain,0x9F8C,sub_9F8C
CraneSB.dylib,0x213D0,_objc_retainAutoreleasedReturnValue,0x9F8C,sub_9F8C
CraneSB.dylib,0x1F0DC,_localize,0xA1A8,sub_A1A8
CraneSB.dylib,0x21370,_objc_msgSend,0xA1A8,sub_A1A8
CraneSB.dylib,0x213A0,_objc_release,0xA1A8,sub_A1A8
CraneSB.dylib,0x213AC,_objc_retain,0xA1A8,sub_A1A8
CraneSB.dylib,0x213D0,_objc_retainAutoreleasedReturnValue,0xA1A8,sub_A1A8
CraneSB.dylib,0x1ED64,_launchApplicationOnContainerSelectionEnabled,0xA204,sub_A204
CraneSB.dylib,0x212D4,_objc_alloc,0xA204,sub_A204
CraneSB.dylib,0x21328,_objc_destroyWeak,0xA204,sub_A204
CraneSB.dylib,0x2134C,_objc_getClass,0xA204,sub_A204
CraneSB.dylib,0x21364,_objc_initWeak,0xA204,sub_A204
CraneSB.dylib,0x21370,_objc_msgSend,0xA204,sub_A204
CraneSB.dylib,0x213A0,_objc_release,0xA204,sub_A204
CraneSB.dylib,0x213AC,_objc_retain,0xA204,sub_A204
CraneSB.dylib,0x213B8,_objc_retainAutorelease,0xA204,sub_A204
CraneSB.dylib,0x213D0,_objc_retainAutoreleasedReturnValue,0xA204,sub_A204
CraneSB.dylib,0x21118,__Unwind_Resume,0xA474,sub_A474
CraneSB.dylib,0x21328,_objc_destroyWeak,0xA474,sub_A474
CraneSB.dylib,0x20124,+[ClientContainerCache sharedInstance],0xA4A0,_containerIDForXPCConnection
CraneSB.dylib,0x205CC,-[ClientContainerCache activeContainerIdentifierForPid:],0xA4A0,_containerIDForXPCConnection
CraneSB.dylib,0x20F58,sub_20F58,0xA4A0,_containerIDForXPCConnection
CraneSB.dylib,0x2134C,_objc_getClass,0xA4A0,_containerIDForXPCConnection
CraneSB.dylib,0x21370,_objc_msgSend,0xA4A0,_containerIDForXPCConnection
CraneSB.dylib,0x213A0,_objc_release,0xA4A0,_containerIDForXPCConnection
CraneSB.dylib,0x213AC,_objc_retain,0xA4A0,_containerIDForXPCConnection
CraneSB.dylib,0x213B8,_objc_retainAutorelease,0xA4A0,_containerIDForXPCConnection
CraneSB.dylib,0x213D0,_objc_retainAutoreleasedReturnValue,0xA4A0,_containerIDForXPCConnection
CraneSB.dylib,0x210B8,_NSClassFromString,0xA658,_existingBadgeCountForApplication
CraneSB.dylib,0x212D4,_objc_alloc,0xA658,_existingBadgeCountForApplication
CraneSB.dylib,0x21370,_objc_msgSend,0xA658,_existingBadgeCountForApplication
CraneSB.dylib,0x213A0,_objc_release,0xA658,_existingBadgeCountForApplication
CraneSB.dylib,0x213AC,_objc_retain,0xA658,_existingBadgeCountForApplication
CraneSB.dylib,0x213D0,_objc_retainAutoreleasedReturnValue,0xA658,_existingBadgeCountForApplication
CraneSB.dylib,0x210B8,_NSClassFromString,0xA774,_setExistingBadgeCountForApplication
CraneSB.dylib,0x212D4,_objc_alloc,0xA774,_setExistingBadgeCountForApplication
CraneSB.dylib,0x21370,_objc_msgSend,0xA774,_setExistingBadgeCountForApplication
CraneSB.dylib,0x213A0,_objc_release,0xA774,_setExistingBadgeCountForApplication
CraneSB.dylib,0x213AC,_objc_retain,0xA774,_setExistingBadgeCountForApplication
CraneSB.dylib,0x213D0,_objc_retainAutoreleasedReturnValue,0xA774,_setExistingBadgeCountForApplication
CraneSB.dylib,0xA990,sub_A990,0xA860,_badgeCountStoreGetContainerCount
CraneSB.dylib,0x21370,_objc_msgSend,0xA860,_badgeCountStoreGetContainerCount
CraneSB.dylib,0x213A0,_objc_release,0xA860,_badgeCountStoreGetContainerCount
CraneSB.dylib,0x213AC,_objc_retain,0xA860,_badgeCountStoreGetContainerCount
CraneSB.dylib,0x213D0,_objc_retainAutoreleasedReturnValue,0xA860,_badgeCountStoreGetContainerCount
CraneSB.dylib,0x21370,_objc_msgSend,0xA990,sub_A990
CraneSB.dylib,0x213A0,_objc_release,0xA990,sub_A990
CraneSB.dylib,0x213AC,_objc_retain,0xA990,sub_A990
CraneSB.dylib,0x213D0,_objc_retainAutoreleasedReturnValue,0xA990,sub_A990
CraneSB.dylib,0xA990,sub_A990,0xAA00,_badgeCountStoreGetAppCount
CraneSB.dylib,0x21100,__Block_object_dispose,0xAA00,_badgeCountStoreGetAppCount
CraneSB.dylib,0x21370,_objc_msgSend,0xAA00,_badgeCountStoreGetAppCount
CraneSB.dylib,0x213A0,_objc_release,0xAA00,_badgeCountStoreGetAppCount
CraneSB.dylib,0x213AC,_objc_retain,0xAA00,_badgeCountStoreGetAppCount
CraneSB.dylib,0x213D0,_objc_retainAutoreleasedReturnValue,0xAA00,_badgeCountStoreGetAppCount
CraneSB.dylib,0x21100,__Block_object_dispose,0xAB1C,sub_AB1C
CraneSB.dylib,0x21118,__Unwind_Resume,0xAB1C,sub_AB1C
CraneSB.dylib,0xA860,_badgeCountStoreGetContainerCount,0xAB44,sub_AB44
CraneSB.dylib,0x213A0,_objc_release,0xAB44,sub_AB44
CraneSB.dylib,0x213AC,_objc_retain,0xAB44,sub_AB44
CraneSB.dylib,0x210F4,__Block_object_assign,0xABB0,sub_ABB0
CraneSB.dylib,0x213AC,_objc_retain,0xABB0,sub_ABB0
CraneSB.dylib,0x21100,__Block_object_dispose,0xABF4,sub_ABF4
CraneSB.dylib,0xA774,_setExistingBadgeCountForApplication,0xAC2C,_badgeCountStoreUpdateBadge
CraneSB.dylib,0xAA00,_badgeCountStoreGetAppCount,0xAC2C,_badgeCountStoreUpdateBadge
CraneSB.dylib,0x213AC,_objc_retain,0xAC2C,_badgeCountStoreUpdateBadge
CraneSB.dylib,0x11BB8,sub_11BB8,0xAC68,_badgeCountStoreSetAppDict
CraneSB.dylib,0x21370,_objc_msgSend,0xAC68,_badgeCountStoreSetAppDict
CraneSB.dylib,0x213A0,_objc_release,0xAC68,_badgeCountStoreSetAppDict
CraneSB.dylib,0x213AC,_objc_retain,0xAC68,_badgeCountStoreSetAppDict
CraneSB.dylib,0xA990,sub_A990,0xACD0,_badgeCountStoreSetContainerCount
CraneSB.dylib,0xAC68,_badgeCountStoreSetAppDict,0xACD0,_badgeCountStoreSetContainerCount
CraneSB.dylib,0x21370,_objc_msgSend,0xACD0,_badgeCountStoreSetContainerCount
CraneSB.dylib,0x213A0,_objc_release,0xACD0,_badgeCountStoreSetContainerCount
CraneSB.dylib,0x213AC,_objc_retain,0xACD0,_badgeCountStoreSetContainerCount
CraneSB.dylib,0x213D0,_objc_retainAutoreleasedReturnValue,0xACD0,_badgeCountStoreSetContainerCount
CraneSB.dylib,0x211D8,_dispatch_once,0xADE8,_badgeCountStore_init
CraneSB.dylib,0x7A74,sub_7A74,0xAE20,sub_AE20
CraneSB.dylib,0x11BB8,sub_11BB8,0xAE20,sub_AE20
CraneSB.dylib,0x21100,__Block_object_dispose,0xAE20,sub_AE20
CraneSB.dylib,0x2113C,___stack_chk_fail,0xAE20,sub_AE20
CraneSB.dylib,0x212F8,_objc_autorelease,0xAE20,sub_AE20
CraneSB.dylib,0x21370,_objc_msgSend,0xAE20,sub_AE20
CraneSB.dylib,0x213A0,_objc_release,0xAE20,sub_AE20
CraneSB.dylib,0x213AC,_objc_retain,0xAE20,sub_AE20
CraneSB.dylib,0x213D0,_objc_retainAutoreleasedReturnValue,0xAE20,sub_AE20
CraneSB.dylib,0x21100,__Block_object_dispose,0xAFF0,sub_AFF0
CraneSB.dylib,0x21118,__Unwind_Resume,0xAFF0,sub_AFF0
CraneSB.dylib,0xA658,_existingBadgeCountForApplication,0xB00C,sub_B00C
CraneSB.dylib,0xAC2C,_badgeCountStoreUpdateBadge,0xB00C,sub_B00C
CraneSB.dylib,0xB5DC,sub_B5DC,0xB00C,sub_B00C
CraneSB.dylib,0x21100,__Block_object_dispose,0xB00C,sub_B00C
CraneSB.dylib,0x2113C,___stack_chk_fail,0xB00C,sub_B00C
CraneSB.dylib,0x21334,_objc_enumerationMutation,0xB00C,sub_B00C
CraneSB.dylib,0x2134C,_objc_getClass,0xB00C,sub_B00C
CraneSB.dylib,0x21370,_objc_msgSend,0xB00C,sub_B00C
CraneSB.dylib,0x213A0,_objc_release,0xB00C,sub_B00C
CraneSB.dylib,0x213AC,_objc_retain,0xB00C,sub_B00C
CraneSB.dylib,0x213B8,_objc_retainAutorelease,0xB00C,sub_B00C
CraneSB.dylib,0x213D0,_objc_retainAutoreleasedReturnValue,0xB00C,sub_B00C
CraneSB.dylib,0x21100,__Block_object_dispose,0xB5AC,sub_B5AC
CraneSB.dylib,0x21118,__Unwind_Resume,0xB5AC,sub_B5AC
CraneSB.dylib,0x1EB9C,_notificationRedirectionEnabledForApp,0xB5DC,sub_B5DC
CraneSB.dylib,0x21370,_objc_msgSend,0xB5DC,sub_B5DC
CraneSB.dylib,0x213A0,_objc_release,0xB5DC,sub_B5DC
CraneSB.dylib,0x213AC,_objc_retain,0xB5DC,sub_B5DC
CraneSB.dylib,0x213D0,_objc_retainAutoreleasedReturnValue,0xB5DC,sub_B5DC
CraneSB.dylib,0x21370,_objc_msgSend,0xB688,sub_B688
CraneSB.dylib,0x213A0,_objc_release,0xB688,sub_B688
CraneSB.dylib,0x213AC,_objc_retain,0xB688,sub_B688
CraneSB.dylib,0x213AC,_objc_retain,0xB72C,sub_B72C
CraneSB.dylib,0x21100,__Block_object_dispose,0xB768,sub_B768
CraneSB.dylib,0x213A0,_objc_release,0xB768,sub_B768
CraneSB.dylib,0xBA6C,sub_BA6C,0xB7B8,_tryToModifyNotificationRequestHook
CraneSB.dylib,0x1AEC0,_crane_presentPkdRegistrationError,0xB7B8,_tryToModifyNotificationRequestHook
CraneSB.dylib,0x21100,__Block_object_dispose,0xB7B8,_tryToModifyNotificationRequestHook
CraneSB.dylib,0x21370,_objc_msgSend,0xB7B8,_tryToModifyNotificationRequestHook
CraneSB.dylib,0x213A0,_objc_release,0xB7B8,_tryToModifyNotificationRequestHook
CraneSB.dylib,0x213AC,_objc_retain,0xB7B8,_tryToModifyNotificationRequestHook
CraneSB.dylib,0x213D0,_objc_retainAutoreleasedReturnValue,0xB7B8,_tryToModifyNotificationRequestHook
CraneSB.dylib,0x21400,_objc_unsafeClaimAutoreleasedReturnValue,0xB7B8,_tryToModifyNotificationRequestHook
CraneSB.dylib,0x21100,__Block_object_dispose,0xBA50,sub_BA50
CraneSB.dylib,0x21118,__Unwind_Resume,0xBA50,sub_BA50
CraneSB.dylib,0xB5DC,sub_B5DC,0xBA6C,sub_BA6C
CraneSB.dylib,0x21370,_objc_msgSend,0xBA6C,sub_BA6C
CraneSB.dylib,0x213A0,_objc_release,0xBA6C,sub_BA6C
CraneSB.dylib,0x213AC,_objc_retain,0xBA6C,sub_BA6C
CraneSB.dylib,0x213D0,_objc_retainAutoreleasedReturnValue,0xBA6C,sub_BA6C
CraneSB.dylib,0xAA00,_badgeCountStoreGetAppCount,0xBB04,_privSetBadgeNumberHook
CraneSB.dylib,0xACD0,_badgeCountStoreSetContainerCount,0xBB04,_privSetBadgeNumberHook
CraneSB.dylib,0xB5DC,sub_B5DC,0xBB04,_privSetBadgeNumberHook
CraneSB.dylib,0x21370,_objc_msgSend,0xBB04,_privSetBadgeNumberHook
CraneSB.dylib,0x213A0,_objc_release,0xBB04,_privSetBadgeNumberHook
CraneSB.dylib,0x213AC,_objc_retain,0xBB04,_privSetBadgeNumberHook
CraneSB.dylib,0x213D0,_objc_retainAutoreleasedReturnValue,0xBB04,_privSetBadgeNumberHook
CraneSB.dylib,0xBE18,sub_BE18,0xBD98,sub_BD98
CraneSB.dylib,0x21370,_objc_msgSend,0xBD98,sub_BD98
CraneSB.dylib,0x213A0,_objc_release,0xBD98,sub_BD98
CraneSB.dylib,0x213D0,_objc_retainAutoreleasedReturnValue,0xBD98,sub_BD98
CraneSB.dylib,0x21370,_objc_msgSend,0xBE18,sub_BE18
CraneSB.dylib,0x213A0,_objc_release,0xBE18,sub_BE18
CraneSB.dylib,0x213AC,_objc_retain,0xBE18,sub_BE18
CraneSB.dylib,0x213D0,_objc_retainAutoreleasedReturnValue,0xBE18,sub_BE18
CraneSB.dylib,0xBE18,sub_BE18,0xBE80,sub_BE80
CraneSB.dylib,0x21370,_objc_msgSend,0xBE80,sub_BE80
CraneSB.dylib,0x213A0,_objc_release,0xBE80,sub_BE80
CraneSB.dylib,0x213D0,_objc_retainAutoreleasedReturnValue,0xBE80,sub_BE80
CraneSB.dylib,0xBA6C,sub_BA6C,0xBF00,__queue_saveNotificationRecordHook
CraneSB.dylib,0x21370,_objc_msgSend,0xBF00,__queue_saveNotificationRecordHook
CraneSB.dylib,0x213A0,_objc_release,0xBF00,__queue_saveNotificationRecordHook
CraneSB.dylib,0x213AC,_objc_retain,0xBF00,__queue_saveNotificationRecordHook
CraneSB.dylib,0x213D0,_objc_retainAutoreleasedReturnValue,0xBF00,__queue_saveNotificationRecordHook
CraneSB.dylib,0xB5DC,sub_B5DC,0xC08C,_removePendingNotificationRequestsWithIdentifiers_hook
CraneSB.dylib,0x21370,_objc_msgSend,0xC08C,_removePendingNotificationRequestsWithIdentifiers_hook
CraneSB.dylib,0x213A0,_objc_release,0xC08C,_removePendingNotificationRequestsWithIdentifiers_hook
CraneSB.dylib,0x213AC,_objc_retain,0xC08C,_removePendingNotificationRequestsWithIdentifiers_hook
CraneSB.dylib,0x213D0,_objc_retainAutoreleasedReturnValue,0xC08C,_removePendingNotificationRequestsWithIdentifiers_hook
CraneSB.dylib,0x2113C,___stack_chk_fail,0xC1D4,sub_C1D4
CraneSB.dylib,0x21334,_objc_enumerationMutation,0xC1D4,sub_C1D4
CraneSB.dylib,0x21370,_objc_msgSend,0xC1D4,sub_C1D4
CraneSB.dylib,0x213A0,_objc_release,0xC1D4,sub_C1D4
CraneSB.dylib,0x213AC,_objc_retain,0xC1D4,sub_C1D4
CraneSB.dylib,0x213D0,_objc_retainAutoreleasedReturnValue,0xC1D4,sub_C1D4
CraneSB.dylib,0x213AC,_objc_retain,0xC454,sub_C454
CraneSB.dylib,0x213A0,_objc_release,0xC488,sub_C488
CraneSB.dylib,0xB5DC,sub_B5DC,0xC4B0,_removeAllPendingNotificationRequestsForBundleIdentifier_hook
CraneSB.dylib,0x21370,_objc_msgSend,0xC4B0,_removeAllPendingNotificationRequestsForBundleIdentifier_hook
CraneSB.dylib,0x213A0,_objc_release,0xC4B0,_removeAllPendingNotificationRequestsForBundleIdentifier_hook
CraneSB.dylib,0x213AC,_objc_retain,0xC4B0,_removeAllPendingNotificationRequestsForBundleIdentifier_hook
CraneSB.dylib,0x213D0,_objc_retainAutoreleasedReturnValue,0xC4B0,_removeAllPendingNotificationRequestsForBundleIdentifier_hook
CraneSB.dylib,0x2113C,___stack_chk_fail,0xC5E0,sub_C5E0
CraneSB.dylib,0x21334,_objc_enumerationMutation,0xC5E0,sub_C5E0
CraneSB.dylib,0x21370,_objc_msgSend,0xC5E0,sub_C5E0
CraneSB.dylib,0x213A0,_objc_release,0xC5E0,sub_C5E0
CraneSB.dylib,0x213AC,_objc_retain,0xC5E0,sub_C5E0
CraneSB.dylib,0x213D0,_objc_retainAutoreleasedReturnValue,0xC5E0,sub_C5E0
CraneSB.dylib,0x213AC,_objc_retain,0xC7AC,sub_C7AC
CraneSB.dylib,0x2122C,_dispatch_sync,0xC7D4,_handleUninstall
CraneSB.dylib,0x21370,_objc_msgSend,0xC7D4,_handleUninstall
CraneSB.dylib,0x213A0,_objc_release,0xC7D4,_handleUninstall
CraneSB.dylib,0x213AC,_objc_retain,0xC7D4,_handleUninstall
CraneSB.dylib,0x213D0,_objc_retainAutoreleasedReturnValue,0xC7D4,_handleUninstall
CraneSB.dylib,0xB5DC,sub_B5DC,0xC8B4,sub_C8B4
CraneSB.dylib,0x1FEF0,_buildCraneTopic,0xC8B4,sub_C8B4
CraneSB.dylib,0x2113C,___stack_chk_fail,0xC8B4,sub_C8B4
CraneSB.dylib,0x21334,_objc_enumerationMutation,0xC8B4,sub_C8B4
CraneSB.dylib,0x21370,_objc_msgSend,0xC8B4,sub_C8B4
CraneSB.dylib,0x213A0,_objc_release,0xC8B4,sub_C8B4
CraneSB.dylib,0x213AC,_objc_retain,0xC8B4,sub_C8B4
CraneSB.dylib,0x213D0,_objc_retainAutoreleasedReturnValue,0xC8B4,sub_C8B4
CraneSB.dylib,0x210AC,_MSHookMessageEx,0xCBEC,_initNotificationSupport
CraneSB.dylib,0x210B8,_NSClassFromString,0xCBEC,_initNotificationSupport
CraneSB.dylib,0x2113C,___stack_chk_fail,0xCBEC,_initNotificationSupport
CraneSB.dylib,0x21190,_class_addMethod,0xCBEC,_initNotificationSupport
CraneSB.dylib,0x212E0,_objc_allocateClassPair,0xCBEC,_initNotificationSupport
CraneSB.dylib,0x2134C,_objc_getClass,0xCBEC,_initNotificationSupport
CraneSB.dylib,0x21370,_objc_msgSend,0xCBEC,_initNotificationSupport
CraneSB.dylib,0x21388,_objc_registerClassPair,0xCBEC,_initNotificationSupport
CraneSB.dylib,0x2140C,_object_getClass,0xCBEC,_initNotificationSupport
CraneSB.dylib,0x21370,_objc_msgSend,0xD55C,sub_D55C
CraneSB.dylib,0x213A0,_objc_release,0xD55C,sub_D55C
CraneSB.dylib,0x213AC,_objc_retain,0xD55C,sub_D55C
CraneSB.dylib,0x213D0,_objc_retainAutoreleasedReturnValue,0xD55C,sub_D55C
CraneSB.dylib,0x21370,_objc_msgSend,0xD6B4,sub_D6B4
CraneSB.dylib,0x213A0,_objc_release,0xD6B4,sub_D6B4
CraneSB.dylib,0x213AC,_objc_retain,0xD6B4,sub_D6B4
CraneSB.dylib,0x213D0,_objc_retainAutoreleasedReturnValue,0xD6B4,sub_D6B4
CraneSB.dylib,0x21370,_objc_msgSend,0xD80C,sub_D80C
CraneSB.dylib,0x213A0,_objc_release,0xD80C,sub_D80C
CraneSB.dylib,0x213AC,_objc_retain,0xD80C,sub_D80C
CraneSB.dylib,0x213D0,_objc_retainAutoreleasedReturnValue,0xD80C,sub_D80C
CraneSB.dylib,0x1FEF0,_buildCraneTopic,0xD958,sub_D958
CraneSB.dylib,0x21370,_objc_msgSend,0xD958,sub_D958
CraneSB.dylib,0x213A0,_objc_release,0xD958,sub_D958
CraneSB.dylib,0x213AC,_objc_retain,0xD958,sub_D958
CraneSB.dylib,0x213D0,_objc_retainAutoreleasedReturnValue,0xD958,sub_D958
CraneSB.dylib,0xB5DC,sub_B5DC,0xDA30,sub_DA30
CraneSB.dylib,0x11D74,sub_11D74,0xDA30,sub_DA30
CraneSB.dylib,0x1AA34,_crane_presentApsdRegistrationError,0xDA30,sub_DA30
CraneSB.dylib,0x1FEF0,_buildCraneTopic,0xDA30,sub_DA30
CraneSB.dylib,0x20124,+[ClientContainerCache sharedInstance],0xDA30,sub_DA30
CraneSB.dylib,0x205CC,-[ClientContainerCache activeContainerIdentifierForPid:],0xDA30,sub_DA30
CraneSB.dylib,0x21370,_objc_msgSend,0xDA30,sub_DA30
CraneSB.dylib,0x213A0,_objc_release,0xDA30,sub_DA30
CraneSB.dylib,0x213AC,_objc_retain,0xDA30,sub_DA30
CraneSB.dylib,0x213D0,_objc_retainAutoreleasedReturnValue,0xDA30,sub_DA30
CraneSB.dylib,0xB5DC,sub_B5DC,0xDC5C,sub_DC5C
CraneSB.dylib,0x11D74,sub_11D74,0xDC5C,sub_DC5C
CraneSB.dylib,0x1FEF0,_buildCraneTopic,0xDC5C,sub_DC5C
CraneSB.dylib,0x20124,+[ClientContainerCache sharedInstance],0xDC5C,sub_DC5C
CraneSB.dylib,0x205CC,-[ClientContainerCache activeContainerIdentifierForPid:],0xDC5C,sub_DC5C
CraneSB.dylib,0x21370,_objc_msgSend,0xDC5C,sub_DC5C
CraneSB.dylib,0x213A0,_objc_release,0xDC5C,sub_DC5C
CraneSB.dylib,0x213AC,_objc_retain,0xDC5C,sub_DC5C
CraneSB.dylib,0x213D0,_objc_retainAutoreleasedReturnValue,0xDC5C,sub_DC5C
CraneSB.dylib,0x1FF68,_isCraneTopic,0xDE54,sub_DE54
CraneSB.dylib,0x1FF7C,_decodeCraneTopic,0xDE54,sub_DE54
CraneSB.dylib,0x213A0,_objc_release,0xDE54,sub_DE54
CraneSB.dylib,0x213AC,_objc_retain,0xDE54,sub_DE54
CraneSB.dylib,0x213D0,_objc_retainAutoreleasedReturnValue,0xDE54,sub_DE54
CraneSB.dylib,0x2134C,_objc_getClass,0xDEEC,sub_DEEC
CraneSB.dylib,0x21370,_objc_msgSend,0xDEEC,sub_DEEC
CraneSB.dylib,0x213B8,_objc_retainAutorelease,0xDEEC,sub_DEEC
CraneSB.dylib,0x213D0,_objc_retainAutoreleasedReturnValue,0xDEEC,sub_DEEC
CraneSB.dylib,0x21418,_object_setClass,0xDEEC,sub_DEEC
CraneSB.dylib,0xB5DC,sub_B5DC,0xDF68,sub_DF68
CraneSB.dylib,0x11D74,sub_11D74,0xDF68,sub_DF68
CraneSB.dylib,0x1AA34,_crane_presentApsdRegistrationError,0xDF68,sub_DF68
CraneSB.dylib,0x1FEF0,_buildCraneTopic,0xDF68,sub_DF68
CraneSB.dylib,0x20018,_CRObjHasIvar,0xDF68,sub_DF68
CraneSB.dylib,0x20124,+[ClientContainerCache sharedInstance],0xDF68,sub_DF68
CraneSB.dylib,0x205CC,-[ClientContainerCache activeContainerIdentifierForPid:],0xDF68,sub_DF68
CraneSB.dylib,0x21370,_objc_msgSend,0xDF68,sub_DF68
CraneSB.dylib,0x213A0,_objc_release,0xDF68,sub_DF68
CraneSB.dylib,0x213AC,_objc_retain,0xDF68,sub_DF68
CraneSB.dylib,0x213D0,_objc_retainAutoreleasedReturnValue,0xDF68,sub_DF68
CraneSB.dylib,0xB5DC,sub_B5DC,0xE194,sub_E194
CraneSB.dylib,0x11D74,sub_11D74,0xE194,sub_E194
CraneSB.dylib,0x1FEF0,_buildCraneTopic,0xE194,sub_E194
CraneSB.dylib,0x20124,+[ClientContainerCache sharedInstance],0xE194,sub_E194
CraneSB.dylib,0x205CC,-[ClientContainerCache activeContainerIdentifierForPid:],0xE194,sub_E194
CraneSB.dylib,0x21370,_objc_msgSend,0xE194,sub_E194
CraneSB.dylib,0x213A0,_objc_release,0xE194,sub_E194
CraneSB.dylib,0x213AC,_objc_retain,0xE194,sub_E194
CraneSB.dylib,0x213D0,_objc_retainAutoreleasedReturnValue,0xE194,sub_E194
CraneSB.dylib,0x1FF68,_isCraneTopic,0xE2C4,sub_E2C4
CraneSB.dylib,0x1FF7C,_decodeCraneTopic,0xE2C4,sub_E2C4
CraneSB.dylib,0x21370,_objc_msgSend,0xE2C4,sub_E2C4
CraneSB.dylib,0x213A0,_objc_release,0xE2C4,sub_E2C4
CraneSB.dylib,0x213AC,_objc_retain,0xE2C4,sub_E2C4
CraneSB.dylib,0x213D0,_objc_retainAutoreleasedReturnValue,0xE2C4,sub_E2C4
CraneSB.dylib,0x1FF68,_isCraneTopic,0xE448,sub_E448
CraneSB.dylib,0x1FF7C,_decodeCraneTopic,0xE448,sub_E448
CraneSB.dylib,0x213A0,_objc_release,0xE448,sub_E448
CraneSB.dylib,0x213AC,_objc_retain,0xE448,sub_E448
CraneSB.dylib,0x1FF68,_isCraneTopic,0xE4DC,sub_E4DC
CraneSB.dylib,0x1FF7C,_decodeCraneTopic,0xE4DC,sub_E4DC
CraneSB.dylib,0x213A0,_objc_release,0xE4DC,sub_E4DC
CraneSB.dylib,0x213AC,_objc_retain,0xE4DC,sub_E4DC
CraneSB.dylib,0x1FF68,_isCraneTopic,0xE570,sub_E570
CraneSB.dylib,0x1FF7C,_decodeCraneTopic,0xE570,sub_E570
CraneSB.dylib,0x213A0,_objc_release,0xE570,sub_E570
CraneSB.dylib,0x213AC,_objc_retain,0xE570,sub_E570
CraneSB.dylib,0x1FF68,_isCraneTopic,0xE604,sub_E604
CraneSB.dylib,0x1FF7C,_decodeCraneTopic,0xE604,sub_E604
CraneSB.dylib,0x213A0,_objc_release,0xE604,sub_E604
CraneSB.dylib,0x213AC,_objc_retain,0xE604,sub_E604
CraneSB.dylib,0x1FF68,_isCraneTopic,0xE698,sub_E698
CraneSB.dylib,0x1FF7C,_decodeCraneTopic,0xE698,sub_E698
CraneSB.dylib,0x213A0,_objc_release,0xE698,sub_E698
CraneSB.dylib,0x213AC,_objc_retain,0xE698,sub_E698
CraneSB.dylib,0x213D0,_objc_retainAutoreleasedReturnValue,0xE698,sub_E698
CraneSB.dylib,0x21370,_objc_msgSend,0xE730,sub_E730
CraneSB.dylib,0x213A0,_objc_release,0xE730,sub_E730
CraneSB.dylib,0x213AC,_objc_retain,0xE730,sub_E730
CraneSB.dylib,0x213D0,_objc_retainAutoreleasedReturnValue,0xE730,sub_E730
CraneSB.dylib,0x1FF68,_isCraneTopic,0xE94C,sub_E94C
CraneSB.dylib,0x1FF7C,_decodeCraneTopic,0xE94C,sub_E94C
CraneSB.dylib,0x21370,_objc_msgSend,0xE94C,sub_E94C
CraneSB.dylib,0x213A0,_objc_release,0xE94C,sub_E94C
CraneSB.dylib,0x213AC,_objc_retain,0xE94C,sub_E94C
CraneSB.dylib,0x1FF68,_isCraneTopic,0xEA50,sub_EA50
CraneSB.dylib,0x1FF7C,_decodeCraneTopic,0xEA50,sub_EA50
CraneSB.dylib,0x20124,+[ClientContainerCache sharedInstance],0xEA50,sub_EA50
CraneSB.dylib,0x205CC,-[ClientContainerCache activeContainerIdentifierForPid:],0xEA50,sub_EA50
CraneSB.dylib,0x21370,_objc_msgSend,0xEA50,sub_EA50
CraneSB.dylib,0x213A0,_objc_release,0xEA50,sub_EA50
CraneSB.dylib,0x213AC,_objc_retain,0xEA50,sub_EA50
CraneSB.dylib,0x213D0,_objc_retainAutoreleasedReturnValue,0xEA50,sub_EA50
CraneSB.dylib,0xB5DC,sub_B5DC,0xEBA0,sub_EBA0
CraneSB.dylib,0x1FEF0,_buildCraneTopic,0xEBA0,sub_EBA0
CraneSB.dylib,0x2113C,___stack_chk_fail,0xEBA0,sub_EBA0
CraneSB.dylib,0x21334,_objc_enumerationMutation,0xEBA0,sub_EBA0
CraneSB.dylib,0x21370,_objc_msgSend,0xEBA0,sub_EBA0
CraneSB.dylib,0x213A0,_objc_release,0xEBA0,sub_EBA0
CraneSB.dylib,0x213AC,_objc_retain,0xEBA0,sub_EBA0
CraneSB.dylib,0x213D0,_objc_retainAutoreleasedReturnValue,0xEBA0,sub_EBA0
CraneSB.dylib,0xBE18,sub_BE18,0xEDF4,sub_EDF4
CraneSB.dylib,0x1EB9C,_notificationRedirectionEnabledForApp,0xEDF4,sub_EDF4
CraneSB.dylib,0x21370,_objc_msgSend,0xEDF4,sub_EDF4
CraneSB.dylib,0x213A0,_objc_release,0xEDF4,sub_EDF4
CraneSB.dylib,0x213AC,_objc_retain,0xEDF4,sub_EDF4
CraneSB.dylib,0x213D0,_objc_retainAutoreleasedReturnValue,0xEDF4,sub_EDF4
CraneSB.dylib,0xB7B8,_tryToModifyNotificationRequestHook,0xEF84,sub_EF84
CraneSB.dylib,0x213A0,_objc_release,0xEF84,sub_EF84
CraneSB.dylib,0x213AC,_objc_retain,0xEF84,sub_EF84
CraneSB.dylib,0xB7B8,_tryToModifyNotificationRequestHook,0xF094,sub_F094
CraneSB.dylib,0x213A0,_objc_release,0xF094,sub_F094
CraneSB.dylib,0x213AC,_objc_retain,0xF094,sub_F094
CraneSB.dylib,0xC7D4,_handleUninstall,0xF19C,sub_F19C
CraneSB.dylib,0x213AC,_objc_retain,0xF19C,sub_F19C
CraneSB.dylib,0xC7D4,_handleUninstall,0xF1F8,sub_F1F8
CraneSB.dylib,0x213AC,_objc_retain,0xF1F8,sub_F1F8
CraneSB.dylib,0xBA6C,sub_BA6C,0xF254,sub_F254
CraneSB.dylib,0x211C0,_dispatch_async,0xF254,sub_F254
CraneSB.dylib,0x21370,_objc_msgSend,0xF254,sub_F254
CraneSB.dylib,0x213A0,_objc_release,0xF254,sub_F254
CraneSB.dylib,0x213AC,_objc_retain,0xF254,sub_F254
CraneSB.dylib,0x213D0,_objc_retainAutoreleasedReturnValue,0xF254,sub_F254
CraneSB.dylib,0xA4A0,_containerIDForXPCConnection,0xF398,sub_F398
CraneSB.dylib,0xB5DC,sub_B5DC,0xF398,sub_F398
CraneSB.dylib,0x21370,_objc_msgSend,0xF398,sub_F398
CraneSB.dylib,0x213A0,_objc_release,0xF398,sub_F398
CraneSB.dylib,0x213AC,_objc_retain,0xF398,sub_F398
CraneSB.dylib,0x213D0,_objc_retainAutoreleasedReturnValue,0xF398,sub_F398
CraneSB.dylib,0x213DC,_objc_retainBlock,0xF398,sub_F398
CraneSB.dylib,0xB5DC,sub_B5DC,0xF524,sub_F524
CraneSB.dylib,0x21370,_objc_msgSend,0xF524,sub_F524
CraneSB.dylib,0x213AC,_objc_retain,0xF524,sub_F524
CraneSB.dylib,0xA4A0,_containerIDForXPCConnection,0xF59C,sub_F59C
CraneSB.dylib,0xB5DC,sub_B5DC,0xF59C,sub_F59C
CraneSB.dylib,0xBE18,sub_BE18,0xF59C,sub_F59C
CraneSB.dylib,0x21370,_objc_msgSend,0xF59C,sub_F59C
CraneSB.dylib,0x213A0,_objc_release,0xF59C,sub_F59C
CraneSB.dylib,0x213AC,_objc_retain,0xF59C,sub_F59C
CraneSB.dylib,0x213D0,_objc_retainAutoreleasedReturnValue,0xF59C,sub_F59C
CraneSB.dylib,0xA4A0,_containerIDForXPCConnection,0xF750,sub_F750
CraneSB.dylib,0xB5DC,sub_B5DC,0xF750,sub_F750
CraneSB.dylib,0xBE18,sub_BE18,0xF750,sub_F750
CraneSB.dylib,0x2113C,___stack_chk_fail,0xF750,sub_F750
CraneSB.dylib,0x21334,_objc_enumerationMutation,0xF750,sub_F750
CraneSB.dylib,0x21370,_objc_msgSend,0xF750,sub_F750
CraneSB.dylib,0x213A0,_objc_release,0xF750,sub_F750
CraneSB.dylib,0x213AC,_objc_retain,0xF750,sub_F750
CraneSB.dylib,0x213D0,_objc_retainAutoreleasedReturnValue,0xF750,sub_F750
CraneSB.dylib,0xA4A0,_containerIDForXPCConnection,0xFA20,sub_FA20
CraneSB.dylib,0xB5DC,sub_B5DC,0xFA20,sub_FA20
CraneSB.dylib,0x21370,_objc_msgSend,0xFA20,sub_FA20
CraneSB.dylib,0x213A0,_objc_release,0xFA20,sub_FA20
CraneSB.dylib,0x213AC,_objc_retain,0xFA20,sub_FA20
CraneSB.dylib,0x213D0,_objc_retainAutoreleasedReturnValue,0xFA20,sub_FA20
CraneSB.dylib,0x213DC,_objc_retainBlock,0xFA20,sub_FA20
CraneSB.dylib,0xBB04,_privSetBadgeNumberHook,0xFBB4,sub_FBB4
CraneSB.dylib,0x213A0,_objc_release,0xFBB4,sub_FBB4
CraneSB.dylib,0x213AC,_objc_retain,0xFBB4,sub_FBB4
CraneSB.dylib,0xBB04,_privSetBadgeNumberHook,0xFCA8,sub_FCA8
CraneSB.dylib,0x213A0,_objc_release,0xFCA8,sub_FCA8
CraneSB.dylib,0x213AC,_objc_retain,0xFCA8,sub_FCA8
CraneSB.dylib,0xA4A0,_containerIDForXPCConnection,0xFD9C,sub_FD9C
CraneSB.dylib,0xACD0,_badgeCountStoreSetContainerCount,0xFD9C,sub_FD9C
CraneSB.dylib,0xB5DC,sub_B5DC,0xFD9C,sub_FD9C
CraneSB.dylib,0x21370,_objc_msgSend,0xFD9C,sub_FD9C
CraneSB.dylib,0x213A0,_objc_release,0xFD9C,sub_FD9C
CraneSB.dylib,0x213AC,_objc_retain,0xFD9C,sub_FD9C
CraneSB.dylib,0x213D0,_objc_retainAutoreleasedReturnValue,0xFD9C,sub_FD9C
CraneSB.dylib,0xBF00,__queue_saveNotificationRecordHook,0xFF30,sub_FF30
CraneSB.dylib,0x213A0,_objc_release,0xFF30,sub_FF30
CraneSB.dylib,0x213AC,_objc_retain,0xFF30,sub_FF30
CraneSB.dylib,0xBF00,__queue_saveNotificationRecordHook,0x10050,sub_10050
CraneSB.dylib,0x213A0,_objc_release,0x10050,sub_10050
CraneSB.dylib,0x213AC,_objc_retain,0x10050,sub_10050
CraneSB.dylib,0xBF00,__queue_saveNotificationRecordHook,0x10138,sub_10138
CraneSB.dylib,0x213A0,_objc_release,0x10138,sub_10138
CraneSB.dylib,0x213AC,_objc_retain,0x10138,sub_10138
CraneSB.dylib,0x2134C,_objc_getClass,0x10218,sub_10218
CraneSB.dylib,0x21370,_objc_msgSend,0x10218,sub_10218
CraneSB.dylib,0x213A0,_objc_release,0x10218,sub_10218
CraneSB.dylib,0x213AC,_objc_retain,0x10218,sub_10218
CraneSB.dylib,0x213B8,_objc_retainAutorelease,0x10218,sub_10218
CraneSB.dylib,0x213D0,_objc_retainAutoreleasedReturnValue,0x10218,sub_10218
CraneSB.dylib,0x1235C,sub_1235C,0x10350,sub_10350
CraneSB.dylib,0x1FF68,_isCraneTopic,0x10350,sub_10350
CraneSB.dylib,0x1FF7C,_decodeCraneTopic,0x10350,sub_10350
CraneSB.dylib,0x21370,_objc_msgSend,0x10350,sub_10350
CraneSB.dylib,0x213A0,_objc_release,0x10350,sub_10350
CraneSB.dylib,0x213AC,_objc_retain,0x10350,sub_10350
CraneSB.dylib,0x213D0,_objc_retainAutoreleasedReturnValue,0x10350,sub_10350
CraneSB.dylib,0xA4A0,_containerIDForXPCConnection,0x104AC,sub_104AC
CraneSB.dylib,0xB5DC,sub_B5DC,0x104AC,sub_104AC
CraneSB.dylib,0x1235C,sub_1235C,0x104AC,sub_104AC
CraneSB.dylib,0x2113C,___stack_chk_fail,0x104AC,sub_104AC
CraneSB.dylib,0x21334,_objc_enumerationMutation,0x104AC,sub_104AC
CraneSB.dylib,0x21370,_objc_msgSend,0x104AC,sub_104AC
CraneSB.dylib,0x213A0,_objc_release,0x104AC,sub_104AC
CraneSB.dylib,0x213AC,_objc_retain,0x104AC,sub_104AC
CraneSB.dylib,0x213D0,_objc_retainAutoreleasedReturnValue,0x104AC,sub_104AC
CraneSB.dylib,0xA4A0,_containerIDForXPCConnection,0x1072C,sub_1072C
CraneSB.dylib,0xB5DC,sub_B5DC,0x1072C,sub_1072C
CraneSB.dylib,0x1235C,sub_1235C,0x1072C,sub_1072C
CraneSB.dylib,0x21370,_objc_msgSend,0x1072C,sub_1072C
CraneSB.dylib,0x213A0,_objc_release,0x1072C,sub_1072C
CraneSB.dylib,0x213AC,_objc_retain,0x1072C,sub_1072C
CraneSB.dylib,0x213D0,_objc_retainAutoreleasedReturnValue,0x1072C,sub_1072C
CraneSB.dylib,0xA4A0,_containerIDForXPCConnection,0x108F4,sub_108F4
CraneSB.dylib,0xB5DC,sub_B5DC,0x108F4,sub_108F4
CraneSB.dylib,0x1235C,sub_1235C,0x108F4,sub_108F4
CraneSB.dylib,0x21370,_objc_msgSend,0x108F4,sub_108F4
CraneSB.dylib,0x213A0,_objc_release,0x108F4,sub_108F4
CraneSB.dylib,0x213AC,_objc_retain,0x108F4,sub_108F4
CraneSB.dylib,0x213D0,_objc_retainAutoreleasedReturnValue,0x108F4,sub_108F4
CraneSB.dylib,0x1FEF0,_buildCraneTopic,0x10AD8,sub_10AD8
CraneSB.dylib,0x210B8,_NSClassFromString,0x10AD8,sub_10AD8
CraneSB.dylib,0x21370,_objc_msgSend,0x10AD8,sub_10AD8
CraneSB.dylib,0x213A0,_objc_release,0x10AD8,sub_10AD8
CraneSB.dylib,0x213AC,_objc_retain,0x10AD8,sub_10AD8
CraneSB.dylib,0x213D0,_objc_retainAutoreleasedReturnValue,0x10AD8,sub_10AD8
CraneSB.dylib,0xA860,_badgeCountStoreGetContainerCount,0x10BEC,sub_10BEC
CraneSB.dylib,0xAC2C,_badgeCountStoreUpdateBadge,0x10BEC,sub_10BEC
CraneSB.dylib,0xACD0,_badgeCountStoreSetContainerCount,0x10BEC,sub_10BEC
CraneSB.dylib,0x213A0,_objc_release,0x10BEC,sub_10BEC
CraneSB.dylib,0x213AC,_objc_retain,0x10BEC,sub_10BEC
CraneSB.dylib,0xAC2C,_badgeCountStoreUpdateBadge,0x10CB0,sub_10CB0
CraneSB.dylib,0xACD0,_badgeCountStoreSetContainerCount,0x10CB0,sub_10CB0
CraneSB.dylib,0x213A0,_objc_release,0x10CB0,sub_10CB0
CraneSB.dylib,0x213AC,_objc_retain,0x10CB0,sub_10CB0
CraneSB.dylib,0xA4A0,_containerIDForXPCConnection,0x10D10,sub_10D10
CraneSB.dylib,0xB5DC,sub_B5DC,0x10D10,sub_10D10
CraneSB.dylib,0x21370,_objc_msgSend,0x10D10,sub_10D10
CraneSB.dylib,0x213A0,_objc_release,0x10D10,sub_10D10
CraneSB.dylib,0x213AC,_objc_retain,0x10D10,sub_10D10
CraneSB.dylib,0x213D0,_objc_retainAutoreleasedReturnValue,0x10D10,sub_10D10
CraneSB.dylib,0x213DC,_objc_retainBlock,0x10D10,sub_10D10
CraneSB.dylib,0xC08C,_removePendingNotificationRequestsWithIdentifiers_hook,0x10EA4,sub_10EA4
CraneSB.dylib,0x213A0,_objc_release,0x10EA4,sub_10EA4
CraneSB.dylib,0x213AC,_objc_retain,0x10EA4,sub_10EA4
CraneSB.dylib,0xC08C,_removePendingNotificationRequestsWithIdentifiers_hook,0x10F94,sub_10F94
CraneSB.dylib,0x213A0,_objc_release,0x10F94,sub_10F94
CraneSB.dylib,0x213AC,_objc_retain,0x10F94,sub_10F94
CraneSB.dylib,0xC4B0,_removeAllPendingNotificationRequestsForBundleIdentifier_hook,0x11044,sub_11044
CraneSB.dylib,0x213A0,_objc_release,0x11044,sub_11044
CraneSB.dylib,0x213AC,_objc_retain,0x11044,sub_11044
CraneSB.dylib,0xC4B0,_removeAllPendingNotificationRequestsForBundleIdentifier_hook,0x11110,sub_11110
CraneSB.dylib,0x213A0,_objc_release,0x11110,sub_11110
CraneSB.dylib,0x213AC,_objc_retain,0x11110,sub_11110
CraneSB.dylib,0xBA6C,sub_BA6C,0x1119C,sub_1119C
CraneSB.dylib,0x1235C,sub_1235C,0x1119C,sub_1119C
CraneSB.dylib,0x21370,_objc_msgSend,0x1119C,sub_1119C
CraneSB.dylib,0x213A0,_objc_release,0x1119C,sub_1119C
CraneSB.dylib,0x213AC,_objc_retain,0x1119C,sub_1119C
CraneSB.dylib,0x213D0,_objc_retainAutoreleasedReturnValue,0x1119C,sub_1119C
CraneSB.dylib,0xBA6C,sub_BA6C,0x11420,sub_11420
CraneSB.dylib,0x21370,_objc_msgSend,0x11420,sub_11420
CraneSB.dylib,0x213A0,_objc_release,0x11420,sub_11420
CraneSB.dylib,0x213AC,_objc_retain,0x11420,sub_11420
CraneSB.dylib,0x213D0,_objc_retainAutoreleasedReturnValue,0x11420,sub_11420
CraneSB.dylib,0xBE18,sub_BE18,0x115F4,sub_115F4
CraneSB.dylib,0x1235C,sub_1235C,0x115F4,sub_115F4
CraneSB.dylib,0x21370,_objc_msgSend,0x115F4,sub_115F4
CraneSB.dylib,0x213A0,_objc_release,0x115F4,sub_115F4
CraneSB.dylib,0x213AC,_objc_retain,0x115F4,sub_115F4
CraneSB.dylib,0x213D0,_objc_retainAutoreleasedReturnValue,0x115F4,sub_115F4
CraneSB.dylib,0x126E8,sub_126E8,0x1172C,sub_1172C
CraneSB.dylib,0x212D4,_objc_alloc,0x1172C,sub_1172C
CraneSB.dylib,0x2134C,_objc_getClass,0x1172C,sub_1172C
CraneSB.dylib,0x21370,_objc_msgSend,0x1172C,sub_1172C
CraneSB.dylib,0x213A0,_objc_release,0x1172C,sub_1172C
CraneSB.dylib,0x213AC,_objc_retain,0x1172C,sub_1172C
CraneSB.dylib,0x213B8,_objc_retainAutorelease,0x1172C,sub_1172C
CraneSB.dylib,0x213D0,_objc_retainAutoreleasedReturnValue,0x1172C,sub_1172C
CraneSB.dylib,0xBE18,sub_BE18,0x11884,sub_11884
CraneSB.dylib,0x21370,_objc_msgSend,0x11884,sub_11884
CraneSB.dylib,0x213A0,_objc_release,0x11884,sub_11884
CraneSB.dylib,0x213AC,_objc_retain,0x11884,sub_11884
CraneSB.dylib,0x213D0,_objc_retainAutoreleasedReturnValue,0x11884,sub_11884
CraneSB.dylib,0x126E8,sub_126E8,0x11984,sub_11984
CraneSB.dylib,0x21370,_objc_msgSend,0x11984,sub_11984
CraneSB.dylib,0x213A0,_objc_release,0x11984,sub_11984
CraneSB.dylib,0x213AC,_objc_retain,0x11984,sub_11984
CraneSB.dylib,0x213D0,_objc_retainAutoreleasedReturnValue,0x11984,sub_11984
CraneSB.dylib,0x21358,_objc_getProtocol,0x11AF8,sub_11AF8
CraneSB.dylib,0x213A0,_objc_release,0x11AF8,sub_11AF8
CraneSB.dylib,0x213AC,_objc_retain,0x11AF8,sub_11AF8
CraneSB.dylib,0x213D0,_objc_retainAutoreleasedReturnValue,0x11AF8,sub_11AF8
CraneSB.dylib,0x21430,_protocol_isEqual,0x11AF8,sub_11AF8
CraneSB.dylib,0x7A74,sub_7A74,0x11BB8,sub_11BB8
CraneSB.dylib,0x2113C,___stack_chk_fail,0x11BB8,sub_11BB8
CraneSB.dylib,0x212F8,_objc_autorelease,0x11BB8,sub_11BB8
CraneSB.dylib,0x21370,_objc_msgSend,0x11BB8,sub_11BB8
CraneSB.dylib,0x213A0,_objc_release,0x11BB8,sub_11BB8
CraneSB.dylib,0x213D0,_objc_retainAutoreleasedReturnValue,0x11BB8,sub_11BB8
CraneSB.dylib,0x21370,_objc_msgSend,0x11CA4,sub_11CA4
CraneSB.dylib,0x213A0,_objc_release,0x11CA4,sub_11CA4
CraneSB.dylib,0x213D0,_objc_retainAutoreleasedReturnValue,0x11CA4,sub_11CA4
CraneSB.dylib,0x21100,__Block_object_dispose,0x11D74,sub_11D74
CraneSB.dylib,0x21370,_objc_msgSend,0x11D74,sub_11D74
CraneSB.dylib,0x213A0,_objc_release,0x11D74,sub_11D74
CraneSB.dylib,0x213D0,_objc_retainAutoreleasedReturnValue,0x11D74,sub_11D74
CraneSB.dylib,0x21100,__Block_object_dispose,0x11E28,sub_11E28
CraneSB.dylib,0x21118,__Unwind_Resume,0x11E28,sub_11E28
CraneSB.dylib,0x21370,_objc_msgSend,0x11E44,sub_11E44
CraneSB.dylib,0x213A0,_objc_release,0x11E44,sub_11E44
CraneSB.dylib,0x213D0,_objc_retainAutoreleasedReturnValue,0x11E44,sub_11E44
CraneSB.dylib,0x213AC,_objc_retain,0x11F34,sub_11F34
CraneSB.dylib,0x213A0,_objc_release,0x11F64,sub_11F64
CraneSB.dylib,0xBE18,sub_BE18,0x11FC0,sub_11FC0
CraneSB.dylib,0x21370,_objc_msgSend,0x11FC0,sub_11FC0
CraneSB.dylib,0x213A0,_objc_release,0x11FC0,sub_11FC0
CraneSB.dylib,0x213AC,_objc_retain,0x11FC0,sub_11FC0
CraneSB.dylib,0x213D0,_objc_retainAutoreleasedReturnValue,0x11FC0,sub_11FC0
CraneSB.dylib,0x210F4,__Block_object_assign,0x12078,sub_12078
CraneSB.dylib,0xBE18,sub_BE18,0x120B0,sub_120B0
CraneSB.dylib,0x2113C,___stack_chk_fail,0x120B0,sub_120B0
CraneSB.dylib,0x21334,_objc_enumerationMutation,0x120B0,sub_120B0
CraneSB.dylib,0x21370,_objc_msgSend,0x120B0,sub_120B0
CraneSB.dylib,0x213A0,_objc_release,0x120B0,sub_120B0
CraneSB.dylib,0x213AC,_objc_retain,0x120B0,sub_120B0
CraneSB.dylib,0x213D0,_objc_retainAutoreleasedReturnValue,0x120B0,sub_120B0
CraneSB.dylib,0x21370,_objc_msgSend,0x1235C,sub_1235C
CraneSB.dylib,0x213A0,_objc_release,0x1235C,sub_1235C
CraneSB.dylib,0x213AC,_objc_retain,0x1235C,sub_1235C
CraneSB.dylib,0xBE18,sub_BE18,0x12424,sub_12424
CraneSB.dylib,0x2113C,___stack_chk_fail,0x12424,sub_12424
CraneSB.dylib,0x21334,_objc_enumerationMutation,0x12424,sub_12424
CraneSB.dylib,0x21370,_objc_msgSend,0x12424,sub_12424
CraneSB.dylib,0x213A0,_objc_release,0x12424,sub_12424
CraneSB.dylib,0x213AC,_objc_retain,0x12424,sub_12424
CraneSB.dylib,0x213D0,_objc_retainAutoreleasedReturnValue,0x12424,sub_12424
CraneSB.dylib,0x21370,_objc_msgSend,0x126E8,sub_126E8
CraneSB.dylib,0x213D0,_objc_retainAutoreleasedReturnValue,0x126E8,sub_126E8
CraneSB.dylib,0x21060,sub_21060,0x12718,sub_12718
CraneSB.dylib,0x7A74,sub_7A74,0x12720,_openCraneSettingsWithApplicationIdentifier
CraneSB.dylib,0x2113C,___stack_chk_fail,0x12720,_openCraneSettingsWithApplicationIdentifier
CraneSB.dylib,0x212D4,_objc_alloc,0x12720,_openCraneSettingsWithApplicationIdentifier
CraneSB.dylib,0x212F8,_objc_autorelease,0x12720,_openCraneSettingsWithApplicationIdentifier
CraneSB.dylib,0x21370,_objc_msgSend,0x12720,_openCraneSettingsWithApplicationIdentifier
CraneSB.dylib,0x213A0,_objc_release,0x12720,_openCraneSettingsWithApplicationIdentifier
CraneSB.dylib,0x213AC,_objc_retain,0x12720,_openCraneSettingsWithApplicationIdentifier
CraneSB.dylib,0x213D0,_objc_retainAutoreleasedReturnValue,0x12720,_openCraneSettingsWithApplicationIdentifier
CraneSB.dylib,0x21370,_objc_msgSend,0x12AD0,_checkKeychainVersion
CraneSB.dylib,0x213A0,_objc_release,0x12AD0,_checkKeychainVersion
CraneSB.dylib,0x213D0,_objc_retainAutoreleasedReturnValue,0x12AD0,_checkKeychainVersion
CraneSB.dylib,0x1F0DC,_localize,0x12B3C,_handleAppLaunchContainerPicker
CraneSB.dylib,0x2113C,___stack_chk_fail,0x12B3C,_handleAppLaunchContainerPicker
CraneSB.dylib,0x21334,_objc_enumerationMutation,0x12B3C,_handleAppLaunchContainerPicker
CraneSB.dylib,0x21370,_objc_msgSend,0x12B3C,_handleAppLaunchContainerPicker
CraneSB.dylib,0x213A0,_objc_release,0x12B3C,_handleAppLaunchContainerPicker
CraneSB.dylib,0x213AC,_objc_retain,0x12B3C,_handleAppLaunchContainerPicker
CraneSB.dylib,0x213D0,_objc_retainAutoreleasedReturnValue,0x12B3C,_handleAppLaunchContainerPicker
CraneSB.dylib,0x21370,_objc_msgSend,0x13130,sub_13130
CraneSB.dylib,0x213A0,_objc_release,0x13130,sub_13130
CraneSB.dylib,0x213AC,_objc_retain,0x13130,sub_13130
CraneSB.dylib,0x213D0,_objc_retainAutoreleasedReturnValue,0x13130,sub_13130
CraneSB.dylib,0x212D4,_objc_alloc,0x13234,sub_13234
CraneSB.dylib,0x2134C,_objc_getClass,0x13234,sub_13234
CraneSB.dylib,0x21370,_objc_msgSend,0x13234,sub_13234
CraneSB.dylib,0x213B8,_objc_retainAutorelease,0x13234,sub_13234
CraneSB.dylib,0x210F4,__Block_object_assign,0x132BC,sub_132BC
CraneSB.dylib,0x213AC,_objc_retain,0x132BC,sub_132BC
CraneSB.dylib,0x213A0,_objc_release,0x13300,sub_13300
CraneSB.dylib,0x21340,_objc_getAssociatedObject,0x13338,sub_13338
CraneSB.dylib,0x21370,_objc_msgSend,0x13338,sub_13338
CraneSB.dylib,0x213A0,_objc_release,0x13338,sub_13338
CraneSB.dylib,0x213D0,_objc_retainAutoreleasedReturnValue,0x13338,sub_13338
CraneSB.dylib,0x21370,_objc_msgSend,0x13390,sub_13390
CraneSB.dylib,0x213A0,_objc_release,0x13390,sub_13390
CraneSB.dylib,0x213AC,_objc_retain,0x13390,sub_13390
CraneSB.dylib,0x213D0,_objc_retainAutoreleasedReturnValue,0x13390,sub_13390
CraneSB.dylib,0x213E8,_objc_setAssociatedObject,0x13390,sub_13390
CraneSB.dylib,0x21340,_objc_getAssociatedObject,0x13420,sub_13420
CraneSB.dylib,0x21370,_objc_msgSend,0x13420,sub_13420
CraneSB.dylib,0x213A0,_objc_release,0x13420,sub_13420
CraneSB.dylib,0x213D0,_objc_retainAutoreleasedReturnValue,0x13420,sub_13420
CraneSB.dylib,0x21370,_objc_msgSend,0x13478,sub_13478
CraneSB.dylib,0x213A0,_objc_release,0x13478,sub_13478
CraneSB.dylib,0x213AC,_objc_retain,0x13478,sub_13478
CraneSB.dylib,0x213D0,_objc_retainAutoreleasedReturnValue,0x13478,sub_13478
CraneSB.dylib,0x213E8,_objc_setAssociatedObject,0x13478,sub_13478
CraneSB.dylib,0x210B8,_NSClassFromString,0x13508,_configureCellHook
CraneSB.dylib,0x2134C,_objc_getClass,0x13508,_configureCellHook
CraneSB.dylib,0x21370,_objc_msgSend,0x13508,_configureCellHook
CraneSB.dylib,0x213A0,_objc_release,0x13508,_configureCellHook
CraneSB.dylib,0x213AC,_objc_retain,0x13508,_configureCellHook
CraneSB.dylib,0x213B8,_objc_retainAutorelease,0x13508,_configureCellHook
CraneSB.dylib,0x213D0,_objc_retainAutoreleasedReturnValue,0x13508,_configureCellHook
CraneSB.dylib,0x21418,_object_setClass,0x13508,_configureCellHook
CraneSB.dylib,0xA860,_badgeCountStoreGetContainerCount,0x137FC,_crane_replacementMenu
CraneSB.dylib,0x1C064,+[CRBadgeAction actionWithTitle:badgeText:image:identifier:associatedApplicationIdentifier:handler:],0x137FC,_crane_replacementMenu
CraneSB.dylib,0x1C1C0,+[CRSubtitleMenu menuWithTitle:subtitle:image:identifier:options:children:],0x137FC,_crane_replacementMenu
CraneSB.dylib,0x1EB9C,_notificationRedirectionEnabledForApp,0x137FC,_crane_replacementMenu
CraneSB.dylib,0x1EDE4,_expandContainersShortcutEnabled,0x137FC,_crane_replacementMenu
CraneSB.dylib,0x1EEF0,_newContainerShortcutEnabled,0x137FC,_crane_replacementMenu
CraneSB.dylib,0x1EF7C,_showContainerNotificationBadgesEnabled,0x137FC,_crane_replacementMenu
CraneSB.dylib,0x1F0DC,_localize,0x137FC,_crane_replacementMenu
CraneSB.dylib,0x2113C,___stack_chk_fail,0x137FC,_crane_replacementMenu
CraneSB.dylib,0x21334,_objc_enumerationMutation,0x137FC,_crane_replacementMenu
CraneSB.dylib,0x21370,_objc_msgSend,0x137FC,_crane_replacementMenu
CraneSB.dylib,0x213A0,_objc_release,0x137FC,_crane_replacementMenu
CraneSB.dylib,0x213AC,_objc_retain,0x137FC,_crane_replacementMenu
CraneSB.dylib,0x213D0,_objc_retainAutoreleasedReturnValue,0x137FC,_crane_replacementMenu
CraneSB.dylib,0x213DC,_objc_retainBlock,0x137FC,_crane_replacementMenu
CraneSB.dylib,0x1ED64,_launchApplicationOnContainerSelectionEnabled,0x14214,sub_14214
CraneSB.dylib,0x212D4,_objc_alloc,0x14214,sub_14214
CraneSB.dylib,0x2134C,_objc_getClass,0x14214,sub_14214
CraneSB.dylib,0x21370,_objc_msgSend,0x14214,sub_14214
CraneSB.dylib,0x213B8,_objc_retainAutorelease,0x14214,sub_14214
CraneSB.dylib,0x21370,_objc_msgSend,0x14294,sub_14294
CraneSB.dylib,0x213A0,_objc_release,0x14294,sub_14294
CraneSB.dylib,0x213AC,_objc_retain,0x14294,sub_14294
CraneSB.dylib,0x213D0,_objc_retainAutoreleasedReturnValue,0x14294,sub_14294
CraneSB.dylib,0x21238,_dispatch_time,0x143CC,sub_143CC
CraneSB.dylib,0x213AC,_objc_retain,0x14448,sub_14448
CraneSB.dylib,0x211C0,_dispatch_async,0x1448C,sub_1448C
CraneSB.dylib,0x212D4,_objc_alloc,0x1448C,sub_1448C
CraneSB.dylib,0x2134C,_objc_getClass,0x1448C,sub_1448C
CraneSB.dylib,0x21370,_objc_msgSend,0x1448C,sub_1448C
CraneSB.dylib,0x213A0,_objc_release,0x1448C,sub_1448C
CraneSB.dylib,0x213AC,_objc_retain,0x1448C,sub_1448C
CraneSB.dylib,0x213B8,_objc_retainAutorelease,0x1448C,sub_1448C
CraneSB.dylib,0x2134C,_objc_getClass,0x14550,sub_14550
CraneSB.dylib,0x21370,_objc_msgSend,0x14550,sub_14550
CraneSB.dylib,0x213B8,_objc_retainAutorelease,0x14550,sub_14550
CraneSB.dylib,0x213D0,_objc_retainAutoreleasedReturnValue,0x14550,sub_14550
CraneSB.dylib,0x137FC,_crane_replacementMenu,0x145B8,_initWithTitleHook
CraneSB.dylib,0x2113C,___stack_chk_fail,0x145B8,_initWithTitleHook
CraneSB.dylib,0x21334,_objc_enumerationMutation,0x145B8,_initWithTitleHook
CraneSB.dylib,0x21370,_objc_msgSend,0x145B8,_initWithTitleHook
CraneSB.dylib,0x213A0,_objc_release,0x145B8,_initWithTitleHook
CraneSB.dylib,0x213AC,_objc_retain,0x145B8,_initWithTitleHook
CraneSB.dylib,0x213D0,_objc_retainAutoreleasedReturnValue,0x145B8,_initWithTitleHook
CraneSB.dylib,0x21088,_CFNotificationCenterGetDarwinNotifyCenter,0x1486C,_resetContainerByPidCache
CraneSB.dylib,0x7A74,sub_7A74,0x14894,_cranehelperd_start
CraneSB.dylib,0x2113C,___stack_chk_fail,0x14894,_cranehelperd_start
CraneSB.dylib,0x212D4,_objc_alloc,0x14894,_cranehelperd_start
CraneSB.dylib,0x212F8,_objc_autorelease,0x14894,_cranehelperd_start
CraneSB.dylib,0x21370,_objc_msgSend,0x14894,_cranehelperd_start
CraneSB.dylib,0x213A0,_objc_release,0x14894,_cranehelperd_start
CraneSB.dylib,0x213D0,_objc_retainAutoreleasedReturnValue,0x14894,_cranehelperd_start
CraneSB.dylib,0x2134C,_objc_getClass,0x1497C,_initUIMenuHooks
CraneSB.dylib,0x21370,_objc_msgSend,0x1497C,_initUIMenuHooks
CraneSB.dylib,0x145B8,_initWithTitleHook,0x149F8,sub_149F8
CraneSB.dylib,0x213A0,_objc_release,0x149F8,sub_149F8
CraneSB.dylib,0x213AC,_objc_retain,0x149F8,sub_149F8
CraneSB.dylib,0x213D0,_objc_retainAutoreleasedReturnValue,0x149F8,sub_149F8
CraneSB.dylib,0x145B8,_initWithTitleHook,0x14B88,sub_14B88
CraneSB.dylib,0x213A0,_objc_release,0x14B88,sub_14B88
CraneSB.dylib,0x213AC,_objc_retain,0x14B88,sub_14B88
CraneSB.dylib,0x213D0,_objc_retainAutoreleasedReturnValue,0x14B88,sub_14B88
CraneSB.dylib,0x211D8,_dispatch_once,0x14CE0,_initApplicationShortcutHooks
CraneSB.dylib,0x210AC,_MSHookMessageEx,0x14D18,sub_14D18
CraneSB.dylib,0x210B8,_NSClassFromString,0x14D18,sub_14D18
CraneSB.dylib,0x21130,___snprintf_chk,0x14D18,sub_14D18
CraneSB.dylib,0x2113C,___stack_chk_fail,0x14D18,sub_14D18
CraneSB.dylib,0x21190,_class_addMethod,0x14D18,sub_14D18
CraneSB.dylib,0x2119C,_class_addProperty,0x14D18,sub_14D18
CraneSB.dylib,0x2134C,_objc_getClass,0x14D18,sub_14D18
CraneSB.dylib,0x21370,_objc_msgSend,0x15204,sub_15204
CraneSB.dylib,0x21370,_objc_msgSend,0x15240,sub_15240
CraneSB.dylib,0x213A0,_objc_release,0x15240,sub_15240
CraneSB.dylib,0x213D0,_objc_retainAutoreleasedReturnValue,0x15240,sub_15240
CraneSB.dylib,0x212D4,_objc_alloc,0x152B8,sub_152B8
CraneSB.dylib,0x2134C,_objc_getClass,0x152B8,sub_152B8
CraneSB.dylib,0x21370,_objc_msgSend,0x152B8,sub_152B8
CraneSB.dylib,0x213A0,_objc_release,0x152B8,sub_152B8
CraneSB.dylib,0x213B8,_objc_retainAutorelease,0x152B8,sub_152B8
CraneSB.dylib,0x213D0,_objc_retainAutoreleasedReturnValue,0x152B8,sub_152B8
CraneSB.dylib,0x21370,_objc_msgSend,0x15490,sub_15490
CraneSB.dylib,0x213A0,_objc_release,0x15490,sub_15490
CraneSB.dylib,0x213AC,_objc_retain,0x15490,sub_15490
CraneSB.dylib,0x213D0,_objc_retainAutoreleasedReturnValue,0x15490,sub_15490
CraneSB.dylib,0x210D0,_UIGraphicsBeginImageContextWithOptions,0x1555C,sub_1555C
CraneSB.dylib,0x210DC,_UIGraphicsEndImageContext,0x1555C,sub_1555C
CraneSB.dylib,0x210E8,_UIGraphicsGetImageFromCurrentImageContext,0x1555C,sub_1555C
CraneSB.dylib,0x21370,_objc_msgSend,0x1555C,sub_1555C
CraneSB.dylib,0x213A0,_objc_release,0x1555C,sub_1555C
CraneSB.dylib,0x213AC,_objc_retain,0x1555C,sub_1555C
CraneSB.dylib,0x213D0,_objc_retainAutoreleasedReturnValue,0x1555C,sub_1555C
CraneSB.dylib,0x213DC,_objc_retainBlock,0x1555C,sub_1555C
CraneSB.dylib,0x1EDE4,_expandContainersShortcutEnabled,0x15D00,sub_15D00
CraneSB.dylib,0x21370,_objc_msgSend,0x15D00,sub_15D00
CraneSB.dylib,0x213A0,_objc_release,0x15D00,sub_15D00
CraneSB.dylib,0x213D0,_objc_retainAutoreleasedReturnValue,0x15D00,sub_15D00
CraneSB.dylib,0x1EDE4,_expandContainersShortcutEnabled,0x15D8C,sub_15D8C
CraneSB.dylib,0x21370,_objc_msgSend,0x15D8C,sub_15D8C
CraneSB.dylib,0x213A0,_objc_release,0x15D8C,sub_15D8C
CraneSB.dylib,0x213D0,_objc_retainAutoreleasedReturnValue,0x15D8C,sub_15D8C
CraneSB.dylib,0x1ECD8,_applicationShortcutsEnabled,0x15E20,sub_15E20
CraneSB.dylib,0x1EDE4,_expandContainersShortcutEnabled,0x15E20,sub_15E20
CraneSB.dylib,0x1EE64,_onlyShowIfContainersExistEnabled,0x15E20,sub_15E20
CraneSB.dylib,0x2113C,___stack_chk_fail,0x15E20,sub_15E20
CraneSB.dylib,0x212D4,_objc_alloc,0x15E20,sub_15E20
CraneSB.dylib,0x2134C,_objc_getClass,0x15E20,sub_15E20
CraneSB.dylib,0x21370,_objc_msgSend,0x15E20,sub_15E20
CraneSB.dylib,0x213A0,_objc_release,0x15E20,sub_15E20
CraneSB.dylib,0x213AC,_objc_retain,0x15E20,sub_15E20
CraneSB.dylib,0x213B8,_objc_retainAutorelease,0x15E20,sub_15E20
CraneSB.dylib,0x213D0,_objc_retainAutoreleasedReturnValue,0x15E20,sub_15E20
CraneSB.dylib,0x1ECD8,_applicationShortcutsEnabled,0x1611C,sub_1611C
CraneSB.dylib,0x21370,_objc_msgSend,0x1611C,sub_1611C
CraneSB.dylib,0x213A0,_objc_release,0x1611C,sub_1611C
CraneSB.dylib,0x213AC,_objc_retain,0x1611C,sub_1611C
CraneSB.dylib,0x213D0,_objc_retainAutoreleasedReturnValue,0x1611C,sub_1611C
CraneSB.dylib,0x13508,_configureCellHook,0x1621C,sub_1621C
CraneSB.dylib,0x210C4,_NSLog,0x1621C,sub_1621C
CraneSB.dylib,0x213A0,_objc_release,0x1621C,sub_1621C
CraneSB.dylib,0x213AC,_objc_retain,0x1621C,sub_1621C
CraneSB.dylib,0x13508,_configureCellHook,0x16398,sub_16398
CraneSB.dylib,0x210C4,_NSLog,0x16398,sub_16398
CraneSB.dylib,0x213A0,_objc_release,0x16398,sub_16398
CraneSB.dylib,0x213AC,_objc_retain,0x16398,sub_16398
CraneSB.dylib,0x13508,_configureCellHook,0x164A8,sub_164A8
CraneSB.dylib,0x213A0,_objc_release,0x164A8,sub_164A8
CraneSB.dylib,0x213AC,_objc_retain,0x164A8,sub_164A8
CraneSB.dylib,0x21370,_objc_msgSend,0x16598,sub_16598
CraneSB.dylib,0x213A0,_objc_release,0x16598,sub_16598
CraneSB.dylib,0x213AC,_objc_retain,0x16598,sub_16598
CraneSB.dylib,0x213C4,_objc_retainAutoreleaseReturnValue,0x16598,sub_16598
CraneSB.dylib,0x213D0,_objc_retainAutoreleasedReturnValue,0x16598,sub_16598
CraneSB.dylib,0x21370,_objc_msgSend,0x166B0,sub_166B0
CraneSB.dylib,0x213A0,_objc_release,0x166B0,sub_166B0
CraneSB.dylib,0x213AC,_objc_retain,0x166B0,sub_166B0
CraneSB.dylib,0x213D0,_objc_retainAutoreleasedReturnValue,0x166B0,sub_166B0
CraneSB.dylib,0x21418,_object_setClass,0x166B0,sub_166B0
CraneSB.dylib,0x210C4,_NSLog,0x16820,sub_16820
CraneSB.dylib,0x21370,_objc_msgSend,0x16820,sub_16820
CraneSB.dylib,0x213A0,_objc_release,0x16820,sub_16820
CraneSB.dylib,0x213AC,_objc_retain,0x16820,sub_16820
CraneSB.dylib,0x213D0,_objc_retainAutoreleasedReturnValue,0x16820,sub_16820
CraneSB.dylib,0x21418,_object_setClass,0x16820,sub_16820
CraneSB.dylib,0x211D8,_dispatch_once,0x169B8,_initApplicationShortcutLateHooks_12Down
CraneSB.dylib,0x210AC,_MSHookMessageEx,0x169F0,sub_169F0
CraneSB.dylib,0x2113C,___stack_chk_fail,0x169F0,sub_169F0
CraneSB.dylib,0x21190,_class_addMethod,0x169F0,sub_169F0
CraneSB.dylib,0x2134C,_objc_getClass,0x169F0,sub_169F0
CraneSB.dylib,0xA860,_badgeCountStoreGetContainerCount,0x16A90,sub_16A90
CraneSB.dylib,0x1EB9C,_notificationRedirectionEnabledForApp,0x16A90,sub_16A90
CraneSB.dylib,0x1EDE4,_expandContainersShortcutEnabled,0x16A90,sub_16A90
CraneSB.dylib,0x1EEF0,_newContainerShortcutEnabled,0x16A90,sub_16A90
CraneSB.dylib,0x1EF7C,_showContainerNotificationBadgesEnabled,0x16A90,sub_16A90
CraneSB.dylib,0x1F0DC,_localize,0x16A90,sub_16A90
CraneSB.dylib,0x2113C,___stack_chk_fail,0x16A90,sub_16A90
CraneSB.dylib,0x212D4,_objc_alloc,0x16A90,sub_16A90
CraneSB.dylib,0x21334,_objc_enumerationMutation,0x16A90,sub_16A90
CraneSB.dylib,0x2134C,_objc_getClass,0x16A90,sub_16A90
CraneSB.dylib,0x21370,_objc_msgSend,0x16A90,sub_16A90
CraneSB.dylib,0x213A0,_objc_release,0x16A90,sub_16A90
CraneSB.dylib,0x213B8,_objc_retainAutorelease,0x16A90,sub_16A90
CraneSB.dylib,0x213D0,_objc_retainAutoreleasedReturnValue,0x16A90,sub_16A90
CraneSB.dylib,0x1ECD8,_applicationShortcutsEnabled,0x170A4,sub_170A4
CraneSB.dylib,0x1EDE4,_expandContainersShortcutEnabled,0x170A4,sub_170A4
CraneSB.dylib,0x1EE64,_onlyShowIfContainersExistEnabled,0x170A4,sub_170A4
CraneSB.dylib,0x1F0DC,_localize,0x170A4,sub_170A4
CraneSB.dylib,0x2113C,___stack_chk_fail,0x170A4,sub_170A4
CraneSB.dylib,0x212D4,_objc_alloc,0x170A4,sub_170A4
CraneSB.dylib,0x212F8,_objc_autorelease,0x170A4,sub_170A4
CraneSB.dylib,0x2134C,_objc_getClass,0x170A4,sub_170A4
CraneSB.dylib,0x21370,_objc_msgSend,0x170A4,sub_170A4
CraneSB.dylib,0x213A0,_objc_release,0x170A4,sub_170A4
CraneSB.dylib,0x213AC,_objc_retain,0x170A4,sub_170A4
CraneSB.dylib,0x213B8,_objc_retainAutorelease,0x170A4,sub_170A4
CraneSB.dylib,0x213D0,_objc_retainAutoreleasedReturnValue,0x170A4,sub_170A4
CraneSB.dylib,0x210AC,_MSHookMessageEx,0x17620,_initRunningboarddErrorAlertHooks
CraneSB.dylib,0x2113C,___stack_chk_fail,0x17620,_initRunningboarddErrorAlertHooks
CraneSB.dylib,0x21190,_class_addMethod,0x17620,_initRunningboarddErrorAlertHooks
CraneSB.dylib,0x2134C,_objc_getClass,0x17620,_initRunningboarddErrorAlertHooks
CraneSB.dylib,0x213A0,_objc_release,0x17768,sub_17768
CraneSB.dylib,0x213AC,_objc_retain,0x17768,sub_17768
CraneSB.dylib,0x19E70,_crane_presentDaemonError,0x177D0,sub_177D0
CraneSB.dylib,0x213AC,_objc_retain,0x177D0,sub_177D0
CraneSB.dylib,0x12AD0,_checkKeychainVersion,0x1782C,_didFinishLaunching
CraneSB.dylib,0x14894,_cranehelperd_start,0x1782C,_didFinishLaunching
CraneSB.dylib,0x1ECD8,_applicationShortcutsEnabled,0x1782C,_didFinishLaunching
CraneSB.dylib,0x21088,_CFNotificationCenterGetDarwinNotifyCenter,0x1782C,_didFinishLaunching
CraneSB.dylib,0x210A0,_CFNotificationCenterPostNotification,0x1782C,_didFinishLaunching
CraneSB.dylib,0x211C0,_dispatch_async,0x1782C,_didFinishLaunching
CraneSB.dylib,0x211CC,_dispatch_get_global_queue,0x1782C,_didFinishLaunching
CraneSB.dylib,0x211D8,_dispatch_once,0x1782C,_didFinishLaunching
CraneSB.dylib,0x21370,_objc_msgSend,0x1782C,_didFinishLaunching
CraneSB.dylib,0x213A0,_objc_release,0x1782C,_didFinishLaunching
CraneSB.dylib,0x213D0,_objc_retainAutoreleasedReturnValue,0x1782C,_didFinishLaunching
CraneSB.dylib,0x213AC,_objc_retain,0x179C4,sub_179C4
CraneSB.dylib,0x213F4,_objc_storeStrong,0x179C4,sub_179C4
CraneSB.dylib,0x7A74,sub_7A74,0x17A14,_crane_initSpringBoard
CraneSB.dylib,0x7F58,_initCRBadgeContextMenuActionView,0x17A14,_crane_initSpringBoard
CraneSB.dylib,0xCBEC,_initNotificationSupport,0x17A14,_crane_initSpringBoard
CraneSB.dylib,0x1497C,_initUIMenuHooks,0x17A14,_crane_initSpringBoard
CraneSB.dylib,0x17620,_initRunningboarddErrorAlertHooks,0x17A14,_crane_initSpringBoard
CraneSB.dylib,0x1BBB8,_crane_initChoicyIntegration,0x17A14,_crane_initSpringBoard
CraneSB.dylib,0x1C580,+[CraneActivatorManager startIfPossible],0x17A14,_crane_initSpringBoard
CraneSB.dylib,0x1ECD8,_applicationShortcutsEnabled,0x17A14,_crane_initSpringBoard
CraneSB.dylib,0x2107C,_CFNotificationCenterAddObserver,0x17A14,_crane_initSpringBoard
CraneSB.dylib,0x21088,_CFNotificationCenterGetDarwinNotifyCenter,0x17A14,_crane_initSpringBoard
CraneSB.dylib,0x21094,_CFNotificationCenterGetLocalCenter,0x17A14,_crane_initSpringBoard
CraneSB.dylib,0x210AC,_MSHookMessageEx,0x17A14,_crane_initSpringBoard
CraneSB.dylib,0x2113C,___stack_chk_fail,0x17A14,_crane_initSpringBoard
CraneSB.dylib,0x21190,_class_addMethod,0x17A14,_crane_initSpringBoard
CraneSB.dylib,0x211D8,_dispatch_once,0x17A14,_crane_initSpringBoard
CraneSB.dylib,0x212F8,_objc_autorelease,0x17A14,_crane_initSpringBoard
CraneSB.dylib,0x21304,_objc_autoreleasePoolPop,0x17A14,_crane_initSpringBoard
CraneSB.dylib,0x21310,_objc_autoreleasePoolPush,0x17A14,_crane_initSpringBoard
CraneSB.dylib,0x2134C,_objc_getClass,0x17A14,_crane_initSpringBoard
CraneSB.dylib,0x21370,_objc_msgSend,0x17A14,_crane_initSpringBoard
CraneSB.dylib,0x213A0,_objc_release,0x17A14,_crane_initSpringBoard
CraneSB.dylib,0x213D0,_objc_retainAutoreleasedReturnValue,0x17A14,_crane_initSpringBoard
CraneSB.dylib,0x20124,+[ClientContainerCache sharedInstance],0x17D28,sub_17D28
CraneSB.dylib,0x205CC,-[ClientContainerCache activeContainerIdentifierForPid:],0x17D28,sub_17D28
CraneSB.dylib,0x21370,_objc_msgSend,0x17D28,sub_17D28
CraneSB.dylib,0x213A0,_objc_release,0x17D28,sub_17D28
CraneSB.dylib,0x213AC,_objc_retain,0x17D28,sub_17D28
CraneSB.dylib,0x213D0,_objc_retainAutoreleasedReturnValue,0x17D28,sub_17D28
CraneSB.dylib,0x19A2C,_crane_presentLibSandyNotWorkingError,0x17DF4,sub_17DF4
CraneSB.dylib,0x212B0,_libSandy_works,0x17DF4,sub_17DF4
CraneSB.dylib,0x21370,_objc_msgSend,0x17DF4,sub_17DF4
CraneSB.dylib,0x213A0,_objc_release,0x17DF4,sub_17DF4
CraneSB.dylib,0x213AC,_objc_retain,0x17DF4,sub_17DF4
CraneSB.dylib,0x213D0,_objc_retainAutoreleasedReturnValue,0x17DF4,sub_17DF4
CraneSB.dylib,0x19A2C,_crane_presentLibSandyNotWorkingError,0x17F14,sub_17F14
CraneSB.dylib,0x212B0,_libSandy_works,0x17F14,sub_17F14
CraneSB.dylib,0x21370,_objc_msgSend,0x17F14,sub_17F14
CraneSB.dylib,0x213A0,_objc_release,0x17F14,sub_17F14
CraneSB.dylib,0x213AC,_objc_retain,0x17F14,sub_17F14
CraneSB.dylib,0x213D0,_objc_retainAutoreleasedReturnValue,0x17F14,sub_17F14
CraneSB.dylib,0x21370,_objc_msgSend,0x1801C,sub_1801C
CraneSB.dylib,0x213A0,_objc_release,0x1801C,sub_1801C
CraneSB.dylib,0x213AC,_objc_retain,0x1801C,sub_1801C
CraneSB.dylib,0x213D0,_objc_retainAutoreleasedReturnValue,0x1801C,sub_1801C
CraneSB.dylib,0x1B360,_crane_containerToRedirectTo,0x180F0,sub_180F0
CraneSB.dylib,0x1B45C,_crane_applyEnvironmentChanges,0x180F0,sub_180F0
CraneSB.dylib,0x21370,_objc_msgSend,0x180F0,sub_180F0
CraneSB.dylib,0x213A0,_objc_release,0x180F0,sub_180F0
CraneSB.dylib,0x213AC,_objc_retain,0x180F0,sub_180F0
CraneSB.dylib,0x213D0,_objc_retainAutoreleasedReturnValue,0x180F0,sub_180F0
CraneSB.dylib,0x21370,_objc_msgSend,0x18238,sub_18238
CraneSB.dylib,0x213A0,_objc_release,0x18238,sub_18238
CraneSB.dylib,0x213AC,_objc_retain,0x18238,sub_18238
CraneSB.dylib,0x213DC,_objc_retainBlock,0x18238,sub_18238
CraneSB.dylib,0x12B3C,_handleAppLaunchContainerPicker,0x18354,sub_18354
CraneSB.dylib,0x1F008,_alwaysAskBeforeLaunchEnabled,0x18354,sub_18354
CraneSB.dylib,0x2134C,_objc_getClass,0x18354,sub_18354
CraneSB.dylib,0x21370,_objc_msgSend,0x18354,sub_18354
CraneSB.dylib,0x213A0,_objc_release,0x18354,sub_18354
CraneSB.dylib,0x213AC,_objc_retain,0x18354,sub_18354
CraneSB.dylib,0x213B8,_objc_retainAutorelease,0x18354,sub_18354
CraneSB.dylib,0x213D0,_objc_retainAutoreleasedReturnValue,0x18354,sub_18354
CraneSB.dylib,0x12B3C,_handleAppLaunchContainerPicker,0x18580,sub_18580
CraneSB.dylib,0x1F008,_alwaysAskBeforeLaunchEnabled,0x18580,sub_18580
CraneSB.dylib,0x21370,_objc_msgSend,0x18580,sub_18580
CraneSB.dylib,0x213A0,_objc_release,0x18580,sub_18580
CraneSB.dylib,0x213AC,_objc_retain,0x18580,sub_18580
CraneSB.dylib,0x213D0,_objc_retainAutoreleasedReturnValue,0x18580,sub_18580
CraneSB.dylib,0x12B3C,_handleAppLaunchContainerPicker,0x18710,sub_18710
CraneSB.dylib,0x1F008,_alwaysAskBeforeLaunchEnabled,0x18710,sub_18710
CraneSB.dylib,0x21370,_objc_msgSend,0x18710,sub_18710
CraneSB.dylib,0x213A0,_objc_release,0x18710,sub_18710
CraneSB.dylib,0x213AC,_objc_retain,0x18710,sub_18710
CraneSB.dylib,0x213D0,_objc_retainAutoreleasedReturnValue,0x18710,sub_18710
CraneSB.dylib,0x213A0,_objc_release,0x188B4,sub_188B4
CraneSB.dylib,0x213AC,_objc_retain,0x188B4,sub_188B4
CraneSB.dylib,0x213AC,_objc_retain,0x1891C,sub_1891C
CraneSB.dylib,0x213A0,_objc_release,0x1895C,sub_1895C
CraneSB.dylib,0x213A0,_objc_release,0x1899C,sub_1899C
CraneSB.dylib,0x213AC,_objc_retain,0x1899C,sub_1899C
CraneSB.dylib,0x213AC,_objc_retain,0x18A04,sub_18A04
CraneSB.dylib,0x21370,_objc_msgSend,0x18A3C,sub_18A3C
CraneSB.dylib,0x213A0,_objc_release,0x18A3C,sub_18A3C
CraneSB.dylib,0x213AC,_objc_retain,0x18A3C,sub_18A3C
CraneSB.dylib,0x213D0,_objc_retainAutoreleasedReturnValue,0x18A3C,sub_18A3C
CraneSB.dylib,0x213DC,_objc_retainBlock,0x18A3C,sub_18A3C
CraneSB.dylib,0x2134C,_objc_getClass,0x18B4C,sub_18B4C
CraneSB.dylib,0x21370,_objc_msgSend,0x18B4C,sub_18B4C
CraneSB.dylib,0x213A0,_objc_release,0x18B4C,sub_18B4C
CraneSB.dylib,0x213B8,_objc_retainAutorelease,0x18B4C,sub_18B4C
CraneSB.dylib,0x213D0,_objc_retainAutoreleasedReturnValue,0x18B4C,sub_18B4C
CraneSB.dylib,0x1ED64,_launchApplicationOnContainerSelectionEnabled,0x18D08,sub_18D08
CraneSB.dylib,0x21370,_objc_msgSend,0x18D08,sub_18D08
CraneSB.dylib,0x213A0,_objc_release,0x18D08,sub_18D08
CraneSB.dylib,0x213AC,_objc_retain,0x18D08,sub_18D08
CraneSB.dylib,0x213D0,_objc_retainAutoreleasedReturnValue,0x18D08,sub_18D08
CraneSB.dylib,0x1ED64,_launchApplicationOnContainerSelectionEnabled,0x18E84,sub_18E84
CraneSB.dylib,0x21370,_objc_msgSend,0x18E84,sub_18E84
CraneSB.dylib,0x213D0,_objc_retainAutoreleasedReturnValue,0x18E84,sub_18E84
CraneSB.dylib,0x211C0,_dispatch_async,0x18F04,sub_18F04
CraneSB.dylib,0x212D4,_objc_alloc,0x18F04,sub_18F04
CraneSB.dylib,0x2134C,_objc_getClass,0x18F04,sub_18F04
CraneSB.dylib,0x21370,_objc_msgSend,0x18F04,sub_18F04
CraneSB.dylib,0x213A0,_objc_release,0x18F04,sub_18F04
CraneSB.dylib,0x213AC,_objc_retain,0x18F04,sub_18F04
CraneSB.dylib,0x213B8,_objc_retainAutorelease,0x18F04,sub_18F04
CraneSB.dylib,0x213D0,_objc_retainAutoreleasedReturnValue,0x18F04,sub_18F04
CraneSB.dylib,0x2134C,_objc_getClass,0x19000,sub_19000
CraneSB.dylib,0x21370,_objc_msgSend,0x19000,sub_19000
CraneSB.dylib,0x213B8,_objc_retainAutorelease,0x19000,sub_19000
CraneSB.dylib,0x213D0,_objc_retainAutoreleasedReturnValue,0x19000,sub_19000
CraneSB.dylib,0x212D4,_objc_alloc,0x190D4,sub_190D4
CraneSB.dylib,0x2134C,_objc_getClass,0x190D4,sub_190D4
CraneSB.dylib,0x21370,_objc_msgSend,0x190D4,sub_190D4
CraneSB.dylib,0x213A0,_objc_release,0x190D4,sub_190D4
CraneSB.dylib,0x213AC,_objc_retain,0x190D4,sub_190D4
CraneSB.dylib,0x213B8,_objc_retainAutorelease,0x190D4,sub_190D4
CraneSB.dylib,0x213D0,_objc_retainAutoreleasedReturnValue,0x190D4,sub_190D4
CraneSB.dylib,0x21370,_objc_msgSend,0x194EC,sub_194EC
CraneSB.dylib,0x213A0,_objc_release,0x194EC,sub_194EC
CraneSB.dylib,0x213AC,_objc_retain,0x194EC,sub_194EC
CraneSB.dylib,0x213D0,_objc_retainAutoreleasedReturnValue,0x194EC,sub_194EC
CraneSB.dylib,0x19E70,_crane_presentDaemonError,0x19608,sub_19608
CraneSB.dylib,0x1A68C,_crane_presentMainDylibNotLoadedError,0x19608,sub_19608
CraneSB.dylib,0x2113C,___stack_chk_fail,0x19608,sub_19608
CraneSB.dylib,0x21370,_objc_msgSend,0x19608,sub_19608
CraneSB.dylib,0x213A0,_objc_release,0x19608,sub_19608
CraneSB.dylib,0x213D0,_objc_retainAutoreleasedReturnValue,0x19608,sub_19608
CraneSB.dylib,0x1F0DC,_localize,0x197A4,_crane_stringifyDaemons
CraneSB.dylib,0x21370,_objc_msgSend,0x197A4,_crane_stringifyDaemons
CraneSB.dylib,0x213A0,_objc_release,0x197A4,_crane_stringifyDaemons
CraneSB.dylib,0x213AC,_objc_retain,0x197A4,_crane_stringifyDaemons
CraneSB.dylib,0x213D0,_objc_retainAutoreleasedReturnValue,0x197A4,_crane_stringifyDaemons
CraneSB.dylib,0x1F0DC,_localize,0x19A2C,_crane_presentLibSandyNotWorkingError
CraneSB.dylib,0x1FC88,_isDylibLoaded,0x19A2C,_crane_presentLibSandyNotWorkingError
CraneSB.dylib,0x2113C,___stack_chk_fail,0x19A2C,_crane_presentLibSandyNotWorkingError
CraneSB.dylib,0x211C0,_dispatch_async,0x19A2C,_crane_presentLibSandyNotWorkingError
CraneSB.dylib,0x212D4,_objc_alloc,0x19A2C,_crane_presentLibSandyNotWorkingError
CraneSB.dylib,0x2134C,_objc_getClass,0x19A2C,_crane_presentLibSandyNotWorkingError
CraneSB.dylib,0x21370,_objc_msgSend,0x19A2C,_crane_presentLibSandyNotWorkingError
CraneSB.dylib,0x213A0,_objc_release,0x19A2C,_crane_presentLibSandyNotWorkingError
CraneSB.dylib,0x213AC,_objc_retain,0x19A2C,_crane_presentLibSandyNotWorkingError
CraneSB.dylib,0x213B8,_objc_retainAutorelease,0x19A2C,_crane_presentLibSandyNotWorkingError
CraneSB.dylib,0x213D0,_objc_retainAutoreleasedReturnValue,0x19A2C,_crane_presentLibSandyNotWorkingError
CraneSB.dylib,0x2134C,_objc_getClass,0x19E08,sub_19E08
CraneSB.dylib,0x21370,_objc_msgSend,0x19E08,sub_19E08
CraneSB.dylib,0x213B8,_objc_retainAutorelease,0x19E08,sub_19E08
CraneSB.dylib,0x213D0,_objc_retainAutoreleasedReturnValue,0x19E08,sub_19E08
CraneSB.dylib,0x197A4,_crane_stringifyDaemons,0x19E70,_crane_presentDaemonError
CraneSB.dylib,0x1F0DC,_localize,0x19E70,_crane_presentDaemonError
CraneSB.dylib,0x1FC88,_isDylibLoaded,0x19E70,_crane_presentDaemonError
CraneSB.dylib,0x2113C,___stack_chk_fail,0x19E70,_crane_presentDaemonError
CraneSB.dylib,0x211C0,_dispatch_async,0x19E70,_crane_presentDaemonError
CraneSB.dylib,0x212D4,_objc_alloc,0x19E70,_crane_presentDaemonError
CraneSB.dylib,0x2134C,_objc_getClass,0x19E70,_crane_presentDaemonError
CraneSB.dylib,0x21370,_objc_msgSend,0x19E70,_crane_presentDaemonError
CraneSB.dylib,0x213A0,_objc_release,0x19E70,_crane_presentDaemonError
CraneSB.dylib,0x213AC,_objc_retain,0x19E70,_crane_presentDaemonError
CraneSB.dylib,0x213B8,_objc_retainAutorelease,0x19E70,_crane_presentDaemonError
CraneSB.dylib,0x213D0,_objc_retainAutoreleasedReturnValue,0x19E70,_crane_presentDaemonError
CraneSB.dylib,0x2134C,_objc_getClass,0x1A53C,sub_1A53C
CraneSB.dylib,0x21370,_objc_msgSend,0x1A53C,sub_1A53C
CraneSB.dylib,0x213A0,_objc_release,0x1A53C,sub_1A53C
CraneSB.dylib,0x213B8,_objc_retainAutorelease,0x1A53C,sub_1A53C
CraneSB.dylib,0x213D0,_objc_retainAutoreleasedReturnValue,0x1A53C,sub_1A53C
CraneSB.dylib,0x2134C,_objc_getClass,0x1A624,sub_1A624
CraneSB.dylib,0x21370,_objc_msgSend,0x1A624,sub_1A624
CraneSB.dylib,0x213B8,_objc_retainAutorelease,0x1A624,sub_1A624
CraneSB.dylib,0x213D0,_objc_retainAutoreleasedReturnValue,0x1A624,sub_1A624
CraneSB.dylib,0x1F0DC,_localize,0x1A68C,_crane_presentMainDylibNotLoadedError
CraneSB.dylib,0x2113C,___stack_chk_fail,0x1A68C,_crane_presentMainDylibNotLoadedError
CraneSB.dylib,0x211C0,_dispatch_async,0x1A68C,_crane_presentMainDylibNotLoadedError
CraneSB.dylib,0x212D4,_objc_alloc,0x1A68C,_crane_presentMainDylibNotLoadedError
CraneSB.dylib,0x2134C,_objc_getClass,0x1A68C,_crane_presentMainDylibNotLoadedError
CraneSB.dylib,0x21370,_objc_msgSend,0x1A68C,_crane_presentMainDylibNotLoadedError
CraneSB.dylib,0x213A0,_objc_release,0x1A68C,_crane_presentMainDylibNotLoadedError
CraneSB.dylib,0x213AC,_objc_retain,0x1A68C,_crane_presentMainDylibNotLoadedError
CraneSB.dylib,0x213B8,_objc_retainAutorelease,0x1A68C,_crane_presentMainDylibNotLoadedError
CraneSB.dylib,0x213D0,_objc_retainAutoreleasedReturnValue,0x1A68C,_crane_presentMainDylibNotLoadedError
CraneSB.dylib,0x1F0DC,_localize,0x1A950,sub_1A950
CraneSB.dylib,0x2134C,_objc_getClass,0x1A950,sub_1A950
CraneSB.dylib,0x21370,_objc_msgSend,0x1A950,sub_1A950
CraneSB.dylib,0x213A0,_objc_release,0x1A950,sub_1A950
CraneSB.dylib,0x213B8,_objc_retainAutorelease,0x1A950,sub_1A950
CraneSB.dylib,0x213D0,_objc_retainAutoreleasedReturnValue,0x1A950,sub_1A950
CraneSB.dylib,0x1F0DC,_localize,0x1AA34,_crane_presentApsdRegistrationError
CraneSB.dylib,0x2113C,___stack_chk_fail,0x1AA34,_crane_presentApsdRegistrationError
CraneSB.dylib,0x211C0,_dispatch_async,0x1AA34,_crane_presentApsdRegistrationError
CraneSB.dylib,0x212D4,_objc_alloc,0x1AA34,_crane_presentApsdRegistrationError
CraneSB.dylib,0x2134C,_objc_getClass,0x1AA34,_crane_presentApsdRegistrationError
CraneSB.dylib,0x21370,_objc_msgSend,0x1AA34,_crane_presentApsdRegistrationError
CraneSB.dylib,0x213A0,_objc_release,0x1AA34,_crane_presentApsdRegistrationError
CraneSB.dylib,0x213AC,_objc_retain,0x1AA34,_crane_presentApsdRegistrationError
CraneSB.dylib,0x213B8,_objc_retainAutorelease,0x1AA34,_crane_presentApsdRegistrationError
CraneSB.dylib,0x213D0,_objc_retainAutoreleasedReturnValue,0x1AA34,_crane_presentApsdRegistrationError
CraneSB.dylib,0x1F0DC,_localize,0x1AD6C,sub_1AD6C
CraneSB.dylib,0x1FC88,_isDylibLoaded,0x1AD6C,sub_1AD6C
CraneSB.dylib,0x2134C,_objc_getClass,0x1AD6C,sub_1AD6C
CraneSB.dylib,0x21370,_objc_msgSend,0x1AD6C,sub_1AD6C
CraneSB.dylib,0x213A0,_objc_release,0x1AD6C,sub_1AD6C
CraneSB.dylib,0x213B8,_objc_retainAutorelease,0x1AD6C,sub_1AD6C
CraneSB.dylib,0x213D0,_objc_retainAutoreleasedReturnValue,0x1AD6C,sub_1AD6C
CraneSB.dylib,0x1F0DC,_localize,0x1AEC0,_crane_presentPkdRegistrationError
CraneSB.dylib,0x2113C,___stack_chk_fail,0x1AEC0,_crane_presentPkdRegistrationError
CraneSB.dylib,0x211C0,_dispatch_async,0x1AEC0,_crane_presentPkdRegistrationError
CraneSB.dylib,0x212D4,_objc_alloc,0x1AEC0,_crane_presentPkdRegistrationError
CraneSB.dylib,0x2134C,_objc_getClass,0x1AEC0,_crane_presentPkdRegistrationError
CraneSB.dylib,0x21370,_objc_msgSend,0x1AEC0,_crane_presentPkdRegistrationError
CraneSB.dylib,0x213A0,_objc_release,0x1AEC0,_crane_presentPkdRegistrationError
CraneSB.dylib,0x213AC,_objc_retain,0x1AEC0,_crane_presentPkdRegistrationError
CraneSB.dylib,0x213B8,_objc_retainAutorelease,0x1AEC0,_crane_presentPkdRegistrationError
CraneSB.dylib,0x213D0,_objc_retainAutoreleasedReturnValue,0x1AEC0,_crane_presentPkdRegistrationError
CraneSB.dylib,0x1F0DC,_localize,0x1B20C,sub_1B20C
CraneSB.dylib,0x1FC88,_isDylibLoaded,0x1B20C,sub_1B20C
CraneSB.dylib,0x2134C,_objc_getClass,0x1B20C,sub_1B20C
CraneSB.dylib,0x21370,_objc_msgSend,0x1B20C,sub_1B20C
CraneSB.dylib,0x213A0,_objc_release,0x1B20C,sub_1B20C
CraneSB.dylib,0x213B8,_objc_retainAutorelease,0x1B20C,sub_1B20C
CraneSB.dylib,0x213D0,_objc_retainAutoreleasedReturnValue,0x1B20C,sub_1B20C
CraneSB.dylib,0x21370,_objc_msgSend,0x1B360,_crane_containerToRedirectTo
CraneSB.dylib,0x213A0,_objc_release,0x1B360,_crane_containerToRedirectTo
CraneSB.dylib,0x213AC,_objc_retain,0x1B360,_crane_containerToRedirectTo
CraneSB.dylib,0x213D0,_objc_retainAutoreleasedReturnValue,0x1B360,_crane_containerToRedirectTo
CraneSB.dylib,0x19A2C,_crane_presentLibSandyNotWorkingError,0x1B45C,_crane_applyEnvironmentChanges
CraneSB.dylib,0x19E70,_crane_presentDaemonError,0x1B45C,_crane_applyEnvironmentChanges
CraneSB.dylib,0x21100,__Block_object_dispose,0x1B45C,_crane_applyEnvironmentChanges
CraneSB.dylib,0x212B0,_libSandy_works,0x1B45C,_crane_applyEnvironmentChanges
CraneSB.dylib,0x21370,_objc_msgSend,0x1B45C,_crane_applyEnvironmentChanges
CraneSB.dylib,0x213A0,_objc_release,0x1B45C,_crane_applyEnvironmentChanges
CraneSB.dylib,0x213AC,_objc_retain,0x1B45C,_crane_applyEnvironmentChanges
CraneSB.dylib,0x213D0,_objc_retainAutoreleasedReturnValue,0x1B45C,_crane_applyEnvironmentChanges
CraneSB.dylib,0x213F4,_objc_storeStrong,0x1B45C,_crane_applyEnvironmentChanges
CraneSB.dylib,0x21100,__Block_object_dispose,0x1BA50,sub_1BA50
CraneSB.dylib,0x21118,__Unwind_Resume,0x1BA50,sub_1BA50
CraneSB.dylib,0x213A0,_objc_release,0x1BAA4,sub_1BAA4
CraneSB.dylib,0x213AC,_objc_retain,0x1BAA4,sub_1BAA4
CraneSB.dylib,0x210F4,__Block_object_assign,0x1BB30,sub_1BB30
CraneSB.dylib,0x21100,__Block_object_dispose,0x1BB7C,sub_1BB7C
CraneSB.dylib,0x7A74,sub_7A74,0x1BBB8,_crane_initChoicyIntegration
CraneSB.dylib,0x210B8,_NSClassFromString,0x1BBB8,_crane_initChoicyIntegration
CraneSB.dylib,0x21184,_access,0x1BBB8,_crane_initChoicyIntegration
CraneSB.dylib,0x21244,_dlopen,0x1BBB8,_crane_initChoicyIntegration
CraneSB.dylib,0x212D4,_objc_alloc,0x1BBB8,_crane_initChoicyIntegration
CraneSB.dylib,0x21370,_objc_msgSend,0x1BBB8,_crane_initChoicyIntegration
CraneSB.dylib,0x213A0,_objc_release,0x1BBB8,_crane_initChoicyIntegration
CraneSB.dylib,0x213D0,_objc_retainAutoreleasedReturnValue,0x1BBB8,_crane_initChoicyIntegration
CraneSB.dylib,0x17A14,_crane_initSpringBoard,0x1BC70,InitFunc_2
CraneSB.dylib,0x1BF10,_crane_initRunningBoardd,0x1BC70,InitFunc_2
CraneSB.dylib,0x1F778,_initUNProtocol,0x1BC70,InitFunc_2
CraneSB.dylib,0x1FB8C,_safe_getExecutablePath,0x1BC70,InitFunc_2
CraneSB.dylib,0x21370,_objc_msgSend,0x1BC70,InitFunc_2
CraneSB.dylib,0x213A0,_objc_release,0x1BC70,InitFunc_2
CraneSB.dylib,0x213D0,_objc_retainAutoreleasedReturnValue,0x1BC70,InitFunc_2
CraneSB.dylib,0x1B45C,_crane_applyEnvironmentChanges,0x1BD44,_executeLaunchRequest_hook
CraneSB.dylib,0x212A4,_libSandy_applyProfile,0x1BD44,_executeLaunchRequest_hook
CraneSB.dylib,0x21370,_objc_msgSend,0x1BD44,_executeLaunchRequest_hook
CraneSB.dylib,0x213A0,_objc_release,0x1BD44,_executeLaunchRequest_hook
CraneSB.dylib,0x213AC,_objc_retain,0x1BD44,_executeLaunchRequest_hook
CraneSB.dylib,0x213D0,_objc_retainAutoreleasedReturnValue,0x1BD44,_executeLaunchRequest_hook
CraneSB.dylib,0x210AC,_MSHookMessageEx,0x1BF10,_crane_initRunningBoardd
CraneSB.dylib,0x2134C,_objc_getClass,0x1BF10,_crane_initRunningBoardd
CraneSB.dylib,0x1BD44,_executeLaunchRequest_hook,0x1BF74,sub_1BF74
CraneSB.dylib,0x213A0,_objc_release,0x1BF74,sub_1BF74
CraneSB.dylib,0x213AC,_objc_retain,0x1BF74,sub_1BF74
CraneSB.dylib,0x213D0,_objc_retainAutoreleasedReturnValue,0x1BF74,sub_1BF74
CraneSB.dylib,0x1BD44,_executeLaunchRequest_hook,0x1BFEC,sub_1BFEC
CraneSB.dylib,0x213A0,_objc_release,0x1BFEC,sub_1BFEC
CraneSB.dylib,0x213AC,_objc_retain,0x1BFEC,sub_1BFEC
CraneSB.dylib,0x213D0,_objc_retainAutoreleasedReturnValue,0x1BFEC,sub_1BFEC
CraneSB.dylib,0x2134C,_objc_getClass,0x1C064,+[CRBadgeAction actionWithTitle:badgeText:image:identifier:associatedApplicationIdentifier:handler:]
CraneSB.dylib,0x21370,_objc_msgSend,0x1C064,+[CRBadgeAction actionWithTitle:badgeText:image:identifier:associatedApplicationIdentifier:handler:]
CraneSB.dylib,0x213A0,_objc_release,0x1C064,+[CRBadgeAction actionWithTitle:badgeText:image:identifier:associatedApplicationIdentifier:handler:]
CraneSB.dylib,0x213AC,_objc_retain,0x1C064,+[CRBadgeAction actionWithTitle:badgeText:image:identifier:associatedApplicationIdentifier:handler:]
CraneSB.dylib,0x213D0,_objc_retainAutoreleasedReturnValue,0x1C064,+[CRBadgeAction actionWithTitle:badgeText:image:identifier:associatedApplicationIdentifier:handler:]
CraneSB.dylib,0x21418,_object_setClass,0x1C064,+[CRBadgeAction actionWithTitle:badgeText:image:identifier:associatedApplicationIdentifier:handler:]
CraneSB.dylib,0x2134C,_objc_getClass,0x1C1C0,+[CRSubtitleMenu menuWithTitle:subtitle:image:identifier:options:children:]
CraneSB.dylib,0x21370,_objc_msgSend,0x1C1C0,+[CRSubtitleMenu menuWithTitle:subtitle:image:identifier:options:children:]
CraneSB.dylib,0x213A0,_objc_release,0x1C1C0,+[CRSubtitleMenu menuWithTitle:subtitle:image:identifier:options:children:]
CraneSB.dylib,0x213AC,_objc_retain,0x1C1C0,+[CRSubtitleMenu menuWithTitle:subtitle:image:identifier:options:children:]
CraneSB.dylib,0x213D0,_objc_retainAutoreleasedReturnValue,0x1C1C0,+[CRSubtitleMenu menuWithTitle:subtitle:image:identifier:options:children:]
CraneSB.dylib,0x21418,_object_setClass,0x1C1C0,+[CRSubtitleMenu menuWithTitle:subtitle:image:identifier:options:children:]
CraneSB.dylib,0x1C2B0,-[CRSubtitleMenu subtitle],0x1C2CC,-[CRSubtitleMenu copyWithZone:]
CraneSB.dylib,0x1C2CC,-[CRSubtitleMenu copyWithZone:],0x1C2CC,-[CRSubtitleMenu copyWithZone:]
CraneSB.dylib,0x21370,_objc_msgSend,0x1C2CC,-[CRSubtitleMenu copyWithZone:]
CraneSB.dylib,0x2137C,_objc_msgSendSuper2,0x1C2CC,-[CRSubtitleMenu copyWithZone:]
CraneSB.dylib,0x213A0,_objc_release,0x1C2CC,-[CRSubtitleMenu copyWithZone:]
CraneSB.dylib,0x213D0,_objc_retainAutoreleasedReturnValue,0x1C2CC,-[CRSubtitleMenu copyWithZone:]
CraneSB.dylib,0x1C2B0,-[CRSubtitleMenu subtitle],0x1C34C,-[CRSubtitleMenu _copyWithOverrideChildren:]
CraneSB.dylib,0x1C34C,-[CRSubtitleMenu _copyWithOverrideChildren:],0x1C34C,-[CRSubtitleMenu _copyWithOverrideChildren:]
CraneSB.dylib,0x21370,_objc_msgSend,0x1C34C,-[CRSubtitleMenu _copyWithOverrideChildren:]
CraneSB.dylib,0x2137C,_objc_msgSendSuper2,0x1C34C,-[CRSubtitleMenu _copyWithOverrideChildren:]
CraneSB.dylib,0x213A0,_objc_release,0x1C34C,-[CRSubtitleMenu _copyWithOverrideChildren:]
CraneSB.dylib,0x213D0,_objc_retainAutoreleasedReturnValue,0x1C34C,-[CRSubtitleMenu _copyWithOverrideChildren:]
CraneSB.dylib,0x1C2B0,-[CRSubtitleMenu subtitle],0x1C3CC,-[CRSubtitleMenu _immutableCopy]
CraneSB.dylib,0x1C3CC,-[CRSubtitleMenu _immutableCopy],0x1C3CC,-[CRSubtitleMenu _immutableCopy]
CraneSB.dylib,0x21370,_objc_msgSend,0x1C3CC,-[CRSubtitleMenu _immutableCopy]
CraneSB.dylib,0x2137C,_objc_msgSendSuper2,0x1C3CC,-[CRSubtitleMenu _immutableCopy]
CraneSB.dylib,0x213A0,_objc_release,0x1C3CC,-[CRSubtitleMenu _immutableCopy]
CraneSB.dylib,0x213D0,_objc_retainAutoreleasedReturnValue,0x1C3CC,-[CRSubtitleMenu _immutableCopy]
CraneSB.dylib,0x1C2B0,-[CRSubtitleMenu subtitle],0x1C454,-[CRSubtitleMenu _mutableCopy]
CraneSB.dylib,0x1C454,-[CRSubtitleMenu _mutableCopy],0x1C454,-[CRSubtitleMenu _mutableCopy]
CraneSB.dylib,0x21370,_objc_msgSend,0x1C454,-[CRSubtitleMenu _mutableCopy]
CraneSB.dylib,0x2137C,_objc_msgSendSuper2,0x1C454,-[CRSubtitleMenu _mutableCopy]
CraneSB.dylib,0x213A0,_objc_release,0x1C454,-[CRSubtitleMenu _mutableCopy]
CraneSB.dylib,0x213D0,_objc_retainAutoreleasedReturnValue,0x1C454,-[CRSubtitleMenu _mutableCopy]
CraneSB.dylib,0x211D8,_dispatch_once,0x1C4D4,+[CraneActivatorManager sharedInstance]
CraneSB.dylib,0x21370,_objc_msgSend,0x1C548,sub_1C548
CraneSB.dylib,0x7A74,sub_7A74,0x1C580,+[CraneActivatorManager startIfPossible]
CraneSB.dylib,0x21244,_dlopen,0x1C580,+[CraneActivatorManager startIfPossible]
CraneSB.dylib,0x2134C,_objc_getClass,0x1C580,+[CraneActivatorManager startIfPossible]
CraneSB.dylib,0x21370,_objc_msgSend,0x1C580,+[CraneActivatorManager startIfPossible]
CraneSB.dylib,0x213A0,_objc_release,0x1C580,+[CraneActivatorManager startIfPossible]
CraneSB.dylib,0x213D0,_objc_retainAutoreleasedReturnValue,0x1C580,+[CraneActivatorManager startIfPossible]
CraneSB.dylib,0x1C61C,-[CraneActivatorManager init],0x1C61C,-[CraneActivatorManager init]
CraneSB.dylib,0x1CAD0,-[CraneActivatorManager updateAvailableListeners],0x1C61C,-[CraneActivatorManager init]
CraneSB.dylib,0x1DAC4,-[CraneActivatorManager updateProvidedEvents],0x1C61C,-[CraneActivatorManager init]
CraneSB.dylib,0x21370,_objc_msgSend,0x1C61C,-[CraneActivatorManager init]
CraneSB.dylib,0x2137C,_objc_msgSendSuper2,0x1C61C,-[CraneActivatorManager init]
CraneSB.dylib,0x213A0,_objc_release,0x1C61C,-[CraneActivatorManager init]
CraneSB.dylib,0x213D0,_objc_retainAutoreleasedReturnValue,0x1C61C,-[CraneActivatorManager init]
CraneSB.dylib,0x1C740,-[CraneActivatorManager dealloc],0x1C740,-[CraneActivatorManager dealloc]
CraneSB.dylib,0x1CAC4,-[CraneActivatorManager unregisterAllListeners],0x1C740,-[CraneActivatorManager dealloc]
CraneSB.dylib,0x1DEE0,-[CraneActivatorManager unregisterAllEvents],0x1C740,-[CraneActivatorManager dealloc]
CraneSB.dylib,0x21370,_objc_msgSend,0x1C740,-[CraneActivatorManager dealloc]
CraneSB.dylib,0x2137C,_objc_msgSendSuper2,0x1C740,-[CraneActivatorManager dealloc]
CraneSB.dylib,0x213A0,_objc_release,0x1C740,-[CraneActivatorManager dealloc]
CraneSB.dylib,0x213D0,_objc_retainAutoreleasedReturnValue,0x1C740,-[CraneActivatorManager dealloc]
CraneSB.dylib,0x1CAD0,-[CraneActivatorManager updateAvailableListeners],0x1C814,-[CraneActivatorManager didChangeContainersOfApplicationWithIdentifier:]
CraneSB.dylib,0x21370,_objc_msgSend,0x1C814,-[CraneActivatorManager didChangeContainersOfApplicationWithIdentifier:]
CraneSB.dylib,0x1CAD0,-[CraneActivatorManager updateAvailableListeners],0x1C848,-[CraneActivatorManager applicationsDidInstall:]
CraneSB.dylib,0x21370,_objc_msgSend,0x1C848,-[CraneActivatorManager applicationsDidInstall:]
CraneSB.dylib,0x1CAD0,-[CraneActivatorManager updateAvailableListeners],0x1C87C,-[CraneActivatorManager applicationsDidUninstall:]
CraneSB.dylib,0x21370,_objc_msgSend,0x1C87C,-[CraneActivatorManager applicationsDidUninstall:]
CraneSB.dylib,0x21370,_objc_msgSend,0x1C8B0,-[CraneActivatorManager listenerNameForSettingActiveContainerOfApplicationWithIdentifier:toActiveContainerWithIdentifier:]
CraneSB.dylib,0x213A0,_objc_release,0x1C8B0,-[CraneActivatorManager listenerNameForSettingActiveContainerOfApplicationWithIdentifier:toActiveContainerWithIdentifier:]
CraneSB.dylib,0x213AC,_objc_retain,0x1C8B0,-[CraneActivatorManager listenerNameForSettingActiveContainerOfApplicationWithIdentifier:toActiveContainerWithIdentifier:]
CraneSB.dylib,0x213D0,_objc_retainAutoreleasedReturnValue,0x1C8B0,-[CraneActivatorManager listenerNameForSettingActiveContainerOfApplicationWithIdentifier:toActiveContainerWithIdentifier:]
CraneSB.dylib,0x1C924,-[CraneActivatorManager listenerNameIsSetActiveContainerListener:],0x1C93C,-[CraneActivatorManager applicationIdentifierForSetActiveContainerListenerName:]
CraneSB.dylib,0x21370,_objc_msgSend,0x1C93C,-[CraneActivatorManager applicationIdentifierForSetActiveContainerListenerName:]
CraneSB.dylib,0x213A0,_objc_release,0x1C93C,-[CraneActivatorManager applicationIdentifierForSetActiveContainerListenerName:]
CraneSB.dylib,0x213AC,_objc_retain,0x1C93C,-[CraneActivatorManager applicationIdentifierForSetActiveContainerListenerName:]
CraneSB.dylib,0x213D0,_objc_retainAutoreleasedReturnValue,0x1C93C,-[CraneActivatorManager applicationIdentifierForSetActiveContainerListenerName:]
CraneSB.dylib,0x1C924,-[CraneActivatorManager listenerNameIsSetActiveContainerListener:],0x1CA00,-[CraneActivatorManager containerIdentifierForSetActiveContainerListenerName:]
CraneSB.dylib,0x21370,_objc_msgSend,0x1CA00,-[CraneActivatorManager containerIdentifierForSetActiveContainerListenerName:]
CraneSB.dylib,0x213A0,_objc_release,0x1CA00,-[CraneActivatorManager containerIdentifierForSetActiveContainerListenerName:]
CraneSB.dylib,0x213AC,_objc_retain,0x1CA00,-[CraneActivatorManager containerIdentifierForSetActiveContainerListenerName:]
CraneSB.dylib,0x213D0,_objc_retainAutoreleasedReturnValue,0x1CA00,-[CraneActivatorManager containerIdentifierForSetActiveContainerListenerName:]
CraneSB.dylib,0x21370,_objc_msgSend,0x1CADC,-[CraneActivatorManager updateSetActiveContainerListeners]
CraneSB.dylib,0x213A0,_objc_release,0x1CADC,-[CraneActivatorManager updateSetActiveContainerListeners]
CraneSB.dylib,0x213D0,_objc_retainAutoreleasedReturnValue,0x1CADC,-[CraneActivatorManager updateSetActiveContainerListeners]
CraneSB.dylib,0x21370,_objc_msgSend,0x1CBD0,sub_1CBD0
CraneSB.dylib,0x213A0,_objc_release,0x1CBD0,sub_1CBD0
CraneSB.dylib,0x213AC,_objc_retain,0x1CBD0,sub_1CBD0
CraneSB.dylib,0x213D0,_objc_retainAutoreleasedReturnValue,0x1CBD0,sub_1CBD0
CraneSB.dylib,0x21370,_objc_msgSend,0x1CD38,sub_1CD38
CraneSB.dylib,0x213A0,_objc_release,0x1CD38,sub_1CD38
CraneSB.dylib,0x213AC,_objc_retain,0x1CD38,sub_1CD38
CraneSB.dylib,0x213D0,_objc_retainAutoreleasedReturnValue,0x1CD38,sub_1CD38
CraneSB.dylib,0x21370,_objc_msgSend,0x1CE60,sub_1CE60
CraneSB.dylib,0x213D0,_objc_retainAutoreleasedReturnValue,0x1CE60,sub_1CE60
CraneSB.dylib,0x21370,_objc_msgSend,0x1CEF4,-[CraneActivatorManager unregisterSetActiveContainerListeners]
CraneSB.dylib,0x1C93C,-[CraneActivatorManager applicationIdentifierForSetActiveContainerListenerName:],0x1CF4C,-[CraneActivatorManager activator:receiveEvent:forListenerName:]
CraneSB.dylib,0x1CA00,-[CraneActivatorManager containerIdentifierForSetActiveContainerListenerName:],0x1CF4C,-[CraneActivatorManager activator:receiveEvent:forListenerName:]
CraneSB.dylib,0x2113C,___stack_chk_fail,0x1CF4C,-[CraneActivatorManager activator:receiveEvent:forListenerName:]
CraneSB.dylib,0x21370,_objc_msgSend,0x1CF4C,-[CraneActivatorManager activator:receiveEvent:forListenerName:]
CraneSB.dylib,0x213A0,_objc_release,0x1CF4C,-[CraneActivatorManager activator:receiveEvent:forListenerName:]
CraneSB.dylib,0x213AC,_objc_retain,0x1CF4C,-[CraneActivatorManager activator:receiveEvent:forListenerName:]
CraneSB.dylib,0x213D0,_objc_retainAutoreleasedReturnValue,0x1CF4C,-[CraneActivatorManager activator:receiveEvent:forListenerName:]
CraneSB.dylib,0x1C93C,-[CraneActivatorManager applicationIdentifierForSetActiveContainerListenerName:],0x1D130,-[CraneActivatorManager activator:abortEvent:forListenerName:]
CraneSB.dylib,0x21370,_objc_msgSend,0x1D130,-[CraneActivatorManager activator:abortEvent:forListenerName:]
CraneSB.dylib,0x213A0,_objc_release,0x1D130,-[CraneActivatorManager activator:abortEvent:forListenerName:]
CraneSB.dylib,0x213AC,_objc_retain,0x1D130,-[CraneActivatorManager activator:abortEvent:forListenerName:]
CraneSB.dylib,0x213D0,_objc_retainAutoreleasedReturnValue,0x1D130,-[CraneActivatorManager activator:abortEvent:forListenerName:]
CraneSB.dylib,0x1C924,-[CraneActivatorManager listenerNameIsSetActiveContainerListener:],0x1D23C,-[CraneActivatorManager activator:requiresLocalizedTitleForListenerName:]
CraneSB.dylib,0x1C93C,-[CraneActivatorManager applicationIdentifierForSetActiveContainerListenerName:],0x1D23C,-[CraneActivatorManager activator:requiresLocalizedTitleForListenerName:]
CraneSB.dylib,0x1CA00,-[CraneActivatorManager containerIdentifierForSetActiveContainerListenerName:],0x1D23C,-[CraneActivatorManager activator:requiresLocalizedTitleForListenerName:]
CraneSB.dylib,0x21370,_objc_msgSend,0x1D23C,-[CraneActivatorManager activator:requiresLocalizedTitleForListenerName:]
CraneSB.dylib,0x213A0,_objc_release,0x1D23C,-[CraneActivatorManager activator:requiresLocalizedTitleForListenerName:]
CraneSB.dylib,0x213AC,_objc_retain,0x1D23C,-[CraneActivatorManager activator:requiresLocalizedTitleForListenerName:]
CraneSB.dylib,0x213D0,_objc_retainAutoreleasedReturnValue,0x1D23C,-[CraneActivatorManager activator:requiresLocalizedTitleForListenerName:]
CraneSB.dylib,0x1C924,-[CraneActivatorManager listenerNameIsSetActiveContainerListener:],0x1D3CC,-[CraneActivatorManager activator:requiresLocalizedDescriptionForListenerName:]
CraneSB.dylib,0x1C93C,-[CraneActivatorManager applicationIdentifierForSetActiveContainerListenerName:],0x1D3CC,-[CraneActivatorManager activator:requiresLocalizedDescriptionForListenerName:]
CraneSB.dylib,0x1CA00,-[CraneActivatorManager containerIdentifierForSetActiveContainerListenerName:],0x1D3CC,-[CraneActivatorManager activator:requiresLocalizedDescriptionForListenerName:]
CraneSB.dylib,0x1F0DC,_localize,0x1D3CC,-[CraneActivatorManager activator:requiresLocalizedDescriptionForListenerName:]
CraneSB.dylib,0x21370,_objc_msgSend,0x1D3CC,-[CraneActivatorManager activator:requiresLocalizedDescriptionForListenerName:]
CraneSB.dylib,0x213A0,_objc_release,0x1D3CC,-[CraneActivatorManager activator:requiresLocalizedDescriptionForListenerName:]
CraneSB.dylib,0x213AC,_objc_retain,0x1D3CC,-[CraneActivatorManager activator:requiresLocalizedDescriptionForListenerName:]
CraneSB.dylib,0x213D0,_objc_retainAutoreleasedReturnValue,0x1D3CC,-[CraneActivatorManager activator:requiresLocalizedDescriptionForListenerName:]
CraneSB.dylib,0x21370,_objc_msgSend,0x1D550,-[CraneActivatorManager activator:requiresCompatibleEventModesForListenerWithName:]
CraneSB.dylib,0x210B8,_NSClassFromString,0x1D5D8,-[CraneActivatorManager imageForApplicationWithIdentifier:scale:]
CraneSB.dylib,0x21370,_objc_msgSend,0x1D5D8,-[CraneActivatorManager imageForApplicationWithIdentifier:scale:]
CraneSB.dylib,0x213A0,_objc_release,0x1D5D8,-[CraneActivatorManager imageForApplicationWithIdentifier:scale:]
CraneSB.dylib,0x213AC,_objc_retain,0x1D5D8,-[CraneActivatorManager imageForApplicationWithIdentifier:scale:]
CraneSB.dylib,0x213D0,_objc_retainAutoreleasedReturnValue,0x1D5D8,-[CraneActivatorManager imageForApplicationWithIdentifier:scale:]
CraneSB.dylib,0x1C924,-[CraneActivatorManager listenerNameIsSetActiveContainerListener:],0x1D6B8,-[CraneActivatorManager activator:requiresIconForListenerName:scale:]
CraneSB.dylib,0x1C93C,-[CraneActivatorManager applicationIdentifierForSetActiveContainerListenerName:],0x1D6B8,-[CraneActivatorManager activator:requiresIconForListenerName:scale:]
CraneSB.dylib,0x1D5D8,-[CraneActivatorManager imageForApplicationWithIdentifier:scale:],0x1D6B8,-[CraneActivatorManager activator:requiresIconForListenerName:scale:]
CraneSB.dylib,0x21370,_objc_msgSend,0x1D6B8,-[CraneActivatorManager activator:requiresIconForListenerName:scale:]
CraneSB.dylib,0x213A0,_objc_release,0x1D6B8,-[CraneActivatorManager activator:requiresIconForListenerName:scale:]
CraneSB.dylib,0x213AC,_objc_retain,0x1D6B8,-[CraneActivatorManager activator:requiresIconForListenerName:scale:]
CraneSB.dylib,0x213D0,_objc_retainAutoreleasedReturnValue,0x1D6B8,-[CraneActivatorManager activator:requiresIconForListenerName:scale:]
CraneSB.dylib,0x1C924,-[CraneActivatorManager listenerNameIsSetActiveContainerListener:],0x1D76C,-[CraneActivatorManager activator:requiresSmallIconForListenerName:scale:]
CraneSB.dylib,0x1C93C,-[CraneActivatorManager applicationIdentifierForSetActiveContainerListenerName:],0x1D76C,-[CraneActivatorManager activator:requiresSmallIconForListenerName:scale:]
CraneSB.dylib,0x1D5D8,-[CraneActivatorManager imageForApplicationWithIdentifier:scale:],0x1D76C,-[CraneActivatorManager activator:requiresSmallIconForListenerName:scale:]
CraneSB.dylib,0x21370,_objc_msgSend,0x1D76C,-[CraneActivatorManager activator:requiresSmallIconForListenerName:scale:]
CraneSB.dylib,0x213A0,_objc_release,0x1D76C,-[CraneActivatorManager activator:requiresSmallIconForListenerName:scale:]
CraneSB.dylib,0x213AC,_objc_retain,0x1D76C,-[CraneActivatorManager activator:requiresSmallIconForListenerName:scale:]
CraneSB.dylib,0x213D0,_objc_retainAutoreleasedReturnValue,0x1D76C,-[CraneActivatorManager activator:requiresSmallIconForListenerName:scale:]
CraneSB.dylib,0x21370,_objc_msgSend,0x1D82C,-[CraneActivatorManager changedToContainerEventNameForContainerIdentifier:ofApplicationWithIdentifier:]
CraneSB.dylib,0x213A0,_objc_release,0x1D82C,-[CraneActivatorManager changedToContainerEventNameForContainerIdentifier:ofApplicationWithIdentifier:]
CraneSB.dylib,0x213AC,_objc_retain,0x1D82C,-[CraneActivatorManager changedToContainerEventNameForContainerIdentifier:ofApplicationWithIdentifier:]
CraneSB.dylib,0x213D0,_objc_retainAutoreleasedReturnValue,0x1D82C,-[CraneActivatorManager changedToContainerEventNameForContainerIdentifier:ofApplicationWithIdentifier:]
CraneSB.dylib,0x21370,_objc_msgSend,0x1D8A0,-[CraneActivatorManager eventNameIsChangedToContainerEvent:]
CraneSB.dylib,0x213A0,_objc_release,0x1D8A0,-[CraneActivatorManager eventNameIsChangedToContainerEvent:]
CraneSB.dylib,0x213AC,_objc_retain,0x1D8A0,-[CraneActivatorManager eventNameIsChangedToContainerEvent:]
CraneSB.dylib,0x213D0,_objc_retainAutoreleasedReturnValue,0x1D8A0,-[CraneActivatorManager eventNameIsChangedToContainerEvent:]
CraneSB.dylib,0x1D8A0,-[CraneActivatorManager eventNameIsChangedToContainerEvent:],0x1D93C,-[CraneActivatorManager containerIDForChangedToContainerEventName:]
CraneSB.dylib,0x21370,_objc_msgSend,0x1D93C,-[CraneActivatorManager containerIDForChangedToContainerEventName:]
CraneSB.dylib,0x213A0,_objc_release,0x1D93C,-[CraneActivatorManager containerIDForChangedToContainerEventName:]
CraneSB.dylib,0x213AC,_objc_retain,0x1D93C,-[CraneActivatorManager containerIDForChangedToContainerEventName:]
CraneSB.dylib,0x213D0,_objc_retainAutoreleasedReturnValue,0x1D93C,-[CraneActivatorManager containerIDForChangedToContainerEventName:]
CraneSB.dylib,0x1D8A0,-[CraneActivatorManager eventNameIsChangedToContainerEvent:],0x1DA00,-[CraneActivatorManager applicationIDForChangedToContainerEventName:]
CraneSB.dylib,0x21370,_objc_msgSend,0x1DA00,-[CraneActivatorManager applicationIDForChangedToContainerEventName:]
CraneSB.dylib,0x213A0,_objc_release,0x1DA00,-[CraneActivatorManager applicationIDForChangedToContainerEventName:]
CraneSB.dylib,0x213AC,_objc_retain,0x1DA00,-[CraneActivatorManager applicationIDForChangedToContainerEventName:]
CraneSB.dylib,0x213D0,_objc_retainAutoreleasedReturnValue,0x1DA00,-[CraneActivatorManager applicationIDForChangedToContainerEventName:]
CraneSB.dylib,0x21370,_objc_msgSend,0x1DAC4,-[CraneActivatorManager updateProvidedEvents]
CraneSB.dylib,0x213A0,_objc_release,0x1DAC4,-[CraneActivatorManager updateProvidedEvents]
CraneSB.dylib,0x213D0,_objc_retainAutoreleasedReturnValue,0x1DAC4,-[CraneActivatorManager updateProvidedEvents]
CraneSB.dylib,0x21370,_objc_msgSend,0x1DBB8,sub_1DBB8
CraneSB.dylib,0x213A0,_objc_release,0x1DBB8,sub_1DBB8
CraneSB.dylib,0x213AC,_objc_retain,0x1DBB8,sub_1DBB8
CraneSB.dylib,0x213D0,_objc_retainAutoreleasedReturnValue,0x1DBB8,sub_1DBB8
CraneSB.dylib,0x21370,_objc_msgSend,0x1DD20,sub_1DD20
CraneSB.dylib,0x213A0,_objc_release,0x1DD20,sub_1DD20
CraneSB.dylib,0x213AC,_objc_retain,0x1DD20,sub_1DD20
CraneSB.dylib,0x213D0,_objc_retainAutoreleasedReturnValue,0x1DD20,sub_1DD20
CraneSB.dylib,0x21370,_objc_msgSend,0x1DE4C,sub_1DE4C
CraneSB.dylib,0x213D0,_objc_retainAutoreleasedReturnValue,0x1DE4C,sub_1DE4C
CraneSB.dylib,0x21370,_objc_msgSend,0x1DEE0,-[CraneActivatorManager unregisterAllEvents]
CraneSB.dylib,0x1D8A0,-[CraneActivatorManager eventNameIsChangedToContainerEvent:],0x1DF44,-[CraneActivatorManager localizedTitleForEventName:]
CraneSB.dylib,0x1D93C,-[CraneActivatorManager containerIDForChangedToContainerEventName:],0x1DF44,-[CraneActivatorManager localizedTitleForEventName:]
CraneSB.dylib,0x1DA00,-[CraneActivatorManager applicationIDForChangedToContainerEventName:],0x1DF44,-[CraneActivatorManager localizedTitleForEventName:]
CraneSB.dylib,0x21370,_objc_msgSend,0x1DF44,-[CraneActivatorManager localizedTitleForEventName:]
CraneSB.dylib,0x213A0,_objc_release,0x1DF44,-[CraneActivatorManager localizedTitleForEventName:]
CraneSB.dylib,0x213AC,_objc_retain,0x1DF44,-[CraneActivatorManager localizedTitleForEventName:]
CraneSB.dylib,0x213D0,_objc_retainAutoreleasedReturnValue,0x1DF44,-[CraneActivatorManager localizedTitleForEventName:]
CraneSB.dylib,0x1D8A0,-[CraneActivatorManager eventNameIsChangedToContainerEvent:],0x1E0D4,-[CraneActivatorManager localizedDescriptionForEventName:]
CraneSB.dylib,0x1D93C,-[CraneActivatorManager containerIDForChangedToContainerEventName:],0x1E0D4,-[CraneActivatorManager localizedDescriptionForEventName:]
CraneSB.dylib,0x1DA00,-[CraneActivatorManager applicationIDForChangedToContainerEventName:],0x1E0D4,-[CraneActivatorManager localizedDescriptionForEventName:]
CraneSB.dylib,0x1F0DC,_localize,0x1E0D4,-[CraneActivatorManager localizedDescriptionForEventName:]
CraneSB.dylib,0x21370,_objc_msgSend,0x1E0D4,-[CraneActivatorManager localizedDescriptionForEventName:]
CraneSB.dylib,0x213A0,_objc_release,0x1E0D4,-[CraneActivatorManager localizedDescriptionForEventName:]
CraneSB.dylib,0x213AC,_objc_retain,0x1E0D4,-[CraneActivatorManager localizedDescriptionForEventName:]
CraneSB.dylib,0x213D0,_objc_retainAutoreleasedReturnValue,0x1E0D4,-[CraneActivatorManager localizedDescriptionForEventName:]
CraneSB.dylib,0x213F4,_objc_storeStrong,0x1E28C,-[CraneActivatorManager .cxx_destruct]
CraneSB.dylib,0x21370,_objc_msgSend,0x1E2BC,_parseNumberBool
CraneSB.dylib,0x213A0,_objc_release,0x1E2BC,_parseNumberBool
CraneSB.dylib,0x213AC,_objc_retain,0x1E2BC,_parseNumberBool
CraneSB.dylib,0x21370,_objc_msgSend,0x1E330,_parseNumberInteger
CraneSB.dylib,0x213A0,_objc_release,0x1E330,_parseNumberInteger
CraneSB.dylib,0x213AC,_objc_retain,0x1E330,_parseNumberInteger
CraneSB.dylib,0x1E2BC,_parseNumberBool,0x1E3A4,-[CraneChoicyOverwriteProvider providedOverridesForApplication:]
CraneSB.dylib,0x21370,_objc_msgSend,0x1E3A4,-[CraneChoicyOverwriteProvider providedOverridesForApplication:]
CraneSB.dylib,0x213A0,_objc_release,0x1E3A4,-[CraneChoicyOverwriteProvider providedOverridesForApplication:]
CraneSB.dylib,0x213AC,_objc_retain,0x1E3A4,-[CraneChoicyOverwriteProvider providedOverridesForApplication:]
CraneSB.dylib,0x213D0,_objc_retainAutoreleasedReturnValue,0x1E3A4,-[CraneChoicyOverwriteProvider providedOverridesForApplication:]
CraneSB.dylib,0x1E2BC,_parseNumberBool,0x1E4E0,-[CraneChoicyOverwriteProvider customTweakConfigurationEnabledOverrideForApplication:]
CraneSB.dylib,0x21370,_objc_msgSend,0x1E4E0,-[CraneChoicyOverwriteProvider customTweakConfigurationEnabledOverrideForApplication:]
CraneSB.dylib,0x213A0,_objc_release,0x1E4E0,-[CraneChoicyOverwriteProvider customTweakConfigurationEnabledOverrideForApplication:]
CraneSB.dylib,0x213AC,_objc_retain,0x1E4E0,-[CraneChoicyOverwriteProvider customTweakConfigurationEnabledOverrideForApplication:]
CraneSB.dylib,0x213D0,_objc_retainAutoreleasedReturnValue,0x1E4E0,-[CraneChoicyOverwriteProvider customTweakConfigurationEnabledOverrideForApplication:]
CraneSB.dylib,0x1E2BC,_parseNumberBool,0x1E65C,-[CraneChoicyOverwriteProvider overwriteGlobalConfigurationOverrideForApplication:]
CraneSB.dylib,0x21370,_objc_msgSend,0x1E65C,-[CraneChoicyOverwriteProvider overwriteGlobalConfigurationOverrideForApplication:]
CraneSB.dylib,0x213A0,_objc_release,0x1E65C,-[CraneChoicyOverwriteProvider overwriteGlobalConfigurationOverrideForApplication:]
CraneSB.dylib,0x213AC,_objc_retain,0x1E65C,-[CraneChoicyOverwriteProvider overwriteGlobalConfigurationOverrideForApplication:]
CraneSB.dylib,0x213D0,_objc_retainAutoreleasedReturnValue,0x1E65C,-[CraneChoicyOverwriteProvider overwriteGlobalConfigurationOverrideForApplication:]
CraneSB.dylib,0x1E2BC,_parseNumberBool,0x1E7A0,-[CraneChoicyOverwriteProvider customTweakConfigurationAllowDenyModeOverrideForApplication:]
CraneSB.dylib,0x1E330,_parseNumberInteger,0x1E7A0,-[CraneChoicyOverwriteProvider customTweakConfigurationAllowDenyModeOverrideForApplication:]
CraneSB.dylib,0x21370,_objc_msgSend,0x1E7A0,-[CraneChoicyOverwriteProvider customTweakConfigurationAllowDenyModeOverrideForApplication:]
CraneSB.dylib,0x213A0,_objc_release,0x1E7A0,-[CraneChoicyOverwriteProvider customTweakConfigurationAllowDenyModeOverrideForApplication:]
CraneSB.dylib,0x213AC,_objc_retain,0x1E7A0,-[CraneChoicyOverwriteProvider customTweakConfigurationAllowDenyModeOverrideForApplication:]
CraneSB.dylib,0x213D0,_objc_retainAutoreleasedReturnValue,0x1E7A0,-[CraneChoicyOverwriteProvider customTweakConfigurationAllowDenyModeOverrideForApplication:]
CraneSB.dylib,0x1E2BC,_parseNumberBool,0x1E920,-[CraneChoicyOverwriteProvider customTweakConfigurationAllowOrDenyListOverrideForApplication:]
CraneSB.dylib,0x1E330,_parseNumberInteger,0x1E920,-[CraneChoicyOverwriteProvider customTweakConfigurationAllowOrDenyListOverrideForApplication:]
CraneSB.dylib,0x2113C,___stack_chk_fail,0x1E920,-[CraneChoicyOverwriteProvider customTweakConfigurationAllowOrDenyListOverrideForApplication:]
CraneSB.dylib,0x21370,_objc_msgSend,0x1E920,-[CraneChoicyOverwriteProvider customTweakConfigurationAllowOrDenyListOverrideForApplication:]
CraneSB.dylib,0x213A0,_objc_release,0x1E920,-[CraneChoicyOverwriteProvider customTweakConfigurationAllowOrDenyListOverrideForApplication:]
CraneSB.dylib,0x213AC,_objc_retain,0x1E920,-[CraneChoicyOverwriteProvider customTweakConfigurationAllowOrDenyListOverrideForApplication:]
CraneSB.dylib,0x213D0,_objc_retainAutoreleasedReturnValue,0x1E920,-[CraneChoicyOverwriteProvider customTweakConfigurationAllowOrDenyListOverrideForApplication:]
CraneSB.dylib,0x21370,_objc_msgSend,0x1EB9C,_notificationRedirectionEnabledForApp
CraneSB.dylib,0x213A0,_objc_release,0x1EB9C,_notificationRedirectionEnabledForApp
CraneSB.dylib,0x213AC,_objc_retain,0x1EB9C,_notificationRedirectionEnabledForApp
CraneSB.dylib,0x213D0,_objc_retainAutoreleasedReturnValue,0x1EB9C,_notificationRedirectionEnabledForApp
CraneSB.dylib,0x21370,_objc_msgSend,0x1ECD8,_applicationShortcutsEnabled
CraneSB.dylib,0x213A0,_objc_release,0x1ECD8,_applicationShortcutsEnabled
CraneSB.dylib,0x213D0,_objc_retainAutoreleasedReturnValue,0x1ECD8,_applicationShortcutsEnabled
CraneSB.dylib,0x21370,_objc_msgSend,0x1ED64,_launchApplicationOnContainerSelectionEnabled
CraneSB.dylib,0x213A0,_objc_release,0x1ED64,_launchApplicationOnContainerSelectionEnabled
CraneSB.dylib,0x213D0,_objc_retainAutoreleasedReturnValue,0x1ED64,_launchApplicationOnContainerSelectionEnabled
CraneSB.dylib,0x21370,_objc_msgSend,0x1EDE4,_expandContainersShortcutEnabled
CraneSB.dylib,0x213A0,_objc_release,0x1EDE4,_expandContainersShortcutEnabled
CraneSB.dylib,0x213D0,_objc_retainAutoreleasedReturnValue,0x1EDE4,_expandContainersShortcutEnabled
CraneSB.dylib,0x21370,_objc_msgSend,0x1EE64,_onlyShowIfContainersExistEnabled
CraneSB.dylib,0x213A0,_objc_release,0x1EE64,_onlyShowIfContainersExistEnabled
CraneSB.dylib,0x213D0,_objc_retainAutoreleasedReturnValue,0x1EE64,_onlyShowIfContainersExistEnabled
CraneSB.dylib,0x21370,_objc_msgSend,0x1EEF0,_newContainerShortcutEnabled
CraneSB.dylib,0x213A0,_objc_release,0x1EEF0,_newContainerShortcutEnabled
CraneSB.dylib,0x213D0,_objc_retainAutoreleasedReturnValue,0x1EEF0,_newContainerShortcutEnabled
CraneSB.dylib,0x21370,_objc_msgSend,0x1EF7C,_showContainerNotificationBadgesEnabled
CraneSB.dylib,0x213A0,_objc_release,0x1EF7C,_showContainerNotificationBadgesEnabled
CraneSB.dylib,0x213D0,_objc_retainAutoreleasedReturnValue,0x1EF7C,_showContainerNotificationBadgesEnabled
CraneSB.dylib,0x21370,_objc_msgSend,0x1F008,_alwaysAskBeforeLaunchEnabled
CraneSB.dylib,0x213A0,_objc_release,0x1F008,_alwaysAskBeforeLaunchEnabled
CraneSB.dylib,0x213AC,_objc_retain,0x1F008,_alwaysAskBeforeLaunchEnabled
CraneSB.dylib,0x213D0,_objc_retainAutoreleasedReturnValue,0x1F008,_alwaysAskBeforeLaunchEnabled
CraneSB.dylib,0x7A74,sub_7A74,0x1F0DC,_localize
CraneSB.dylib,0x2113C,___stack_chk_fail,0x1F0DC,_localize
CraneSB.dylib,0x212F8,_objc_autorelease,0x1F0DC,_localize
CraneSB.dylib,0x21370,_objc_msgSend,0x1F0DC,_localize
CraneSB.dylib,0x213A0,_objc_release,0x1F0DC,_localize
CraneSB.dylib,0x213AC,_objc_retain,0x1F0DC,_localize
CraneSB.dylib,0x213D0,_objc_retainAutoreleasedReturnValue,0x1F0DC,_localize
CraneSB.dylib,0x21370,_objc_msgSend,0x1F2E4,_containerPathForContainer
CraneSB.dylib,0x213A0,_objc_release,0x1F2E4,_containerPathForContainer
CraneSB.dylib,0x213AC,_objc_retain,0x1F2E4,_containerPathForContainer
CraneSB.dylib,0x213D0,_objc_retainAutoreleasedReturnValue,0x1F2E4,_containerPathForContainer
CraneSB.dylib,0x2113C,___stack_chk_fail,0x1F398,_createDirectoryIfNotExists
CraneSB.dylib,0x21370,_objc_msgSend,0x1F398,_createDirectoryIfNotExists
CraneSB.dylib,0x213A0,_objc_release,0x1F398,_createDirectoryIfNotExists
CraneSB.dylib,0x213AC,_objc_retain,0x1F398,_createDirectoryIfNotExists
CraneSB.dylib,0x213D0,_objc_retainAutoreleasedReturnValue,0x1F398,_createDirectoryIfNotExists
CraneSB.dylib,0x213A0,_objc_release,0x1F578,_normalizedContainerID
CraneSB.dylib,0x213AC,_objc_retain,0x1F578,_normalizedContainerID
CraneSB.dylib,0x212D4,_objc_alloc,0x1F5C0,_requestAuthentication
CraneSB.dylib,0x21370,_objc_msgSend,0x1F5C0,_requestAuthentication
CraneSB.dylib,0x213A0,_objc_release,0x1F5C0,_requestAuthentication
CraneSB.dylib,0x213AC,_objc_retain,0x1F5C0,_requestAuthentication
CraneSB.dylib,0x211C0,_dispatch_async,0x1F6F8,sub_1F6F8
CraneSB.dylib,0x211CC,_dispatch_get_global_queue,0x1F6F8,sub_1F6F8
CraneSB.dylib,0x213A0,_objc_release,0x1F6F8,sub_1F6F8
CraneSB.dylib,0x213AC,_objc_retain,0x1F6F8,sub_1F6F8
CraneSB.dylib,0x213D0,_objc_retainAutoreleasedReturnValue,0x1F6F8,sub_1F6F8
CraneSB.dylib,0x211D8,_dispatch_once,0x1F778,_initUNProtocol
CraneSB.dylib,0x212EC,_objc_allocateProtocol,0x1F7B0,sub_1F7B0
CraneSB.dylib,0x21358,_objc_getProtocol,0x1F7B0,sub_1F7B0
CraneSB.dylib,0x21394,_objc_registerProtocol,0x1F7B0,sub_1F7B0
CraneSB.dylib,0x213A0,_objc_release,0x1F7B0,sub_1F7B0
CraneSB.dylib,0x213D0,_objc_retainAutoreleasedReturnValue,0x1F7B0,sub_1F7B0
CraneSB.dylib,0x21424,_protocol_addProtocol,0x1F7B0,sub_1F7B0
CraneSB.dylib,0x7A74,sub_7A74,0x1F850,_getInjectionPlatform
CraneSB.dylib,0x2113C,___stack_chk_fail,0x1F850,_getInjectionPlatform
CraneSB.dylib,0x2116C,__dyld_get_image_name,0x1F850,_getInjectionPlatform
CraneSB.dylib,0x21178,__dyld_image_count,0x1F850,_getInjectionPlatform
CraneSB.dylib,0x212F8,_objc_autorelease,0x1F850,_getInjectionPlatform
CraneSB.dylib,0x21370,_objc_msgSend,0x1F850,_getInjectionPlatform
CraneSB.dylib,0x213A0,_objc_release,0x1F850,_getInjectionPlatform
CraneSB.dylib,0x213D0,_objc_retainAutoreleasedReturnValue,0x1F850,_getInjectionPlatform
CraneSB.dylib,0x211D8,_dispatch_once,0x1FA44,_getSecurityAccessGroupsToIgnore
CraneSB.dylib,0x21370,_objc_msgSend,0x1FA84,sub_1FA84
CraneSB.dylib,0x213D0,_objc_retainAutoreleasedReturnValue,0x1FA84,sub_1FA84
CraneSB.dylib,0x212EC,_objc_allocateProtocol,0x1FB18,_initLSDProtocol
CraneSB.dylib,0x21358,_objc_getProtocol,0x1FB18,_initLSDProtocol
CraneSB.dylib,0x21394,_objc_registerProtocol,0x1FB18,_initLSDProtocol
CraneSB.dylib,0x213A0,_objc_release,0x1FB18,_initLSDProtocol
CraneSB.dylib,0x213D0,_objc_retainAutoreleasedReturnValue,0x1FB18,_initLSDProtocol
CraneSB.dylib,0x21424,_protocol_addProtocol,0x1FB18,_initLSDProtocol
CraneSB.dylib,0x2110C,__NSGetExecutablePath,0x1FB8C,_safe_getExecutablePath
CraneSB.dylib,0x2113C,___stack_chk_fail,0x1FB8C,_safe_getExecutablePath
CraneSB.dylib,0x21370,_objc_msgSend,0x1FB8C,_safe_getExecutablePath
CraneSB.dylib,0x2110C,__NSGetExecutablePath,0x1FC04,_getProcessName
CraneSB.dylib,0x2113C,___stack_chk_fail,0x1FC04,_getProcessName
CraneSB.dylib,0x21370,_objc_msgSend,0x1FC04,_getProcessName
CraneSB.dylib,0x2116C,__dyld_get_image_name,0x1FC88,_isDylibLoaded
CraneSB.dylib,0x21178,__dyld_image_count,0x1FC88,_isDylibLoaded
CraneSB.dylib,0x21370,_objc_msgSend,0x1FC88,_isDylibLoaded
CraneSB.dylib,0x213A0,_objc_release,0x1FC88,_isDylibLoaded
CraneSB.dylib,0x213AC,_objc_retain,0x1FC88,_isDylibLoaded
CraneSB.dylib,0x213D0,_objc_retainAutoreleasedReturnValue,0x1FC88,_isDylibLoaded
CraneSB.dylib,0x7A74,sub_7A74,0x1FD74,_craneDylibInjectsInSafeModeEnabled
CraneSB.dylib,0x2113C,___stack_chk_fail,0x1FD74,_craneDylibInjectsInSafeModeEnabled
CraneSB.dylib,0x212F8,_objc_autorelease,0x1FD74,_craneDylibInjectsInSafeModeEnabled
CraneSB.dylib,0x21370,_objc_msgSend,0x1FD74,_craneDylibInjectsInSafeModeEnabled
CraneSB.dylib,0x213A0,_objc_release,0x1FD74,_craneDylibInjectsInSafeModeEnabled
CraneSB.dylib,0x213D0,_objc_retainAutoreleasedReturnValue,0x1FD74,_craneDylibInjectsInSafeModeEnabled
CraneSB.dylib,0x21370,_objc_msgSend,0x1FEF0,_buildCraneTopic
CraneSB.dylib,0x213A0,_objc_release,0x1FEF0,_buildCraneTopic
CraneSB.dylib,0x213AC,_objc_retain,0x1FEF0,_buildCraneTopic
CraneSB.dylib,0x213D0,_objc_retainAutoreleasedReturnValue,0x1FEF0,_buildCraneTopic
CraneSB.dylib,0x212F8,_objc_autorelease,0x1FF7C,_decodeCraneTopic
CraneSB.dylib,0x21370,_objc_msgSend,0x1FF7C,_decodeCraneTopic
CraneSB.dylib,0x213D0,_objc_retainAutoreleasedReturnValue,0x1FF7C,_decodeCraneTopic
CraneSB.dylib,0x211A8,_class_getInstanceVariable,0x20018,_CRObjHasIvar
CraneSB.dylib,0x2140C,_object_getClass,0x20018,_CRObjHasIvar
CraneSB.dylib,0x21124,___error,0x20048,_msleep
CraneSB.dylib,0x212C8,_nanosleep,0x20048,_msleep
CraneSB.dylib,0x20124,+[ClientContainerCache sharedInstance],0x200DC,_clearActiveContainerCache
CraneSB.dylib,0x20534,-[ClientContainerCache _clearActiveContainerCache],0x200DC,_clearActiveContainerCache
CraneSB.dylib,0x21370,_objc_msgSend,0x200DC,_clearActiveContainerCache
CraneSB.dylib,0x213D0,_objc_retainAutoreleasedReturnValue,0x200DC,_clearActiveContainerCache
CraneSB.dylib,0x211D8,_dispatch_once,0x20124,+[ClientContainerCache sharedInstance]
CraneSB.dylib,0x2019C,-[ClientContainerCache init],0x20164,sub_20164
CraneSB.dylib,0x212D4,_objc_alloc,0x20164,sub_20164
CraneSB.dylib,0x21370,_objc_msgSend,0x20164,sub_20164
CraneSB.dylib,0x2019C,-[ClientContainerCache init],0x2019C,-[ClientContainerCache init]
CraneSB.dylib,0x20244,-[ClientContainerCache _registerForClearMessages],0x2019C,-[ClientContainerCache init]
CraneSB.dylib,0x20534,-[ClientContainerCache _clearActiveContainerCache],0x2019C,-[ClientContainerCache init]
CraneSB.dylib,0x211F0,_dispatch_queue_attr_make_with_qos_class,0x2019C,-[ClientContainerCache init]
CraneSB.dylib,0x211FC,_dispatch_queue_create,0x2019C,-[ClientContainerCache init]
CraneSB.dylib,0x21370,_objc_msgSend,0x2019C,-[ClientContainerCache init]
CraneSB.dylib,0x2137C,_objc_msgSendSuper2,0x2019C,-[ClientContainerCache init]
CraneSB.dylib,0x213A0,_objc_release,0x2019C,-[ClientContainerCache init]
CraneSB.dylib,0x213D0,_objc_retainAutoreleasedReturnValue,0x2019C,-[ClientContainerCache init]
CraneSB.dylib,0x21088,_CFNotificationCenterGetDarwinNotifyCenter,0x20244,-[ClientContainerCache _registerForClearMessages]
CraneSB.dylib,0x21100,__Block_object_dispose,0x20274,-[ClientContainerCache _getActiveContainerFromCacheForPid:]
CraneSB.dylib,0x2122C,_dispatch_sync,0x20274,-[ClientContainerCache _getActiveContainerFromCacheForPid:]
CraneSB.dylib,0x213A0,_objc_release,0x20274,-[ClientContainerCache _getActiveContainerFromCacheForPid:]
CraneSB.dylib,0x213AC,_objc_retain,0x20274,-[ClientContainerCache _getActiveContainerFromCacheForPid:]
CraneSB.dylib,0x21370,_objc_msgSend,0x2034C,sub_2034C
CraneSB.dylib,0x213A0,_objc_release,0x2034C,sub_2034C
CraneSB.dylib,0x213D0,_objc_retainAutoreleasedReturnValue,0x2034C,sub_2034C
CraneSB.dylib,0x213AC,_objc_retain,0x203D4,sub_203D4
CraneSB.dylib,0x21100,__Block_object_dispose,0x20408,sub_20408
CraneSB.dylib,0x211C0,_dispatch_async,0x20434,-[ClientContainerCache _setActiveContainer:toCacheForPid:]
CraneSB.dylib,0x213A0,_objc_release,0x20434,-[ClientContainerCache _setActiveContainer:toCacheForPid:]
CraneSB.dylib,0x213AC,_objc_retain,0x20434,-[ClientContainerCache _setActiveContainer:toCacheForPid:]
CraneSB.dylib,0x21370,_objc_msgSend,0x204C8,sub_204C8
CraneSB.dylib,0x213D0,_objc_retainAutoreleasedReturnValue,0x204C8,sub_204C8
CraneSB.dylib,0x2122C,_dispatch_sync,0x20534,-[ClientContainerCache _clearActiveContainerCache]
CraneSB.dylib,0x21370,_objc_msgSend,0x2058C,sub_2058C
CraneSB.dylib,0x20274,-[ClientContainerCache _getActiveContainerFromCacheForPid:],0x205CC,-[ClientContainerCache activeContainerIdentifierForPid:]
CraneSB.dylib,0x20434,-[ClientContainerCache _setActiveContainer:toCacheForPid:],0x205CC,-[ClientContainerCache activeContainerIdentifierForPid:]
CraneSB.dylib,0x21100,__Block_object_dispose,0x205CC,-[ClientContainerCache activeContainerIdentifierForPid:]
CraneSB.dylib,0x211CC,_dispatch_get_global_queue,0x205CC,-[ClientContainerCache activeContainerIdentifierForPid:]
CraneSB.dylib,0x21208,_dispatch_semaphore_create,0x205CC,-[ClientContainerCache activeContainerIdentifierForPid:]
CraneSB.dylib,0x21220,_dispatch_semaphore_wait,0x205CC,-[ClientContainerCache activeContainerIdentifierForPid:]
CraneSB.dylib,0x21238,_dispatch_time,0x205CC,-[ClientContainerCache activeContainerIdentifierForPid:]
CraneSB.dylib,0x21370,_objc_msgSend,0x205CC,-[ClientContainerCache activeContainerIdentifierForPid:]
CraneSB.dylib,0x213A0,_objc_release,0x205CC,-[ClientContainerCache activeContainerIdentifierForPid:]
CraneSB.dylib,0x213AC,_objc_retain,0x205CC,-[ClientContainerCache activeContainerIdentifierForPid:]
CraneSB.dylib,0x213D0,_objc_retainAutoreleasedReturnValue,0x205CC,-[ClientContainerCache activeContainerIdentifierForPid:]
CraneSB.dylib,0x213F4,_objc_storeStrong,0x205CC,-[ClientContainerCache activeContainerIdentifierForPid:]
CraneSB.dylib,0x21478,_xpc_connection_create_mach_service,0x205CC,-[ClientContainerCache activeContainerIdentifierForPid:]
CraneSB.dylib,0x21484,_xpc_connection_resume,0x205CC,-[ClientContainerCache activeContainerIdentifierForPid:]
CraneSB.dylib,0x21490,_xpc_connection_send_message_with_reply,0x205CC,-[ClientContainerCache activeContainerIdentifierForPid:]
CraneSB.dylib,0x2149C,_xpc_connection_set_event_handler,0x205CC,-[ClientContainerCache activeContainerIdentifierForPid:]
CraneSB.dylib,0x214A8,_xpc_dictionary_create,0x205CC,-[ClientContainerCache activeContainerIdentifierForPid:]
CraneSB.dylib,0x214C0,_xpc_dictionary_set_bool,0x205CC,-[ClientContainerCache activeContainerIdentifierForPid:]
CraneSB.dylib,0x214CC,_xpc_dictionary_set_int64,0x205CC,-[ClientContainerCache activeContainerIdentifierForPid:]
CraneSB.dylib,0x21100,__Block_object_dispose,0x2099C,sub_2099C
CraneSB.dylib,0x21118,__Unwind_Resume,0x2099C,sub_2099C
CraneSB.dylib,0x21370,_objc_msgSend,0x209D8,sub_209D8
CraneSB.dylib,0x213A0,_objc_release,0x209D8,sub_209D8
CraneSB.dylib,0x213D0,_objc_retainAutoreleasedReturnValue,0x209D8,sub_209D8
CraneSB.dylib,0x21214,_dispatch_semaphore_signal,0x20AA8,sub_20AA8
CraneSB.dylib,0x21370,_objc_msgSend,0x20AA8,sub_20AA8
CraneSB.dylib,0x213A0,_objc_release,0x20AA8,sub_20AA8
CraneSB.dylib,0x213AC,_objc_retain,0x20AA8,sub_20AA8
CraneSB.dylib,0x213D0,_objc_retainAutoreleasedReturnValue,0x20AA8,sub_20AA8
CraneSB.dylib,0x214B4,_xpc_dictionary_get_string,0x20AA8,sub_20AA8
CraneSB.dylib,0x214D8,_xpc_get_type,0x20AA8,sub_20AA8
CraneSB.dylib,0x213F4,_objc_storeStrong,0x20B3C,-[ClientContainerCache .cxx_destruct]
CraneSB.dylib,0x211E4,_dispatch_once_f,0x20B78,sub_20B78
CraneSB.dylib,0x2113C,___stack_chk_fail,0x20C3C,sub_20C3C
CraneSB.dylib,0x21250,_dlsym,0x20C3C,sub_20C3C
CraneSB.dylib,0x2125C,_fclose,0x20C3C,sub_20C3C
CraneSB.dylib,0x21268,_fopen,0x20C3C,sub_20C3C
CraneSB.dylib,0x21274,_fread,0x20C3C,sub_20C3C
CraneSB.dylib,0x21280,_free,0x20C3C,sub_20C3C
CraneSB.dylib,0x2128C,_fseek,0x20C3C,sub_20C3C
CraneSB.dylib,0x21298,_ftell,0x20C3C,sub_20C3C
CraneSB.dylib,0x212BC,_malloc,0x20C3C,sub_20C3C
CraneSB.dylib,0x2143C,_rewind,0x20C3C,sub_20C3C
CraneSB.dylib,0x21448,_sscanf,0x20C3C,sub_20C3C
CraneSB.dylib,0x2113C,___stack_chk_fail,0x20F58,sub_20F58
CraneSB.dylib,0x211E4,_dispatch_once_f,0x20F58,sub_20F58
CraneSB.dylib,0x21070,_CFBundleGetVersionNumber,0x21060,sub_21060
CraneSupport.dylib,0x1AACC,_dispatch_once,0x5418,sub_5418
CraneSupport.dylib,0x1AACC,_dispatch_once,0x5458,sub_5458
CraneSupport.dylib,0x1AACC,_dispatch_once,0x5498,sub_5498
CraneSupport.dylib,0x1AACC,_dispatch_once,0x54D8,sub_54D8
CraneSupport.dylib,0x1AACC,_dispatch_once,0x5530,sub_5530
CraneSupport.dylib,0x1AB2C,_dlopen,0x5588,sub_5588
CraneSupport.dylib,0x1AB38,_dlsym,0x5588,sub_5588
CraneSupport.dylib,0x1AA60,_access,0x56D0,sub_56D0
CraneSupport.dylib,0x1AA24,___strlcat_chk,0x5714,sub_5714
CraneSupport.dylib,0x1AA30,___strlcpy_chk,0x5714,sub_5714
CraneSupport.dylib,0x1AA60,_access,0x5714,sub_5714
CraneSupport.dylib,0x1AACC,_dispatch_once,0x5714,sub_5714
CraneSupport.dylib,0x1ABBC,_malloc,0x5714,sub_5714
CraneSupport.dylib,0x1ADCC,_strncmp,0x5714,sub_5714
CraneSupport.dylib,0x1AA24,___strlcat_chk,0x580C,sub_580C
CraneSupport.dylib,0x1AA30,___strlcpy_chk,0x580C,sub_580C
CraneSupport.dylib,0x1AACC,_dispatch_once,0x580C,sub_580C
CraneSupport.dylib,0x1ABBC,_malloc,0x580C,sub_580C
CraneSupport.dylib,0x1ADC0,_strlen,0x580C,sub_580C
CraneSupport.dylib,0x1ADCC,_strncmp,0x580C,sub_580C
CraneSupport.dylib,0x5530,sub_5530,0x593C,_localize
CraneSupport.dylib,0x1AA18,___stack_chk_fail,0x593C,_localize
CraneSupport.dylib,0x1AC28,_objc_autorelease,0x593C,_localize
CraneSupport.dylib,0x1AC88,_objc_msgSend,0x593C,_localize
CraneSupport.dylib,0x1ACAC,_objc_release,0x593C,_localize
CraneSupport.dylib,0x1ACB8,_objc_retain,0x593C,_localize
CraneSupport.dylib,0x1ACDC,_objc_retainAutoreleasedReturnValue,0x593C,_localize
CraneSupport.dylib,0x1AC88,_objc_msgSend,0x5B44,_containerPathForContainer
CraneSupport.dylib,0x1ACAC,_objc_release,0x5B44,_containerPathForContainer
CraneSupport.dylib,0x1ACB8,_objc_retain,0x5B44,_containerPathForContainer
CraneSupport.dylib,0x1ACDC,_objc_retainAutoreleasedReturnValue,0x5B44,_containerPathForContainer
CraneSupport.dylib,0x1AA18,___stack_chk_fail,0x5BF8,_createDirectoryIfNotExists
CraneSupport.dylib,0x1AC88,_objc_msgSend,0x5BF8,_createDirectoryIfNotExists
CraneSupport.dylib,0x1ACAC,_objc_release,0x5BF8,_createDirectoryIfNotExists
CraneSupport.dylib,0x1ACB8,_objc_retain,0x5BF8,_createDirectoryIfNotExists
CraneSupport.dylib,0x1ACDC,_objc_retainAutoreleasedReturnValue,0x5BF8,_createDirectoryIfNotExists
CraneSupport.dylib,0x1ACAC,_objc_release,0x5DD8,_normalizedContainerID
CraneSupport.dylib,0x1ACB8,_objc_retain,0x5DD8,_normalizedContainerID
CraneSupport.dylib,0x1AC10,_objc_alloc,0x5E20,_requestAuthentication
CraneSupport.dylib,0x1AC88,_objc_msgSend,0x5E20,_requestAuthentication
CraneSupport.dylib,0x1ACAC,_objc_release,0x5E20,_requestAuthentication
CraneSupport.dylib,0x1ACB8,_objc_retain,0x5E20,_requestAuthentication
CraneSupport.dylib,0x1AAB4,_dispatch_async,0x5F58,sub_5F58
CraneSupport.dylib,0x1AAC0,_dispatch_get_global_queue,0x5F58,sub_5F58
CraneSupport.dylib,0x1ACAC,_objc_release,0x5F58,sub_5F58
CraneSupport.dylib,0x1ACB8,_objc_retain,0x5F58,sub_5F58
CraneSupport.dylib,0x1ACDC,_objc_retainAutoreleasedReturnValue,0x5F58,sub_5F58
CraneSupport.dylib,0x1AACC,_dispatch_once,0x5FF0,_initUNProtocol
CraneSupport.dylib,0x1AC1C,_objc_allocateProtocol,0x6028,sub_6028
CraneSupport.dylib,0x1AC7C,_objc_getProtocol,0x6028,sub_6028
CraneSupport.dylib,0x1ACA0,_objc_registerProtocol,0x6028,sub_6028
CraneSupport.dylib,0x1ACAC,_objc_release,0x6028,sub_6028
CraneSupport.dylib,0x1ACDC,_objc_retainAutoreleasedReturnValue,0x6028,sub_6028
CraneSupport.dylib,0x1AD54,_protocol_addProtocol,0x6028,sub_6028
CraneSupport.dylib,0x5530,sub_5530,0x60C8,_getInjectionPlatform
CraneSupport.dylib,0x1AA18,___stack_chk_fail,0x60C8,_getInjectionPlatform
CraneSupport.dylib,0x1AA3C,__dyld_get_image_name,0x60C8,_getInjectionPlatform
CraneSupport.dylib,0x1AA54,__dyld_image_count,0x60C8,_getInjectionPlatform
CraneSupport.dylib,0x1AC28,_objc_autorelease,0x60C8,_getInjectionPlatform
CraneSupport.dylib,0x1AC88,_objc_msgSend,0x60C8,_getInjectionPlatform
CraneSupport.dylib,0x1ACAC,_objc_release,0x60C8,_getInjectionPlatform
CraneSupport.dylib,0x1ACDC,_objc_retainAutoreleasedReturnValue,0x60C8,_getInjectionPlatform
CraneSupport.dylib,0x1AACC,_dispatch_once,0x62BC,_getSecurityAccessGroupsToIgnore
CraneSupport.dylib,0x1AC88,_objc_msgSend,0x62FC,sub_62FC
CraneSupport.dylib,0x1ACDC,_objc_retainAutoreleasedReturnValue,0x62FC,sub_62FC
CraneSupport.dylib,0x1AC1C,_objc_allocateProtocol,0x6390,_initLSDProtocol
CraneSupport.dylib,0x1AC7C,_objc_getProtocol,0x6390,_initLSDProtocol
CraneSupport.dylib,0x1ACA0,_objc_registerProtocol,0x6390,_initLSDProtocol
CraneSupport.dylib,0x1ACAC,_objc_release,0x6390,_initLSDProtocol
CraneSupport.dylib,0x1ACDC,_objc_retainAutoreleasedReturnValue,0x6390,_initLSDProtocol
CraneSupport.dylib,0x1AD54,_protocol_addProtocol,0x6390,_initLSDProtocol
CraneSupport.dylib,0x1A9E8,__NSGetExecutablePath,0x6404,_safe_getExecutablePath
CraneSupport.dylib,0x1AA18,___stack_chk_fail,0x6404,_safe_getExecutablePath
CraneSupport.dylib,0x1AC88,_objc_msgSend,0x6404,_safe_getExecutablePath
CraneSupport.dylib,0x1A9E8,__NSGetExecutablePath,0x647C,_getProcessName
CraneSupport.dylib,0x1AA18,___stack_chk_fail,0x647C,_getProcessName
CraneSupport.dylib,0x1AC88,_objc_msgSend,0x647C,_getProcessName
CraneSupport.dylib,0x1AA3C,__dyld_get_image_name,0x6500,_isDylibLoaded
CraneSupport.dylib,0x1AA54,__dyld_image_count,0x6500,_isDylibLoaded
CraneSupport.dylib,0x1AC88,_objc_msgSend,0x6500,_isDylibLoaded
CraneSupport.dylib,0x1ACAC,_objc_release,0x6500,_isDylibLoaded
CraneSupport.dylib,0x1ACB8,_objc_retain,0x6500,_isDylibLoaded
CraneSupport.dylib,0x1ACDC,_objc_retainAutoreleasedReturnValue,0x6500,_isDylibLoaded
CraneSupport.dylib,0x5530,sub_5530,0x65EC,_craneDylibInjectsInSafeModeEnabled
CraneSupport.dylib,0x1AA18,___stack_chk_fail,0x65EC,_craneDylibInjectsInSafeModeEnabled
CraneSupport.dylib,0x1AC28,_objc_autorelease,0x65EC,_craneDylibInjectsInSafeModeEnabled
CraneSupport.dylib,0x1AC88,_objc_msgSend,0x65EC,_craneDylibInjectsInSafeModeEnabled
CraneSupport.dylib,0x1ACAC,_objc_release,0x65EC,_craneDylibInjectsInSafeModeEnabled
CraneSupport.dylib,0x1ACDC,_objc_retainAutoreleasedReturnValue,0x65EC,_craneDylibInjectsInSafeModeEnabled
CraneSupport.dylib,0x1AC88,_objc_msgSend,0x6768,_buildCraneTopic
CraneSupport.dylib,0x1ACAC,_objc_release,0x6768,_buildCraneTopic
CraneSupport.dylib,0x1ACB8,_objc_retain,0x6768,_buildCraneTopic
CraneSupport.dylib,0x1ACDC,_objc_retainAutoreleasedReturnValue,0x6768,_buildCraneTopic
CraneSupport.dylib,0x1AC28,_objc_autorelease,0x67F4,_decodeCraneTopic
CraneSupport.dylib,0x1AC88,_objc_msgSend,0x67F4,_decodeCraneTopic
CraneSupport.dylib,0x1ACDC,_objc_retainAutoreleasedReturnValue,0x67F4,_decodeCraneTopic
CraneSupport.dylib,0x1AA9C,_class_getInstanceVariable,0x6890,_CRObjHasIvar
CraneSupport.dylib,0x1AD18,_object_getClass,0x6890,_CRObjHasIvar
CraneSupport.dylib,0x1A9B8,_SecTaskCopySigningIdentifier,0x68C0,_isCraneSupportDaemon
CraneSupport.dylib,0x1A9C4,_SecTaskCreateWithAuditToken,0x68C0,_isCraneSupportDaemon
CraneSupport.dylib,0x1AA18,___stack_chk_fail,0x68C0,_isCraneSupportDaemon
CraneSupport.dylib,0x1AC88,_objc_msgSend,0x68C0,_isCraneSupportDaemon
CraneSupport.dylib,0x1ACAC,_objc_release,0x68C0,_isCraneSupportDaemon
CraneSupport.dylib,0x1ACDC,_objc_retainAutoreleasedReturnValue,0x68C0,_isCraneSupportDaemon
CraneSupport.dylib,0x1AE38,_xpc_connection_get_audit_token,0x68C0,_isCraneSupportDaemon
CraneSupport.dylib,0x1AB68,_free,0x69DC,__xpc_connection_set_event_handler
CraneSupport.dylib,0x1ACAC,_objc_release,0x69DC,__xpc_connection_set_event_handler
CraneSupport.dylib,0x1ACB8,_objc_retain,0x69DC,__xpc_connection_set_event_handler
CraneSupport.dylib,0x1ACE8,_objc_retainBlock,0x69DC,__xpc_connection_set_event_handler
CraneSupport.dylib,0x1ADF0,_strstr,0x69DC,__xpc_connection_set_event_handler
CraneSupport.dylib,0x1AE80,_xpc_copy_description,0x69DC,__xpc_connection_set_event_handler
CraneSupport.dylib,0x68C0,_isCraneSupportDaemon,0x6AE8,sub_6AE8
CraneSupport.dylib,0x12604,+[ClientContainerCache sharedInstance],0x6AE8,sub_6AE8
CraneSupport.dylib,0x12A4C,-[ClientContainerCache activeContainerIdentifierForPid:],0x6AE8,sub_6AE8
CraneSupport.dylib,0x1AB68,_free,0x6AE8,sub_6AE8
CraneSupport.dylib,0x1AC88,_objc_msgSend,0x6AE8,sub_6AE8
CraneSupport.dylib,0x1ACAC,_objc_release,0x6AE8,sub_6AE8
CraneSupport.dylib,0x1ACB8,_objc_retain,0x6AE8,sub_6AE8
CraneSupport.dylib,0x1ACC4,_objc_retainAutorelease,0x6AE8,sub_6AE8
CraneSupport.dylib,0x1ACDC,_objc_retainAutoreleasedReturnValue,0x6AE8,sub_6AE8
CraneSupport.dylib,0x1AE5C,_xpc_connection_send_message,0x6AE8,sub_6AE8
CraneSupport.dylib,0x1AE80,_xpc_copy_description,0x6AE8,sub_6AE8
CraneSupport.dylib,0x1AE98,_xpc_dictionary_create_reply,0x6AE8,sub_6AE8
CraneSupport.dylib,0x1AEA4,_xpc_dictionary_get_bool,0x6AE8,sub_6AE8
CraneSupport.dylib,0x1AEBC,_xpc_dictionary_get_int64,0x6AE8,sub_6AE8
CraneSupport.dylib,0x1AEC8,_xpc_dictionary_get_remote_connection,0x6AE8,sub_6AE8
CraneSupport.dylib,0x1AF04,_xpc_dictionary_set_string,0x6AE8,sub_6AE8
CraneSupport.dylib,0x1AF1C,_xpc_get_type,0x6AE8,sub_6AE8
CraneSupport.dylib,0x647C,_getProcessName,0x6C5C,InitFunc_0
CraneSupport.dylib,0x6C40,_initCraneProxy,0x6C5C,InitFunc_0
CraneSupport.dylib,0x7200,_initAccountsd,0x6C5C,InitFunc_0
CraneSupport.dylib,0x9C4C,_initApsd,0x6C5C,InitFunc_0
CraneSupport.dylib,0xBBFC,_initCfprefsd,0x6C5C,InitFunc_0
CraneSupport.dylib,0xCC88,_initContainermanagerd,0x6C5C,InitFunc_0
CraneSupport.dylib,0xD7D8,_initLsd,0x6C5C,InitFunc_0
CraneSupport.dylib,0xF2B4,_initPkd,0x6C5C,InitFunc_0
CraneSupport.dylib,0x11E5C,_initSecurityd,0x6C5C,InitFunc_0
CraneSupport.dylib,0x1AC34,_objc_autoreleasePoolPop,0x6C5C,InitFunc_0
CraneSupport.dylib,0x1AC40,_objc_autoreleasePoolPush,0x6C5C,InitFunc_0
CraneSupport.dylib,0x1AC88,_objc_msgSend,0x6C5C,InitFunc_0
CraneSupport.dylib,0x1ACAC,_objc_release,0x6C5C,InitFunc_0
CraneSupport.dylib,0x1ACDC,_objc_retainAutoreleasedReturnValue,0x6C5C,InitFunc_0
CraneSupport.dylib,0x1ABA4,_libSandy_applyProfile,0x6E44,sub_6E44
CraneSupport.dylib,0x1AC88,_objc_msgSend,0x6E88,_separateSystemAccountsEnabledForBundleID
CraneSupport.dylib,0x1ACAC,_objc_release,0x6E88,_separateSystemAccountsEnabledForBundleID
CraneSupport.dylib,0x1ACB8,_objc_retain,0x6E88,_separateSystemAccountsEnabledForBundleID
CraneSupport.dylib,0x1ACDC,_objc_retainAutoreleasedReturnValue,0x6E88,_separateSystemAccountsEnabledForBundleID
CraneSupport.dylib,0x1ACB8,_objc_retain,0x6F58,sub_6F58
CraneSupport.dylib,0x1ACF4,_objc_setAssociatedObject,0x6F58,sub_6F58
CraneSupport.dylib,0x1ACB8,_objc_retain,0x6FA0,sub_6FA0
CraneSupport.dylib,0x1ACF4,_objc_setAssociatedObject,0x6FA0,sub_6FA0
CraneSupport.dylib,0x1ACB8,_objc_retain,0x6FE8,sub_6FE8
CraneSupport.dylib,0x1ACF4,_objc_setAssociatedObject,0x6FE8,sub_6FE8
CraneSupport.dylib,0x1AC70,_objc_getClass,0x7024,_initNoStartUsingiCloudHooks
CraneSupport.dylib,0x1AC88,_objc_msgSend,0x70A0,sub_70A0
CraneSupport.dylib,0x1ACAC,_objc_release,0x70A0,sub_70A0
CraneSupport.dylib,0x1ACB8,_objc_retain,0x70A0,sub_70A0
CraneSupport.dylib,0x1ACDC,_objc_retainAutoreleasedReturnValue,0x70A0,sub_70A0
CraneSupport.dylib,0x1AC88,_objc_msgSend,0x7154,sub_7154
CraneSupport.dylib,0x1ACAC,_objc_release,0x7154,sub_7154
CraneSupport.dylib,0x1ACB8,_objc_retain,0x7154,sub_7154
CraneSupport.dylib,0x1A910,_CFNotificationCenterAddObserver,0x7200,_initAccountsd
CraneSupport.dylib,0x1A934,_CFNotificationCenterGetLocalCenter,0x7200,_initAccountsd
CraneSupport.dylib,0x1A964,_MSFindSymbol,0x7200,_initAccountsd
CraneSupport.dylib,0x1A970,_MSGetImageByName,0x7200,_initAccountsd
CraneSupport.dylib,0x1A988,_MSHookMessageEx,0x7200,_initAccountsd
CraneSupport.dylib,0x1AA0C,___snprintf_chk,0x7200,_initAccountsd
CraneSupport.dylib,0x1AA18,___stack_chk_fail,0x7200,_initAccountsd
CraneSupport.dylib,0x1AA84,_class_addMethod,0x7200,_initAccountsd
CraneSupport.dylib,0x1AA90,_class_addProperty,0x7200,_initAccountsd
CraneSupport.dylib,0x1AC70,_objc_getClass,0x7200,_initAccountsd
CraneSupport.dylib,0x1AD18,_object_getClass,0x7200,_initAccountsd
CraneSupport.dylib,0x7024,_initNoStartUsingiCloudHooks,0x76B8,sub_76B8
CraneSupport.dylib,0x1A994,_NSClassFromString,0x76B8,sub_76B8
CraneSupport.dylib,0x1AACC,_dispatch_once,0x76B8,sub_76B8
CraneSupport.dylib,0x1AC88,_objc_msgSend,0x76B8,sub_76B8
CraneSupport.dylib,0x1ACAC,_objc_release,0x76B8,sub_76B8
CraneSupport.dylib,0x1ACB8,_objc_retain,0x76B8,sub_76B8
CraneSupport.dylib,0x1ACDC,_objc_retainAutoreleasedReturnValue,0x76B8,sub_76B8
CraneSupport.dylib,0x6E88,_separateSystemAccountsEnabledForBundleID,0x7784,sub_7784
CraneSupport.dylib,0x12604,+[ClientContainerCache sharedInstance],0x7784,sub_7784
CraneSupport.dylib,0x12A4C,-[ClientContainerCache activeContainerIdentifierForPid:],0x7784,sub_7784
CraneSupport.dylib,0x1AC88,_objc_msgSend,0x7784,sub_7784
CraneSupport.dylib,0x1ACAC,_objc_release,0x7784,sub_7784
CraneSupport.dylib,0x1ACB8,_objc_retain,0x7784,sub_7784
CraneSupport.dylib,0x1ACDC,_objc_retainAutoreleasedReturnValue,0x7784,sub_7784
CraneSupport.dylib,0x1AC88,_objc_msgSend,0x7AE8,sub_7AE8
CraneSupport.dylib,0x1ACAC,_objc_release,0x7AE8,sub_7AE8
CraneSupport.dylib,0x1ACB8,_objc_retain,0x7AE8,sub_7AE8
CraneSupport.dylib,0x1ACDC,_objc_retainAutoreleasedReturnValue,0x7AE8,sub_7AE8
CraneSupport.dylib,0x5BF8,_createDirectoryIfNotExists,0x7CB8,sub_7CB8
CraneSupport.dylib,0x5DD8,_normalizedContainerID,0x7CB8,sub_7CB8
CraneSupport.dylib,0x1AC10,_objc_alloc,0x7CB8,sub_7CB8
CraneSupport.dylib,0x1AC70,_objc_getClass,0x7CB8,sub_7CB8
CraneSupport.dylib,0x1AC88,_objc_msgSend,0x7CB8,sub_7CB8
CraneSupport.dylib,0x1ACAC,_objc_release,0x7CB8,sub_7CB8
CraneSupport.dylib,0x1ACB8,_objc_retain,0x7CB8,sub_7CB8
CraneSupport.dylib,0x1ACC4,_objc_retainAutorelease,0x7CB8,sub_7CB8
CraneSupport.dylib,0x1ACDC,_objc_retainAutoreleasedReturnValue,0x7CB8,sub_7CB8
CraneSupport.dylib,0x1AD0C,_objc_unsafeClaimAutoreleasedReturnValue,0x7CB8,sub_7CB8
CraneSupport.dylib,0x1A940,_CFRelease,0x8104,sub_8104
CraneSupport.dylib,0x1AACC,_dispatch_once,0x8104,sub_8104
CraneSupport.dylib,0x1AC88,_objc_msgSend,0x8104,sub_8104
CraneSupport.dylib,0x1ACAC,_objc_release,0x8104,sub_8104
CraneSupport.dylib,0x1ACB8,_objc_retain,0x8104,sub_8104
CraneSupport.dylib,0x1ACDC,_objc_retainAutoreleasedReturnValue,0x8104,sub_8104
CraneSupport.dylib,0x1AC88,_objc_msgSend,0x8204,sub_8204
CraneSupport.dylib,0x1ACAC,_objc_release,0x8204,sub_8204
CraneSupport.dylib,0x1ACB8,_objc_retain,0x8204,sub_8204
CraneSupport.dylib,0x1ACDC,_objc_retainAutoreleasedReturnValue,0x8204,sub_8204
CraneSupport.dylib,0x5BF8,_createDirectoryIfNotExists,0x8324,sub_8324
CraneSupport.dylib,0x5DD8,_normalizedContainerID,0x8324,sub_8324
CraneSupport.dylib,0x1AC10,_objc_alloc,0x8324,sub_8324
CraneSupport.dylib,0x1AC70,_objc_getClass,0x8324,sub_8324
CraneSupport.dylib,0x1AC88,_objc_msgSend,0x8324,sub_8324
CraneSupport.dylib,0x1ACAC,_objc_release,0x8324,sub_8324
CraneSupport.dylib,0x1ACB8,_objc_retain,0x8324,sub_8324
CraneSupport.dylib,0x1ACC4,_objc_retainAutorelease,0x8324,sub_8324
CraneSupport.dylib,0x1ACDC,_objc_retainAutoreleasedReturnValue,0x8324,sub_8324
CraneSupport.dylib,0x1AC88,_objc_msgSend,0x863C,sub_863C
CraneSupport.dylib,0x1A820,_CC_SHA1,0x8670,_APSCopyHashForString_reimpl
CraneSupport.dylib,0x1AA18,___stack_chk_fail,0x8670,_APSCopyHashForString_reimpl
CraneSupport.dylib,0x1AC88,_objc_msgSend,0x8670,_APSCopyHashForString_reimpl
CraneSupport.dylib,0x1ACAC,_objc_release,0x8670,_APSCopyHashForString_reimpl
CraneSupport.dylib,0x1ACC4,_objc_retainAutorelease,0x8670,_APSCopyHashForString_reimpl
CraneSupport.dylib,0x1ACDC,_objc_retainAutoreleasedReturnValue,0x8670,_APSCopyHashForString_reimpl
CraneSupport.dylib,0x1AC10,_objc_alloc,0x8740,_APSCopyStringRepresentationOfData_reimpl
CraneSupport.dylib,0x1AC88,_objc_msgSend,0x8740,_APSCopyStringRepresentationOfData_reimpl
CraneSupport.dylib,0x1ACAC,_objc_release,0x8740,_APSCopyStringRepresentationOfData_reimpl
CraneSupport.dylib,0x1ACB8,_objc_retain,0x8740,_APSCopyStringRepresentationOfData_reimpl
CraneSupport.dylib,0x1ACC4,_objc_retainAutorelease,0x8740,_APSCopyStringRepresentationOfData_reimpl
CraneSupport.dylib,0x1ACD0,_objc_retainAutoreleaseReturnValue,0x8740,_APSCopyStringRepresentationOfData_reimpl
CraneSupport.dylib,0x1AC88,_objc_msgSend,0x8854,_dataForStringRepresentation
CraneSupport.dylib,0x1ACAC,_objc_release,0x8854,_dataForStringRepresentation
CraneSupport.dylib,0x1ACB8,_objc_retain,0x8854,_dataForStringRepresentation
CraneSupport.dylib,0x1ACDC,_objc_retainAutoreleasedReturnValue,0x8854,_dataForStringRepresentation
CraneSupport.dylib,0x1AC88,_objc_msgSend,0x8B24,_hexStringForData
CraneSupport.dylib,0x1ACAC,_objc_release,0x8B24,_hexStringForData
CraneSupport.dylib,0x1ACB8,_objc_retain,0x8B24,_hexStringForData
CraneSupport.dylib,0x1ACC4,_objc_retainAutorelease,0x8B24,_hexStringForData
CraneSupport.dylib,0x1ACDC,_objc_retainAutoreleasedReturnValue,0x8B24,_hexStringForData
CraneSupport.dylib,0x1ABBC,_malloc,0x8C78,_dataForHexString
CraneSupport.dylib,0x1AC88,_objc_msgSend,0x8C78,_dataForHexString
CraneSupport.dylib,0x1ACAC,_objc_release,0x8C78,_dataForHexString
CraneSupport.dylib,0x1ACB8,_objc_retain,0x8C78,_dataForHexString
CraneSupport.dylib,0x1ACDC,_objc_retainAutoreleasedReturnValue,0x8C78,_dataForHexString
CraneSupport.dylib,0x1ADFC,_strtol,0x8C78,_dataForHexString
CraneSupport.dylib,0x1AC88,_objc_msgSend,0x8D90,_apsd_notificationSupportEnabled
CraneSupport.dylib,0x1ACAC,_objc_release,0x8D90,_apsd_notificationSupportEnabled
CraneSupport.dylib,0x1ACDC,_objc_retainAutoreleasedReturnValue,0x8D90,_apsd_notificationSupportEnabled
CraneSupport.dylib,0x8854,_dataForStringRepresentation,0x8E1C,_fetchTopicHash
CraneSupport.dylib,0x1A874,_CFArrayGetTypeID,0x8E1C,_fetchTopicHash
CraneSupport.dylib,0x1A898,_CFDictionaryAddValue,0x8E1C,_fetchTopicHash
CraneSupport.dylib,0x1A8A4,_CFDictionaryCreateMutable,0x8E1C,_fetchTopicHash
CraneSupport.dylib,0x1A904,_CFGetTypeID,0x8E1C,_fetchTopicHash
CraneSupport.dylib,0x1A940,_CFRelease,0x8E1C,_fetchTopicHash
CraneSupport.dylib,0x1A9AC,_SecItemCopyMatching,0x8E1C,_fetchTopicHash
CraneSupport.dylib,0x1AA18,___stack_chk_fail,0x8E1C,_fetchTopicHash
CraneSupport.dylib,0x1AC58,_objc_enumerationMutation,0x8E1C,_fetchTopicHash
CraneSupport.dylib,0x1AC88,_objc_msgSend,0x8E1C,_fetchTopicHash
CraneSupport.dylib,0x1ACAC,_objc_release,0x8E1C,_fetchTopicHash
CraneSupport.dylib,0x1ACB8,_objc_retain,0x8E1C,_fetchTopicHash
CraneSupport.dylib,0x1ACDC,_objc_retainAutoreleasedReturnValue,0x8E1C,_fetchTopicHash
CraneSupport.dylib,0x8B24,_hexStringForData,0x92C0,_topicStorage_createKey
CraneSupport.dylib,0x1AC88,_objc_msgSend,0x92C0,_topicStorage_createKey
CraneSupport.dylib,0x1ACAC,_objc_release,0x92C0,_topicStorage_createKey
CraneSupport.dylib,0x1ACDC,_objc_retainAutoreleasedReturnValue,0x92C0,_topicStorage_createKey
CraneSupport.dylib,0x8C78,_dataForHexString,0x932C,_topicStorage_decodeKey
CraneSupport.dylib,0x1AC10,_objc_alloc,0x932C,_topicStorage_decodeKey
CraneSupport.dylib,0x1AC28,_objc_autorelease,0x932C,_topicStorage_decodeKey
CraneSupport.dylib,0x1AC88,_objc_msgSend,0x932C,_topicStorage_decodeKey
CraneSupport.dylib,0x1ACAC,_objc_release,0x932C,_topicStorage_decodeKey
CraneSupport.dylib,0x1ACDC,_objc_retainAutoreleasedReturnValue,0x932C,_topicStorage_decodeKey
CraneSupport.dylib,0x92C0,_topicStorage_createKey,0x9464,_topicStorage_getCranedHash
CraneSupport.dylib,0x1AC88,_objc_msgSend,0x9464,_topicStorage_getCranedHash
CraneSupport.dylib,0x1ACAC,_objc_release,0x9464,_topicStorage_getCranedHash
CraneSupport.dylib,0x1ACB8,_objc_retain,0x9464,_topicStorage_getCranedHash
CraneSupport.dylib,0x1ACDC,_objc_retainAutoreleasedReturnValue,0x9464,_topicStorage_getCranedHash
CraneSupport.dylib,0x932C,_topicStorage_decodeKey,0x94E0,_topicStorage_getUncranedHash
CraneSupport.dylib,0x1AC88,_objc_msgSend,0x94E0,_topicStorage_getUncranedHash
CraneSupport.dylib,0x1ACAC,_objc_release,0x94E0,_topicStorage_getUncranedHash
CraneSupport.dylib,0x1ACB8,_objc_retain,0x94E0,_topicStorage_getUncranedHash
CraneSupport.dylib,0x1ACDC,_objc_retainAutoreleasedReturnValue,0x94E0,_topicStorage_getUncranedHash
CraneSupport.dylib,0x92C0,_topicStorage_createKey,0x9580,_topicStorage_writePair
CraneSupport.dylib,0x1AC88,_objc_msgSend,0x9580,_topicStorage_writePair
CraneSupport.dylib,0x1ACAC,_objc_release,0x9580,_topicStorage_writePair
CraneSupport.dylib,0x1ACB8,_objc_retain,0x9580,_topicStorage_writePair
CraneSupport.dylib,0x1ACDC,_objc_retainAutoreleasedReturnValue,0x9580,_topicStorage_writePair
CraneSupport.dylib,0x92C0,_topicStorage_createKey,0x9618,_topicStorage_removePair
CraneSupport.dylib,0x1AC88,_objc_msgSend,0x9618,_topicStorage_removePair
CraneSupport.dylib,0x1ACAC,_objc_release,0x9618,_topicStorage_removePair
CraneSupport.dylib,0x1ACB8,_objc_retain,0x9618,_topicStorage_removePair
CraneSupport.dylib,0x1ACDC,_objc_retainAutoreleasedReturnValue,0x9618,_topicStorage_removePair
CraneSupport.dylib,0x1ACB8,_objc_retain,0x968C,sub_968C
CraneSupport.dylib,0x1ACF4,_objc_setAssociatedObject,0x968C,sub_968C
CraneSupport.dylib,0x8D90,_apsd_notificationSupportEnabled,0x96C8,_handleAppTokenGenerateResponseHook
CraneSupport.dylib,0x9464,_topicStorage_getCranedHash,0x96C8,_handleAppTokenGenerateResponseHook
CraneSupport.dylib,0x9618,_topicStorage_removePair,0x96C8,_handleAppTokenGenerateResponseHook
CraneSupport.dylib,0x1AC88,_objc_msgSend,0x96C8,_handleAppTokenGenerateResponseHook
CraneSupport.dylib,0x1ACAC,_objc_release,0x96C8,_handleAppTokenGenerateResponseHook
CraneSupport.dylib,0x1ACB8,_objc_retain,0x96C8,_handleAppTokenGenerateResponseHook
CraneSupport.dylib,0x1ACDC,_objc_retainAutoreleasedReturnValue,0x96C8,_handleAppTokenGenerateResponseHook
CraneSupport.dylib,0x8D90,_apsd_notificationSupportEnabled,0x989C,_handleMessageMessageHook
CraneSupport.dylib,0x8E1C,_fetchTopicHash,0x989C,_handleMessageMessageHook
CraneSupport.dylib,0x1A9DC,__Block_object_dispose,0x989C,_handleMessageMessageHook
CraneSupport.dylib,0x1AC88,_objc_msgSend,0x989C,_handleMessageMessageHook
CraneSupport.dylib,0x1ACAC,_objc_release,0x989C,_handleMessageMessageHook
CraneSupport.dylib,0x1ACB8,_objc_retain,0x989C,_handleMessageMessageHook
CraneSupport.dylib,0x1ACDC,_objc_retainAutoreleasedReturnValue,0x989C,_handleMessageMessageHook
CraneSupport.dylib,0x1A9DC,__Block_object_dispose,0x9B38,sub_9B38
CraneSupport.dylib,0x1A9F4,__Unwind_Resume,0x9B38,sub_9B38
CraneSupport.dylib,0x1AC88,_objc_msgSend,0x9B68,sub_9B68
CraneSupport.dylib,0x1ACAC,_objc_release,0x9B68,sub_9B68
CraneSupport.dylib,0x1ACDC,_objc_retainAutoreleasedReturnValue,0x9B68,sub_9B68
CraneSupport.dylib,0x1A988,_MSHookMessageEx,0x9C4C,_initApsd
CraneSupport.dylib,0x1A994,_NSClassFromString,0x9C4C,_initApsd
CraneSupport.dylib,0x1AA0C,___snprintf_chk,0x9C4C,_initApsd
CraneSupport.dylib,0x1AA18,___stack_chk_fail,0x9C4C,_initApsd
CraneSupport.dylib,0x1AA84,_class_addMethod,0x9C4C,_initApsd
CraneSupport.dylib,0x1AA90,_class_addProperty,0x9C4C,_initApsd
CraneSupport.dylib,0x1AB2C,_dlopen,0x9C4C,_initApsd
CraneSupport.dylib,0x1AB38,_dlsym,0x9C4C,_initApsd
CraneSupport.dylib,0x1AC70,_objc_getClass,0x9C4C,_initApsd
CraneSupport.dylib,0x8D90,_apsd_notificationSupportEnabled,0x9F84,sub_9F84
CraneSupport.dylib,0x94E0,_topicStorage_getUncranedHash,0x9F84,sub_9F84
CraneSupport.dylib,0x1AC88,_objc_msgSend,0x9F84,sub_9F84
CraneSupport.dylib,0x1ACAC,_objc_release,0x9F84,sub_9F84
CraneSupport.dylib,0x1ACB8,_objc_retain,0x9F84,sub_9F84
CraneSupport.dylib,0x1ACDC,_objc_retainAutoreleasedReturnValue,0x9F84,sub_9F84
CraneSupport.dylib,0x8D90,_apsd_notificationSupportEnabled,0xA0B4,sub_A0B4
CraneSupport.dylib,0x94E0,_topicStorage_getUncranedHash,0xA0B4,sub_A0B4
CraneSupport.dylib,0x1A994,_NSClassFromString,0xA0B4,sub_A0B4
CraneSupport.dylib,0x1AC88,_objc_msgSend,0xA0B4,sub_A0B4
CraneSupport.dylib,0x1ACAC,_objc_release,0xA0B4,sub_A0B4
CraneSupport.dylib,0x1ACB8,_objc_retain,0xA0B4,sub_A0B4
CraneSupport.dylib,0x1ACDC,_objc_retainAutoreleasedReturnValue,0xA0B4,sub_A0B4
CraneSupport.dylib,0x67E0,_isCraneTopic,0xA308,sub_A308
CraneSupport.dylib,0x67F4,_decodeCraneTopic,0xA308,sub_A308
CraneSupport.dylib,0x8D90,_apsd_notificationSupportEnabled,0xA308,sub_A308
CraneSupport.dylib,0x9580,_topicStorage_writePair,0xA308,sub_A308
CraneSupport.dylib,0x1AC88,_objc_msgSend,0xA308,sub_A308
CraneSupport.dylib,0x1ACAC,_objc_release,0xA308,sub_A308
CraneSupport.dylib,0x1ACB8,_objc_retain,0xA308,sub_A308
CraneSupport.dylib,0x1ACDC,_objc_retainAutoreleasedReturnValue,0xA308,sub_A308
CraneSupport.dylib,0x67E0,_isCraneTopic,0xA4FC,sub_A4FC
CraneSupport.dylib,0x67F4,_decodeCraneTopic,0xA4FC,sub_A4FC
CraneSupport.dylib,0x8D90,_apsd_notificationSupportEnabled,0xA4FC,sub_A4FC
CraneSupport.dylib,0x9580,_topicStorage_writePair,0xA4FC,sub_A4FC
CraneSupport.dylib,0x1AC88,_objc_msgSend,0xA4FC,sub_A4FC
CraneSupport.dylib,0x1ACAC,_objc_release,0xA4FC,sub_A4FC
CraneSupport.dylib,0x1ACB8,_objc_retain,0xA4FC,sub_A4FC
CraneSupport.dylib,0x1ACDC,_objc_retainAutoreleasedReturnValue,0xA4FC,sub_A4FC
CraneSupport.dylib,0x96C8,_handleAppTokenGenerateResponseHook,0xA758,sub_A758
CraneSupport.dylib,0x96C8,_handleAppTokenGenerateResponseHook,0xA7B4,sub_A7B4
CraneSupport.dylib,0x1ACAC,_objc_release,0xA7B4,sub_A7B4
CraneSupport.dylib,0x1ACB8,_objc_retain,0xA7B4,sub_A7B4
CraneSupport.dylib,0x989C,_handleMessageMessageHook,0xA860,sub_A860
CraneSupport.dylib,0x1ACAC,_objc_release,0xA860,sub_A860
CraneSupport.dylib,0x1ACB8,_objc_retain,0xA860,sub_A860
CraneSupport.dylib,0x989C,_handleMessageMessageHook,0xA930,sub_A930
CraneSupport.dylib,0x989C,_handleMessageMessageHook,0xA994,sub_A994
CraneSupport.dylib,0x989C,_handleMessageMessageHook,0xA9F4,sub_A9F4
CraneSupport.dylib,0x1AC88,_objc_msgSend,0xAB1C,_handleSourceMessageHook
CraneSupport.dylib,0x1ACAC,_objc_release,0xAB1C,_handleSourceMessageHook
CraneSupport.dylib,0x1ACB8,_objc_retain,0xAB1C,_handleSourceMessageHook
CraneSupport.dylib,0x1ACDC,_objc_retainAutoreleasedReturnValue,0xAB1C,_handleSourceMessageHook
CraneSupport.dylib,0x1AE44,_xpc_connection_get_pid,0xAB1C,_handleSourceMessageHook
CraneSupport.dylib,0x1AED4,_xpc_dictionary_get_string,0xAB1C,_handleSourceMessageHook
CraneSupport.dylib,0x1AEE0,_xpc_dictionary_get_value,0xAB1C,_handleSourceMessageHook
CraneSupport.dylib,0x1AF1C,_xpc_get_type,0xAB1C,_handleSourceMessageHook
CraneSupport.dylib,0xAB1C,_handleSourceMessageHook,0xAD34,_handleSourceMessageHook_v2
CraneSupport.dylib,0x1ACAC,_objc_release,0xAD34,_handleSourceMessageHook_v2
CraneSupport.dylib,0x1ACB8,_objc_retain,0xAD34,_handleSourceMessageHook_v2
CraneSupport.dylib,0x5B44,_containerPathForContainer,0xADF0,_withSourceForDomainHook
CraneSupport.dylib,0x12604,+[ClientContainerCache sharedInstance],0xADF0,_withSourceForDomainHook
CraneSupport.dylib,0x12A4C,-[ClientContainerCache activeContainerIdentifierForPid:],0xADF0,_withSourceForDomainHook
CraneSupport.dylib,0x1AC88,_objc_msgSend,0xADF0,_withSourceForDomainHook
CraneSupport.dylib,0x1ACAC,_objc_release,0xADF0,_withSourceForDomainHook
CraneSupport.dylib,0x1ACB8,_objc_retain,0xADF0,_withSourceForDomainHook
CraneSupport.dylib,0x1ACDC,_objc_retainAutoreleasedReturnValue,0xADF0,_withSourceForDomainHook
CraneSupport.dylib,0xADF0,_withSourceForDomainHook,0xB318,_withSourceForDomainHook_v3
CraneSupport.dylib,0x1ACAC,_objc_release,0xB318,_withSourceForDomainHook_v3
CraneSupport.dylib,0x1ACB8,_objc_retain,0xB318,_withSourceForDomainHook_v3
CraneSupport.dylib,0x1ACB8,_objc_retain,0xB480,sub_B480
CraneSupport.dylib,0x1ACAC,_objc_release,0xB4A8,sub_B4A8
CraneSupport.dylib,0x1AC88,_objc_msgSend,0xB4D0,_new_CFPrefsGetPathForTriplet
CraneSupport.dylib,0x1ACAC,_objc_release,0xB4D0,_new_CFPrefsGetPathForTriplet
CraneSupport.dylib,0x1ACDC,_objc_retainAutoreleasedReturnValue,0xB4D0,_new_CFPrefsGetPathForTriplet
CraneSupport.dylib,0x1AA60,_access,0xB6E0,_initHandleSourceMessage
CraneSupport.dylib,0x1AB2C,_dlopen,0xB6E0,_initHandleSourceMessage
CraneSupport.dylib,0x1AB38,_dlsym,0xB6E0,_initHandleSourceMessage
CraneSupport.dylib,0x1AC70,_objc_getClass,0xB6E0,_initHandleSourceMessage
CraneSupport.dylib,0xAB1C,_handleSourceMessageHook,0xB7EC,sub_B7EC
CraneSupport.dylib,0x1AA60,_access,0xB848,_initWithSourceForDomain
CraneSupport.dylib,0x1AB2C,_dlopen,0xB848,_initWithSourceForDomain
CraneSupport.dylib,0x1AB38,_dlsym,0xB848,_initWithSourceForDomain
CraneSupport.dylib,0x1AC70,_objc_getClass,0xB848,_initWithSourceForDomain
CraneSupport.dylib,0x1AC88,_objc_msgSend,0xB848,_initWithSourceForDomain
CraneSupport.dylib,0x1ACC4,_objc_retainAutorelease,0xB848,_initWithSourceForDomain
CraneSupport.dylib,0xADF0,_withSourceForDomainHook,0xBA34,sub_BA34
CraneSupport.dylib,0x1ACAC,_objc_release,0xBA34,sub_BA34
CraneSupport.dylib,0x1ACB8,_objc_retain,0xBA34,sub_BA34
CraneSupport.dylib,0xADF0,_withSourceForDomainHook,0xBB10,sub_BB10
CraneSupport.dylib,0x1ACAC,_objc_release,0xBB10,sub_BB10
CraneSupport.dylib,0x1ACB8,_objc_retain,0xBB10,sub_BB10
CraneSupport.dylib,0xB6E0,_initHandleSourceMessage,0xBBFC,_initCfprefsd
CraneSupport.dylib,0xB848,_initWithSourceForDomain,0xBBFC,_initCfprefsd
CraneSupport.dylib,0xBD1C,sub_BD1C,0xBBFC,_initCfprefsd
CraneSupport.dylib,0x1A964,_MSFindSymbol,0xBBFC,_initCfprefsd
CraneSupport.dylib,0x1A970,_MSGetImageByName,0xBBFC,_initCfprefsd
CraneSupport.dylib,0x1A994,_NSClassFromString,0xBBFC,_initCfprefsd
CraneSupport.dylib,0x1AA60,_access,0xBD1C,sub_BD1C
CraneSupport.dylib,0x1AB2C,_dlopen,0xBD1C,sub_BD1C
CraneSupport.dylib,0x1AB38,_dlsym,0xBD1C,sub_BD1C
CraneSupport.dylib,0x1AC10,_objc_alloc,0xBE84,_metadataCopyForMetadata
CraneSupport.dylib,0x1AC70,_objc_getClass,0xBE84,_metadataCopyForMetadata
CraneSupport.dylib,0x1AC88,_objc_msgSend,0xBE84,_metadataCopyForMetadata
CraneSupport.dylib,0x1ACAC,_objc_release,0xBE84,_metadataCopyForMetadata
CraneSupport.dylib,0x1ACB8,_objc_retain,0xBE84,_metadataCopyForMetadata
CraneSupport.dylib,0x1ACC4,_objc_retainAutorelease,0xBE84,_metadataCopyForMetadata
CraneSupport.dylib,0x1ACDC,_objc_retainAutoreleasedReturnValue,0xBE84,_metadataCopyForMetadata
CraneSupport.dylib,0x1AC88,_objc_msgSend,0xC260,_stripCraneContainerFromPath
CraneSupport.dylib,0x1ACAC,_objc_release,0xC260,_stripCraneContainerFromPath
CraneSupport.dylib,0x1ACDC,_objc_retainAutoreleasedReturnValue,0xC260,_stripCraneContainerFromPath
CraneSupport.dylib,0x5B44,_containerPathForContainer,0xC2BC,_redirectedURLForURL
CraneSupport.dylib,0x1AC28,_objc_autorelease,0xC2BC,_redirectedURLForURL
CraneSupport.dylib,0x1AC88,_objc_msgSend,0xC2BC,_redirectedURLForURL
CraneSupport.dylib,0x1ACAC,_objc_release,0xC2BC,_redirectedURLForURL
CraneSupport.dylib,0x1ACB8,_objc_retain,0xC2BC,_redirectedURLForURL
CraneSupport.dylib,0x1ACDC,_objc_retainAutoreleasedReturnValue,0xC2BC,_redirectedURLForURL
CraneSupport.dylib,0xC2BC,_redirectedURLForURL,0xC3E4,_redirectedContainerPathCopyForContainerPath
CraneSupport.dylib,0x1AC88,_objc_msgSend,0xC3E4,_redirectedContainerPathCopyForContainerPath
CraneSupport.dylib,0x1ACAC,_objc_release,0xC3E4,_redirectedContainerPathCopyForContainerPath
CraneSupport.dylib,0x1ACB8,_objc_retain,0xC3E4,_redirectedContainerPathCopyForContainerPath
CraneSupport.dylib,0x1ACDC,_objc_retainAutoreleasedReturnValue,0xC3E4,_redirectedContainerPathCopyForContainerPath
CraneSupport.dylib,0x1ACAC,_objc_release,0xC54C,_xpc_connection_set_event_handler_hook_11_12
CraneSupport.dylib,0x1ACB8,_objc_retain,0xC54C,_xpc_connection_set_event_handler_hook_11_12
CraneSupport.dylib,0x1ACE8,_objc_retainBlock,0xC54C,_xpc_connection_set_event_handler_hook_11_12
CraneSupport.dylib,0x1AB68,_free,0xC604,sub_C604
CraneSupport.dylib,0x1ACB8,_objc_retain,0xC604,sub_C604
CraneSupport.dylib,0x1AE44,_xpc_connection_get_pid,0xC604,sub_C604
CraneSupport.dylib,0x1AE80,_xpc_copy_description,0xC604,sub_C604
CraneSupport.dylib,0x1AF1C,_xpc_get_type,0xC604,sub_C604
CraneSupport.dylib,0xBE84,_metadataCopyForMetadata,0xC680,_createOrLookupContainerWithContainerIdentityV2V3Hook
CraneSupport.dylib,0xC2BC,_redirectedURLForURL,0xC680,_createOrLookupContainerWithContainerIdentityV2V3Hook
CraneSupport.dylib,0xC3E4,_redirectedContainerPathCopyForContainerPath,0xC680,_createOrLookupContainerWithContainerIdentityV2V3Hook
CraneSupport.dylib,0x12604,+[ClientContainerCache sharedInstance],0xC680,_createOrLookupContainerWithContainerIdentityV2V3Hook
CraneSupport.dylib,0x12A4C,-[ClientContainerCache activeContainerIdentifierForPid:],0xC680,_createOrLookupContainerWithContainerIdentityV2V3Hook
CraneSupport.dylib,0x1A994,_NSClassFromString,0xC680,_createOrLookupContainerWithContainerIdentityV2V3Hook
CraneSupport.dylib,0x1AC28,_objc_autorelease,0xC680,_createOrLookupContainerWithContainerIdentityV2V3Hook
CraneSupport.dylib,0x1AC88,_objc_msgSend,0xC680,_createOrLookupContainerWithContainerIdentityV2V3Hook
CraneSupport.dylib,0x1ACAC,_objc_release,0xC680,_createOrLookupContainerWithContainerIdentityV2V3Hook
CraneSupport.dylib,0x1ACB8,_objc_retain,0xC680,_createOrLookupContainerWithContainerIdentityV2V3Hook
CraneSupport.dylib,0x1ACDC,_objc_retainAutoreleasedReturnValue,0xC680,_createOrLookupContainerWithContainerIdentityV2V3Hook
CraneSupport.dylib,0x5B44,_containerPathForContainer,0xC8E8,_containerForContainerIdentityHook
CraneSupport.dylib,0x12604,+[ClientContainerCache sharedInstance],0xC8E8,_containerForContainerIdentityHook
CraneSupport.dylib,0x12A4C,-[ClientContainerCache activeContainerIdentifierForPid:],0xC8E8,_containerForContainerIdentityHook
CraneSupport.dylib,0x1AC28,_objc_autorelease,0xC8E8,_containerForContainerIdentityHook
CraneSupport.dylib,0x1AC88,_objc_msgSend,0xC8E8,_containerForContainerIdentityHook
CraneSupport.dylib,0x1ACAC,_objc_release,0xC8E8,_containerForContainerIdentityHook
CraneSupport.dylib,0x1ACB8,_objc_retain,0xC8E8,_containerForContainerIdentityHook
CraneSupport.dylib,0x1ACDC,_objc_retainAutoreleasedReturnValue,0xC8E8,_containerForContainerIdentityHook
CraneSupport.dylib,0x1A988,_MSHookMessageEx,0xCC88,_initContainermanagerd
CraneSupport.dylib,0x1A994,_NSClassFromString,0xCC88,_initContainermanagerd
CraneSupport.dylib,0x1AC70,_objc_getClass,0xCC88,_initContainermanagerd
CraneSupport.dylib,0x1AC88,_objc_msgSend,0xCC88,_initContainermanagerd
CraneSupport.dylib,0xC8E8,_containerForContainerIdentityHook,0xCE44,sub_CE44
CraneSupport.dylib,0x1A9DC,__Block_object_dispose,0xCE44,sub_CE44
CraneSupport.dylib,0x1ACAC,_objc_release,0xCE44,sub_CE44
CraneSupport.dylib,0x1ACB8,_objc_retain,0xCE44,sub_CE44
CraneSupport.dylib,0x1ACDC,_objc_retainAutoreleasedReturnValue,0xCE44,sub_CE44
CraneSupport.dylib,0x1A9DC,__Block_object_dispose,0xCF4C,sub_CF4C
CraneSupport.dylib,0x1A9F4,__Unwind_Resume,0xCF4C,sub_CF4C
CraneSupport.dylib,0xC8E8,_containerForContainerIdentityHook,0xCF68,sub_CF68
CraneSupport.dylib,0x1A9DC,__Block_object_dispose,0xCF68,sub_CF68
CraneSupport.dylib,0x1ACAC,_objc_release,0xCF68,sub_CF68
CraneSupport.dylib,0x1ACB8,_objc_retain,0xCF68,sub_CF68
CraneSupport.dylib,0x1ACDC,_objc_retainAutoreleasedReturnValue,0xCF68,sub_CF68
CraneSupport.dylib,0x1A9DC,__Block_object_dispose,0xD060,sub_D060
CraneSupport.dylib,0x1A9F4,__Unwind_Resume,0xD060,sub_D060
CraneSupport.dylib,0x1AC88,_objc_msgSend,0xD07C,sub_D07C
CraneSupport.dylib,0x1ACAC,_objc_release,0xD07C,sub_D07C
CraneSupport.dylib,0x1ACDC,_objc_retainAutoreleasedReturnValue,0xD07C,sub_D07C
CraneSupport.dylib,0xC680,_createOrLookupContainerWithContainerIdentityV2V3Hook,0xD11C,sub_D11C
CraneSupport.dylib,0x1ACAC,_objc_release,0xD11C,sub_D11C
CraneSupport.dylib,0x1ACB8,_objc_retain,0xD11C,sub_D11C
CraneSupport.dylib,0x1ACDC,_objc_retainAutoreleasedReturnValue,0xD11C,sub_D11C
CraneSupport.dylib,0xC680,_createOrLookupContainerWithContainerIdentityV2V3Hook,0xD1F4,sub_D1F4
CraneSupport.dylib,0x1ACAC,_objc_release,0xD1F4,sub_D1F4
CraneSupport.dylib,0x1ACB8,_objc_retain,0xD1F4,sub_D1F4
CraneSupport.dylib,0x1ACDC,_objc_retainAutoreleasedReturnValue,0xD1F4,sub_D1F4
CraneSupport.dylib,0x5B44,_containerPathForContainer,0xD2BC,sub_D2BC
CraneSupport.dylib,0x12604,+[ClientContainerCache sharedInstance],0xD2BC,sub_D2BC
CraneSupport.dylib,0x12A4C,-[ClientContainerCache activeContainerIdentifierForPid:],0xD2BC,sub_D2BC
CraneSupport.dylib,0x1AA18,___stack_chk_fail,0xD2BC,sub_D2BC
CraneSupport.dylib,0x1AC58,_objc_enumerationMutation,0xD2BC,sub_D2BC
CraneSupport.dylib,0x1AC88,_objc_msgSend,0xD2BC,sub_D2BC
CraneSupport.dylib,0x1ACAC,_objc_release,0xD2BC,sub_D2BC
CraneSupport.dylib,0x1ACB8,_objc_retain,0xD2BC,sub_D2BC
CraneSupport.dylib,0x1ACDC,_objc_retainAutoreleasedReturnValue,0xD2BC,sub_D2BC
CraneSupport.dylib,0x1ACDC,_objc_retainAutoreleasedReturnValue,0xD568,sub_D568
CraneSupport.dylib,0x1AD00,_objc_storeStrong,0xD568,sub_D568
CraneSupport.dylib,0x1ACB8,_objc_retain,0xD5D4,sub_D5D4
CraneSupport.dylib,0x1A9DC,__Block_object_dispose,0xD608,sub_D608
CraneSupport.dylib,0x1ACDC,_objc_retainAutoreleasedReturnValue,0xD634,sub_D634
CraneSupport.dylib,0x1AD00,_objc_storeStrong,0xD634,sub_D634
CraneSupport.dylib,0x1AC88,_objc_msgSend,0xD6E8,_vendorIdentifierForNameAndBundleIdentifier
CraneSupport.dylib,0x1ACAC,_objc_release,0xD6E8,_vendorIdentifierForNameAndBundleIdentifier
CraneSupport.dylib,0x1ACB8,_objc_retain,0xD6E8,_vendorIdentifierForNameAndBundleIdentifier
CraneSupport.dylib,0x1ACDC,_objc_retainAutoreleasedReturnValue,0xD6E8,_vendorIdentifierForNameAndBundleIdentifier
CraneSupport.dylib,0x6390,_initLSDProtocol,0xD7D8,_initLsd
CraneSupport.dylib,0x1A988,_MSHookMessageEx,0xD7D8,_initLsd
CraneSupport.dylib,0x1AA18,___stack_chk_fail,0xD7D8,_initLsd
CraneSupport.dylib,0x1AA84,_class_addMethod,0xD7D8,_initLsd
CraneSupport.dylib,0x1AC70,_objc_getClass,0xD7D8,_initLsd
CraneSupport.dylib,0x1AC7C,_objc_getProtocol,0xD8E4,sub_D8E4
CraneSupport.dylib,0x1ACAC,_objc_release,0xD8E4,sub_D8E4
CraneSupport.dylib,0x1ACB8,_objc_retain,0xD8E4,sub_D8E4
CraneSupport.dylib,0x1ACDC,_objc_retainAutoreleasedReturnValue,0xD8E4,sub_D8E4
CraneSupport.dylib,0x1AD60,_protocol_isEqual,0xD8E4,sub_D8E4
CraneSupport.dylib,0x12604,+[ClientContainerCache sharedInstance],0xD9A4,sub_D9A4
CraneSupport.dylib,0x12A4C,-[ClientContainerCache activeContainerIdentifierForPid:],0xD9A4,sub_D9A4
CraneSupport.dylib,0x1A940,_CFRelease,0xD9A4,sub_D9A4
CraneSupport.dylib,0x1A9B8,_SecTaskCopySigningIdentifier,0xD9A4,sub_D9A4
CraneSupport.dylib,0x1A9C4,_SecTaskCreateWithAuditToken,0xD9A4,sub_D9A4
CraneSupport.dylib,0x1AC10,_objc_alloc,0xD9A4,sub_D9A4
CraneSupport.dylib,0x1AC88,_objc_msgSend,0xD9A4,sub_D9A4
CraneSupport.dylib,0x1ACAC,_objc_release,0xD9A4,sub_D9A4
CraneSupport.dylib,0x1ACB8,_objc_retain,0xD9A4,sub_D9A4
CraneSupport.dylib,0x1ACDC,_objc_retainAutoreleasedReturnValue,0xD9A4,sub_D9A4
CraneSupport.dylib,0x5530,sub_5530,0xDC94,sub_DC94
CraneSupport.dylib,0xD6E8,_vendorIdentifierForNameAndBundleIdentifier,0xDC94,sub_DC94
CraneSupport.dylib,0x1AA18,___stack_chk_fail,0xDC94,sub_DC94
CraneSupport.dylib,0x1AA6C,_audit_token_to_pid,0xDC94,sub_DC94
CraneSupport.dylib,0x1AAB4,_dispatch_async,0xDC94,sub_DC94
CraneSupport.dylib,0x1AC28,_objc_autorelease,0xDC94,sub_DC94
CraneSupport.dylib,0x1AC70,_objc_getClass,0xDC94,sub_DC94
CraneSupport.dylib,0x1AC88,_objc_msgSend,0xDC94,sub_DC94
CraneSupport.dylib,0x1ACAC,_objc_release,0xDC94,sub_DC94
CraneSupport.dylib,0x1ACB8,_objc_retain,0xDC94,sub_DC94
CraneSupport.dylib,0x1ACC4,_objc_retainAutorelease,0xDC94,sub_DC94
CraneSupport.dylib,0x1ACDC,_objc_retainAutoreleasedReturnValue,0xDC94,sub_DC94
CraneSupport.dylib,0x1AD48,_proc_pidpath,0xDC94,sub_DC94
CraneSupport.dylib,0x5530,sub_5530,0xE0F4,sub_E0F4
CraneSupport.dylib,0xD6E8,_vendorIdentifierForNameAndBundleIdentifier,0xE0F4,sub_E0F4
CraneSupport.dylib,0x1AA18,___stack_chk_fail,0xE0F4,sub_E0F4
CraneSupport.dylib,0x1AA6C,_audit_token_to_pid,0xE0F4,sub_E0F4
CraneSupport.dylib,0x1AAB4,_dispatch_async,0xE0F4,sub_E0F4
CraneSupport.dylib,0x1AC28,_objc_autorelease,0xE0F4,sub_E0F4
CraneSupport.dylib,0x1AC70,_objc_getClass,0xE0F4,sub_E0F4
CraneSupport.dylib,0x1AC88,_objc_msgSend,0xE0F4,sub_E0F4
CraneSupport.dylib,0x1ACAC,_objc_release,0xE0F4,sub_E0F4
CraneSupport.dylib,0x1ACB8,_objc_retain,0xE0F4,sub_E0F4
CraneSupport.dylib,0x1ACC4,_objc_retainAutorelease,0xE0F4,sub_E0F4
CraneSupport.dylib,0x1ACDC,_objc_retainAutoreleasedReturnValue,0xE0F4,sub_E0F4
CraneSupport.dylib,0x1AD48,_proc_pidpath,0xE0F4,sub_E0F4
CraneSupport.dylib,0x1AA18,___stack_chk_fail,0xE51C,sub_E51C
CraneSupport.dylib,0x1AC88,_objc_msgSend,0xE51C,sub_E51C
CraneSupport.dylib,0x1ACAC,_objc_release,0xE51C,sub_E51C
CraneSupport.dylib,0x1ACDC,_objc_retainAutoreleasedReturnValue,0xE51C,sub_E51C
CraneSupport.dylib,0x1ACB8,_objc_retain,0xE69C,sub_E69C
CraneSupport.dylib,0x1ACAC,_objc_release,0xE6E0,sub_E6E0
CraneSupport.dylib,0x1AC88,_objc_msgSend,0xE718,sub_E718
CraneSupport.dylib,0x1ACAC,_objc_release,0xE718,sub_E718
CraneSupport.dylib,0x1ACDC,_objc_retainAutoreleasedReturnValue,0xE718,sub_E718
CraneSupport.dylib,0x1ACB8,_objc_retain,0xE850,sub_E850
CraneSupport.dylib,0x1A9A0,_NSStringFromClass,0xE888,_terminatePlugIns
CraneSupport.dylib,0x1AA18,___stack_chk_fail,0xE888,_terminatePlugIns
CraneSupport.dylib,0x1AAF0,_dispatch_semaphore_create,0xE888,_terminatePlugIns
CraneSupport.dylib,0x1AB08,_dispatch_semaphore_wait,0xE888,_terminatePlugIns
CraneSupport.dylib,0x1AC58,_objc_enumerationMutation,0xE888,_terminatePlugIns
CraneSupport.dylib,0x1AC70,_objc_getClass,0xE888,_terminatePlugIns
CraneSupport.dylib,0x1AC88,_objc_msgSend,0xE888,_terminatePlugIns
CraneSupport.dylib,0x1ACAC,_objc_release,0xE888,_terminatePlugIns
CraneSupport.dylib,0x1ACB8,_objc_retain,0xE888,_terminatePlugIns
CraneSupport.dylib,0x1ACC4,_objc_retainAutorelease,0xE888,_terminatePlugIns
CraneSupport.dylib,0x1ACDC,_objc_retainAutoreleasedReturnValue,0xE888,_terminatePlugIns
CraneSupport.dylib,0x1ACE8,_objc_retainBlock,0xE888,_terminatePlugIns
CraneSupport.dylib,0xE888,_terminatePlugIns,0xEC44,_reloadApplication
CraneSupport.dylib,0x1AA18,___stack_chk_fail,0xEC44,_reloadApplication
CraneSupport.dylib,0x1AC58,_objc_enumerationMutation,0xEC44,_reloadApplication
CraneSupport.dylib,0x1AC70,_objc_getClass,0xEC44,_reloadApplication
CraneSupport.dylib,0x1AC88,_objc_msgSend,0xEC44,_reloadApplication
CraneSupport.dylib,0x1ACAC,_objc_release,0xEC44,_reloadApplication
CraneSupport.dylib,0x1ACC4,_objc_retainAutorelease,0xEC44,_reloadApplication
CraneSupport.dylib,0x1ACDC,_objc_retainAutoreleasedReturnValue,0xEC44,_reloadApplication
CraneSupport.dylib,0x1AC88,_objc_msgSend,0xEEB0,_enableForClientHook
CraneSupport.dylib,0x1ACAC,_objc_release,0xEEB0,_enableForClientHook
CraneSupport.dylib,0x1ACB8,_objc_retain,0xEEB0,_enableForClientHook
CraneSupport.dylib,0x1ACDC,_objc_retainAutoreleasedReturnValue,0xEEB0,_enableForClientHook
CraneSupport.dylib,0x1ACB8,_objc_retain,0xF138,sub_F138
CraneSupport.dylib,0x1ACF4,_objc_setAssociatedObject,0xF138,sub_F138
CraneSupport.dylib,0x1AA18,___stack_chk_fail,0xF174,_findPlugInsHook
CraneSupport.dylib,0x1AC58,_objc_enumerationMutation,0xF174,_findPlugInsHook
CraneSupport.dylib,0x1AC88,_objc_msgSend,0xF174,_findPlugInsHook
CraneSupport.dylib,0x1ACAC,_objc_release,0xF174,_findPlugInsHook
CraneSupport.dylib,0x1ACDC,_objc_retainAutoreleasedReturnValue,0xF174,_findPlugInsHook
CraneSupport.dylib,0x1A910,_CFNotificationCenterAddObserver,0xF2B4,_initPkd
CraneSupport.dylib,0x1A928,_CFNotificationCenterGetDistributedCenter,0xF2B4,_initPkd
CraneSupport.dylib,0x1A988,_MSHookMessageEx,0xF2B4,_initPkd
CraneSupport.dylib,0x1A994,_NSClassFromString,0xF2B4,_initPkd
CraneSupport.dylib,0x1AA0C,___snprintf_chk,0xF2B4,_initPkd
CraneSupport.dylib,0x1AA18,___stack_chk_fail,0xF2B4,_initPkd
CraneSupport.dylib,0x1AA84,_class_addMethod,0xF2B4,_initPkd
CraneSupport.dylib,0x1AA90,_class_addProperty,0xF2B4,_initPkd
CraneSupport.dylib,0x1AC70,_objc_getClass,0xF2B4,_initPkd
CraneSupport.dylib,0x1AC88,_objc_msgSend,0xF2B4,_initPkd
CraneSupport.dylib,0xE888,_terminatePlugIns,0xF638,sub_F638
CraneSupport.dylib,0x1AA18,___stack_chk_fail,0xF638,sub_F638
CraneSupport.dylib,0x1AC88,_objc_msgSend,0xF638,sub_F638
CraneSupport.dylib,0x1ACAC,_objc_release,0xF638,sub_F638
CraneSupport.dylib,0x1ACB8,_objc_retain,0xF638,sub_F638
CraneSupport.dylib,0x1ACDC,_objc_retainAutoreleasedReturnValue,0xF638,sub_F638
CraneSupport.dylib,0xEEB0,_enableForClientHook,0xF768,sub_F768
CraneSupport.dylib,0x1A9DC,__Block_object_dispose,0xF768,sub_F768
CraneSupport.dylib,0x1ACAC,_objc_release,0xF768,sub_F768
CraneSupport.dylib,0x1ACB8,_objc_retain,0xF768,sub_F768
CraneSupport.dylib,0x1A9DC,__Block_object_dispose,0xF948,sub_F948
CraneSupport.dylib,0x1A9F4,__Unwind_Resume,0xF948,sub_F948
CraneSupport.dylib,0xEEB0,_enableForClientHook,0xF964,sub_F964
CraneSupport.dylib,0x1A9DC,__Block_object_dispose,0xF964,sub_F964
CraneSupport.dylib,0x1ACAC,_objc_release,0xF964,sub_F964
CraneSupport.dylib,0x1ACB8,_objc_retain,0xF964,sub_F964
CraneSupport.dylib,0x1A9DC,__Block_object_dispose,0xFAD0,sub_FAD0
CraneSupport.dylib,0x1A9F4,__Unwind_Resume,0xFAD0,sub_FAD0
CraneSupport.dylib,0xEEB0,_enableForClientHook,0xFAEC,sub_FAEC
CraneSupport.dylib,0x1A9DC,__Block_object_dispose,0xFAEC,sub_FAEC
CraneSupport.dylib,0x1ACAC,_objc_release,0xFAEC,sub_FAEC
CraneSupport.dylib,0x1ACB8,_objc_retain,0xFAEC,sub_FAEC
CraneSupport.dylib,0x1A9DC,__Block_object_dispose,0xFC20,sub_FC20
CraneSupport.dylib,0x1A9F4,__Unwind_Resume,0xFC20,sub_FC20
CraneSupport.dylib,0xEEB0,_enableForClientHook,0xFC3C,sub_FC3C
CraneSupport.dylib,0x1A9DC,__Block_object_dispose,0xFC3C,sub_FC3C
CraneSupport.dylib,0x1ACAC,_objc_release,0xFC3C,sub_FC3C
CraneSupport.dylib,0x1ACB8,_objc_retain,0xFC3C,sub_FC3C
CraneSupport.dylib,0x1A9DC,__Block_object_dispose,0xFD54,sub_FD54
CraneSupport.dylib,0x1A9F4,__Unwind_Resume,0xFD54,sub_FD54
CraneSupport.dylib,0x1AB68,_free,0xFD70,sub_FD70
CraneSupport.dylib,0x1AC88,_objc_msgSend,0xFD70,sub_FD70
CraneSupport.dylib,0x1ACAC,_objc_release,0xFD70,sub_FD70
CraneSupport.dylib,0x1ACDC,_objc_retainAutoreleasedReturnValue,0xFD70,sub_FD70
CraneSupport.dylib,0x1AE80,_xpc_copy_description,0xFD70,sub_FD70
CraneSupport.dylib,0x1AEB0,_xpc_dictionary_get_dictionary,0xFD70,sub_FD70
CraneSupport.dylib,0x1AED4,_xpc_dictionary_get_string,0xFD70,sub_FD70
CraneSupport.dylib,0x1AF10,_xpc_dictionary_set_value,0xFD70,sub_FD70
CraneSupport.dylib,0x1AF1C,_xpc_get_type,0xFD70,sub_FD70
CraneSupport.dylib,0xF174,_findPlugInsHook,0xFE8C,sub_FE8C
CraneSupport.dylib,0x1ACAC,_objc_release,0xFE8C,sub_FE8C
CraneSupport.dylib,0x1ACB8,_objc_retain,0xFE8C,sub_FE8C
CraneSupport.dylib,0x1ACDC,_objc_retainAutoreleasedReturnValue,0xFE8C,sub_FE8C
CraneSupport.dylib,0xF174,_findPlugInsHook,0xFF24,sub_FF24
CraneSupport.dylib,0x1ACAC,_objc_release,0xFF24,sub_FF24
CraneSupport.dylib,0x1ACB8,_objc_retain,0xFF24,sub_FF24
CraneSupport.dylib,0x1ACDC,_objc_retainAutoreleasedReturnValue,0xFF24,sub_FF24
CraneSupport.dylib,0xF174,_findPlugInsHook,0xFFFC,sub_FFFC
CraneSupport.dylib,0x1ACAC,_objc_release,0xFFFC,sub_FFFC
CraneSupport.dylib,0x1ACB8,_objc_retain,0xFFFC,sub_FFFC
CraneSupport.dylib,0x1ACDC,_objc_retainAutoreleasedReturnValue,0xFFFC,sub_FFFC
CraneSupport.dylib,0xF174,_findPlugInsHook,0x100E4,sub_100E4
CraneSupport.dylib,0x1ACAC,_objc_release,0x100E4,sub_100E4
CraneSupport.dylib,0x1ACB8,_objc_retain,0x100E4,sub_100E4
CraneSupport.dylib,0x1ACDC,_objc_retainAutoreleasedReturnValue,0x100E4,sub_100E4
CraneSupport.dylib,0x1AA18,___stack_chk_fail,0x101CC,sub_101CC
CraneSupport.dylib,0x1AC70,_objc_getClass,0x101CC,sub_101CC
CraneSupport.dylib,0x1AC88,_objc_msgSend,0x101CC,sub_101CC
CraneSupport.dylib,0x1ACAC,_objc_release,0x101CC,sub_101CC
CraneSupport.dylib,0x1ACB8,_objc_retain,0x101CC,sub_101CC
CraneSupport.dylib,0x1ACC4,_objc_retainAutorelease,0x101CC,sub_101CC
CraneSupport.dylib,0x1ACDC,_objc_retainAutoreleasedReturnValue,0x101CC,sub_101CC
CraneSupport.dylib,0x1ACAC,_objc_release,0x103F8,sub_103F8
CraneSupport.dylib,0x1ACB8,_objc_retain,0x103F8,sub_103F8
CraneSupport.dylib,0x1AD00,_objc_storeStrong,0x103F8,sub_103F8
CraneSupport.dylib,0x1ACB8,_objc_retain,0x10524,sub_10524
CraneSupport.dylib,0x1A9DC,__Block_object_dispose,0x10578,sub_10578
CraneSupport.dylib,0x1ACAC,_objc_release,0x10578,sub_10578
CraneSupport.dylib,0x1ACB8,_objc_retain,0x10610,sub_10610
CraneSupport.dylib,0x1A9DC,__Block_object_dispose,0x10654,sub_10654
CraneSupport.dylib,0x1ACAC,_objc_release,0x10654,sub_10654
CraneSupport.dylib,0x1ACB8,_objc_retain,0x106D8,sub_106D8
CraneSupport.dylib,0x1A9DC,__Block_object_dispose,0x10714,sub_10714
CraneSupport.dylib,0x1ACAC,_objc_release,0x10714,sub_10714
CraneSupport.dylib,0x1ACDC,_objc_retainAutoreleasedReturnValue,0x10760,sub_10760
CraneSupport.dylib,0x1AC88,_objc_msgSend,0x10834,_craneContainerStringForString
CraneSupport.dylib,0x1ACAC,_objc_release,0x10834,_craneContainerStringForString
CraneSupport.dylib,0x1ACB8,_objc_retain,0x10834,_craneContainerStringForString
CraneSupport.dylib,0x1ACDC,_objc_retainAutoreleasedReturnValue,0x10834,_craneContainerStringForString
CraneSupport.dylib,0x10834,_craneContainerStringForString,0x108B8,_createUpdatedAccessGroup
CraneSupport.dylib,0x1A94C,_CFRetain,0x108B8,_createUpdatedAccessGroup
CraneSupport.dylib,0x1AC88,_objc_msgSend,0x108B8,_createUpdatedAccessGroup
CraneSupport.dylib,0x1ACAC,_objc_release,0x108B8,_createUpdatedAccessGroup
CraneSupport.dylib,0x1ACB8,_objc_retain,0x108B8,_createUpdatedAccessGroup
CraneSupport.dylib,0x1ACDC,_objc_retainAutoreleasedReturnValue,0x108B8,_createUpdatedAccessGroup
CraneSupport.dylib,0x12604,+[ClientContainerCache sharedInstance],0x10C1C,_fetchInfoFromClientInfo
CraneSupport.dylib,0x12A4C,-[ClientContainerCache activeContainerIdentifierForPid:],0x10C1C,_fetchInfoFromClientInfo
CraneSupport.dylib,0x1A9B8,_SecTaskCopySigningIdentifier,0x10C1C,_fetchInfoFromClientInfo
CraneSupport.dylib,0x1AC28,_objc_autorelease,0x10C1C,_fetchInfoFromClientInfo
CraneSupport.dylib,0x1AC88,_objc_msgSend,0x10C1C,_fetchInfoFromClientInfo
CraneSupport.dylib,0x1ACAC,_objc_release,0x10C1C,_fetchInfoFromClientInfo
CraneSupport.dylib,0x1ACC4,_objc_retainAutorelease,0x10C1C,_fetchInfoFromClientInfo
CraneSupport.dylib,0x1ACDC,_objc_retainAutoreleasedReturnValue,0x10C1C,_fetchInfoFromClientInfo
CraneSupport.dylib,0x62BC,_getSecurityAccessGroupsToIgnore,0x10D90,_applyModificationsToClientInfo
CraneSupport.dylib,0x108B8,_createUpdatedAccessGroup,0x10D90,_applyModificationsToClientInfo
CraneSupport.dylib,0x1A85C,_CFArrayCreateMutableCopy,0x10D90,_applyModificationsToClientInfo
CraneSupport.dylib,0x1A868,_CFArrayGetCount,0x10D90,_applyModificationsToClientInfo
CraneSupport.dylib,0x1A880,_CFArrayGetValueAtIndex,0x10D90,_applyModificationsToClientInfo
CraneSupport.dylib,0x1A88C,_CFArraySetValueAtIndex,0x10D90,_applyModificationsToClientInfo
CraneSupport.dylib,0x1A940,_CFRelease,0x10D90,_applyModificationsToClientInfo
CraneSupport.dylib,0x1A958,_CFSetContainsValue,0x10D90,_applyModificationsToClientInfo
CraneSupport.dylib,0x1AC88,_objc_msgSend,0x10D90,_applyModificationsToClientInfo
CraneSupport.dylib,0x1ACB8,_objc_retain,0x10D90,_applyModificationsToClientInfo
CraneSupport.dylib,0x1A844,_CFArrayAppendValue,0x10EB0,_unrestrictClientInfo
CraneSupport.dylib,0x1A850,_CFArrayContainsValue,0x10EB0,_unrestrictClientInfo
CraneSupport.dylib,0x1A85C,_CFArrayCreateMutableCopy,0x10EB0,_unrestrictClientInfo
CraneSupport.dylib,0x1A868,_CFArrayGetCount,0x10EB0,_unrestrictClientInfo
CraneSupport.dylib,0x1A8C8,_CFDictionaryGetValue,0x10EB0,_unrestrictClientInfo
CraneSupport.dylib,0x1A8C8,_CFDictionaryGetValue,0x10FB0,_shouldQueryBeUnrestricted
CraneSupport.dylib,0x1A8EC,_CFEqual,0x10FB0,_shouldQueryBeUnrestricted
CraneSupport.dylib,0x1A8B0,_CFDictionaryCreateMutableCopy,0x10FE8,_queryWithoutUnrestrictClass
CraneSupport.dylib,0x1A8D4,_CFDictionaryRemoveValue,0x10FE8,_queryWithoutUnrestrictClass
CraneSupport.dylib,0x62BC,_getSecurityAccessGroupsToIgnore,0x11034,_craneDictionaryForAppDictionary
CraneSupport.dylib,0x108B8,_createUpdatedAccessGroup,0x11034,_craneDictionaryForAppDictionary
CraneSupport.dylib,0x1A8B0,_CFDictionaryCreateMutableCopy,0x11034,_craneDictionaryForAppDictionary
CraneSupport.dylib,0x1A8BC,_CFDictionaryGetTypeID,0x11034,_craneDictionaryForAppDictionary
CraneSupport.dylib,0x1A8C8,_CFDictionaryGetValue,0x11034,_craneDictionaryForAppDictionary
CraneSupport.dylib,0x1A8E0,_CFDictionarySetValue,0x11034,_craneDictionaryForAppDictionary
CraneSupport.dylib,0x1A904,_CFGetTypeID,0x11034,_craneDictionaryForAppDictionary
CraneSupport.dylib,0x1A940,_CFRelease,0x11034,_craneDictionaryForAppDictionary
CraneSupport.dylib,0x1A94C,_CFRetain,0x11034,_craneDictionaryForAppDictionary
CraneSupport.dylib,0x1A958,_CFSetContainsValue,0x11034,_craneDictionaryForAppDictionary
CraneSupport.dylib,0x1AC88,_objc_msgSend,0x11034,_craneDictionaryForAppDictionary
CraneSupport.dylib,0x1ACAC,_objc_release,0x11034,_craneDictionaryForAppDictionary
CraneSupport.dylib,0x1ACB8,_objc_retain,0x11034,_craneDictionaryForAppDictionary
CraneSupport.dylib,0x108B8,_createUpdatedAccessGroup,0x11130,_appDictionaryForCraneDictionary
CraneSupport.dylib,0x1A8B0,_CFDictionaryCreateMutableCopy,0x11130,_appDictionaryForCraneDictionary
CraneSupport.dylib,0x1A8BC,_CFDictionaryGetTypeID,0x11130,_appDictionaryForCraneDictionary
CraneSupport.dylib,0x1A8C8,_CFDictionaryGetValue,0x11130,_appDictionaryForCraneDictionary
CraneSupport.dylib,0x1A8E0,_CFDictionarySetValue,0x11130,_appDictionaryForCraneDictionary
CraneSupport.dylib,0x1A904,_CFGetTypeID,0x11130,_appDictionaryForCraneDictionary
CraneSupport.dylib,0x1A940,_CFRelease,0x11130,_appDictionaryForCraneDictionary
CraneSupport.dylib,0x1A94C,_CFRetain,0x11130,_appDictionaryForCraneDictionary
CraneSupport.dylib,0x11130,_appDictionaryForCraneDictionary,0x111E4,_processResult
CraneSupport.dylib,0x1A85C,_CFArrayCreateMutableCopy,0x111E4,_processResult
CraneSupport.dylib,0x1A868,_CFArrayGetCount,0x111E4,_processResult
CraneSupport.dylib,0x1A874,_CFArrayGetTypeID,0x111E4,_processResult
CraneSupport.dylib,0x1A880,_CFArrayGetValueAtIndex,0x111E4,_processResult
CraneSupport.dylib,0x1A88C,_CFArraySetValueAtIndex,0x111E4,_processResult
CraneSupport.dylib,0x1A8BC,_CFDictionaryGetTypeID,0x111E4,_processResult
CraneSupport.dylib,0x1A904,_CFGetTypeID,0x111E4,_processResult
CraneSupport.dylib,0x1A940,_CFRelease,0x111E4,_processResult
CraneSupport.dylib,0x1AC88,_objc_msgSend,0x112D8,_securityd_xpc_dictionary_handler_hook
CraneSupport.dylib,0x1ACAC,_objc_release,0x112D8,_securityd_xpc_dictionary_handler_hook
CraneSupport.dylib,0x1ACB8,_objc_retain,0x112D8,_securityd_xpc_dictionary_handler_hook
CraneSupport.dylib,0x1ACDC,_objc_retainAutoreleasedReturnValue,0x112D8,_securityd_xpc_dictionary_handler_hook
CraneSupport.dylib,0x1AE44,_xpc_connection_get_pid,0x112D8,_securityd_xpc_dictionary_handler_hook
CraneSupport.dylib,0x1AF1C,_xpc_get_type,0x112D8,_securityd_xpc_dictionary_handler_hook
CraneSupport.dylib,0x1A8F8,_CFErrorGetCode,0x11478,_getCodeFromErrorPointer
CraneSupport.dylib,0x10C1C,_fetchInfoFromClientInfo,0x11498,__SecItemCopyMatching_hook
CraneSupport.dylib,0x10D90,_applyModificationsToClientInfo,0x11498,__SecItemCopyMatching_hook
CraneSupport.dylib,0x10EB0,_unrestrictClientInfo,0x11498,__SecItemCopyMatching_hook
CraneSupport.dylib,0x10FB0,_shouldQueryBeUnrestricted,0x11498,__SecItemCopyMatching_hook
CraneSupport.dylib,0x11034,_craneDictionaryForAppDictionary,0x11498,__SecItemCopyMatching_hook
CraneSupport.dylib,0x111E4,_processResult,0x11498,__SecItemCopyMatching_hook
CraneSupport.dylib,0x1A8B0,_CFDictionaryCreateMutableCopy,0x11498,__SecItemCopyMatching_hook
CraneSupport.dylib,0x1A8D4,_CFDictionaryRemoveValue,0x11498,__SecItemCopyMatching_hook
CraneSupport.dylib,0x1A8F8,_CFErrorGetCode,0x11498,__SecItemCopyMatching_hook
CraneSupport.dylib,0x1A940,_CFRelease,0x11498,__SecItemCopyMatching_hook
CraneSupport.dylib,0x1AC88,_objc_msgSend,0x11498,__SecItemCopyMatching_hook
CraneSupport.dylib,0x1ACAC,_objc_release,0x11498,__SecItemCopyMatching_hook
CraneSupport.dylib,0x1ACB8,_objc_retain,0x11498,__SecItemCopyMatching_hook
CraneSupport.dylib,0x10C1C,_fetchInfoFromClientInfo,0x11680,__SecItemAdd_hook
CraneSupport.dylib,0x10D90,_applyModificationsToClientInfo,0x11680,__SecItemAdd_hook
CraneSupport.dylib,0x10EB0,_unrestrictClientInfo,0x11680,__SecItemAdd_hook
CraneSupport.dylib,0x10FB0,_shouldQueryBeUnrestricted,0x11680,__SecItemAdd_hook
CraneSupport.dylib,0x11034,_craneDictionaryForAppDictionary,0x11680,__SecItemAdd_hook
CraneSupport.dylib,0x111E4,_processResult,0x11680,__SecItemAdd_hook
CraneSupport.dylib,0x1A8B0,_CFDictionaryCreateMutableCopy,0x11680,__SecItemAdd_hook
CraneSupport.dylib,0x1A8D4,_CFDictionaryRemoveValue,0x11680,__SecItemAdd_hook
CraneSupport.dylib,0x1A8F8,_CFErrorGetCode,0x11680,__SecItemAdd_hook
CraneSupport.dylib,0x1A940,_CFRelease,0x11680,__SecItemAdd_hook
CraneSupport.dylib,0x1AC88,_objc_msgSend,0x11680,__SecItemAdd_hook
CraneSupport.dylib,0x1ACAC,_objc_release,0x11680,__SecItemAdd_hook
CraneSupport.dylib,0x1ACB8,_objc_retain,0x11680,__SecItemAdd_hook
CraneSupport.dylib,0x10C1C,_fetchInfoFromClientInfo,0x11868,__SecItemDelete_hook
CraneSupport.dylib,0x10D90,_applyModificationsToClientInfo,0x11868,__SecItemDelete_hook
CraneSupport.dylib,0x10EB0,_unrestrictClientInfo,0x11868,__SecItemDelete_hook
CraneSupport.dylib,0x10FB0,_shouldQueryBeUnrestricted,0x11868,__SecItemDelete_hook
CraneSupport.dylib,0x11034,_craneDictionaryForAppDictionary,0x11868,__SecItemDelete_hook
CraneSupport.dylib,0x1A8B0,_CFDictionaryCreateMutableCopy,0x11868,__SecItemDelete_hook
CraneSupport.dylib,0x1A8D4,_CFDictionaryRemoveValue,0x11868,__SecItemDelete_hook
CraneSupport.dylib,0x1A8F8,_CFErrorGetCode,0x11868,__SecItemDelete_hook
CraneSupport.dylib,0x1A940,_CFRelease,0x11868,__SecItemDelete_hook
CraneSupport.dylib,0x1AC88,_objc_msgSend,0x11868,__SecItemDelete_hook
CraneSupport.dylib,0x1ACAC,_objc_release,0x11868,__SecItemDelete_hook
CraneSupport.dylib,0x1ACB8,_objc_retain,0x11868,__SecItemDelete_hook
CraneSupport.dylib,0x10C1C,_fetchInfoFromClientInfo,0x11A20,__SecItemUpdate_hook
CraneSupport.dylib,0x10D90,_applyModificationsToClientInfo,0x11A20,__SecItemUpdate_hook
CraneSupport.dylib,0x10EB0,_unrestrictClientInfo,0x11A20,__SecItemUpdate_hook
CraneSupport.dylib,0x10FB0,_shouldQueryBeUnrestricted,0x11A20,__SecItemUpdate_hook
CraneSupport.dylib,0x11034,_craneDictionaryForAppDictionary,0x11A20,__SecItemUpdate_hook
CraneSupport.dylib,0x1A8B0,_CFDictionaryCreateMutableCopy,0x11A20,__SecItemUpdate_hook
CraneSupport.dylib,0x1A8D4,_CFDictionaryRemoveValue,0x11A20,__SecItemUpdate_hook
CraneSupport.dylib,0x1A8F8,_CFErrorGetCode,0x11A20,__SecItemUpdate_hook
CraneSupport.dylib,0x1A940,_CFRelease,0x11A20,__SecItemUpdate_hook
CraneSupport.dylib,0x1AC88,_objc_msgSend,0x11A20,__SecItemUpdate_hook
CraneSupport.dylib,0x1ACAC,_objc_release,0x11A20,__SecItemUpdate_hook
CraneSupport.dylib,0x1ACB8,_objc_retain,0x11A20,__SecItemUpdate_hook
CraneSupport.dylib,0x6404,_safe_getExecutablePath,0x11C08,_patchfindSecurityd
CraneSupport.dylib,0x12028,_find_func_with_cfstring_xref,0x11C08,_patchfindSecurityd
CraneSupport.dylib,0x12310,_find_func_with_oslogstring_xref,0x11C08,_patchfindSecurityd
CraneSupport.dylib,0x132C8,_buffered_stream_init_from_buffer,0x11C08,_patchfindSecurityd
CraneSupport.dylib,0x15778,_fat_free,0x11C08,_patchfindSecurityd
CraneSupport.dylib,0x157E0,_fat_init_from_memory_stream,0x11C08,_patchfindSecurityd
CraneSupport.dylib,0x15ED8,_fat_find_preferred_slice,0x11C08,_patchfindSecurityd
CraneSupport.dylib,0x1AA3C,__dyld_get_image_name,0x11C08,_patchfindSecurityd
CraneSupport.dylib,0x1AA48,__dyld_get_image_vmaddr_slide,0x11C08,_patchfindSecurityd
CraneSupport.dylib,0x1AA54,__dyld_image_count,0x11C08,_patchfindSecurityd
CraneSupport.dylib,0x1AAA8,_close,0x11C08,_patchfindSecurityd
CraneSupport.dylib,0x1AB74,_fstat,0x11C08,_patchfindSecurityd
CraneSupport.dylib,0x1ABEC,_mmap,0x11C08,_patchfindSecurityd
CraneSupport.dylib,0x1ABF8,_munmap,0x11C08,_patchfindSecurityd
CraneSupport.dylib,0x1AC88,_objc_msgSend,0x11C08,_patchfindSecurityd
CraneSupport.dylib,0x1ACAC,_objc_release,0x11C08,_patchfindSecurityd
CraneSupport.dylib,0x1ACC4,_objc_retainAutorelease,0x11C08,_patchfindSecurityd
CraneSupport.dylib,0x1ACDC,_objc_retainAutoreleasedReturnValue,0x11C08,_patchfindSecurityd
CraneSupport.dylib,0x1AD24,_open,0x11C08,_patchfindSecurityd
CraneSupport.dylib,0x1AD9C,_strcmp,0x11C08,_patchfindSecurityd
CraneSupport.dylib,0x11C08,_patchfindSecurityd,0x11E5C,_initSecurityd
CraneSupport.dylib,0x1A964,_MSFindSymbol,0x11E5C,_initSecurityd
CraneSupport.dylib,0x1A970,_MSGetImageByName,0x11E5C,_initSecurityd
CraneSupport.dylib,0x17ED8,_pfsec_init_from_macho,0x12028,_find_func_with_cfstring_xref
CraneSupport.dylib,0x18308,_pfsec_set_cached,0x12028,_find_func_with_cfstring_xref
CraneSupport.dylib,0x1877C,_pfsec_free,0x12028,_find_func_with_cfstring_xref
CraneSupport.dylib,0x18958,_pfmetric_string_init,0x12028,_find_func_with_cfstring_xref
CraneSupport.dylib,0x18A5C,_pfmetric_xref_init,0x12028,_find_func_with_cfstring_xref
CraneSupport.dylib,0x18A94,_pfmetric_free,0x12028,_find_func_with_cfstring_xref
CraneSupport.dylib,0x18B24,_pfmetric_run,0x12028,_find_func_with_cfstring_xref
CraneSupport.dylib,0x1A9DC,__Block_object_dispose,0x12028,_find_func_with_cfstring_xref
CraneSupport.dylib,0x1A9DC,__Block_object_dispose,0x12264,sub_12264
CraneSupport.dylib,0x1A9F4,__Unwind_Resume,0x12264,sub_12264
CraneSupport.dylib,0x185DC,_pfsec_find_function_start,0x122D4,sub_122D4
CraneSupport.dylib,0x17ED8,_pfsec_init_from_macho,0x12310,_find_func_with_oslogstring_xref
CraneSupport.dylib,0x18308,_pfsec_set_cached,0x12310,_find_func_with_oslogstring_xref
CraneSupport.dylib,0x1877C,_pfsec_free,0x12310,_find_func_with_oslogstring_xref
CraneSupport.dylib,0x18958,_pfmetric_string_init,0x12310,_find_func_with_oslogstring_xref
CraneSupport.dylib,0x18A5C,_pfmetric_xref_init,0x12310,_find_func_with_oslogstring_xref
CraneSupport.dylib,0x18A94,_pfmetric_free,0x12310,_find_func_with_oslogstring_xref
CraneSupport.dylib,0x18B24,_pfmetric_run,0x12310,_find_func_with_oslogstring_xref
CraneSupport.dylib,0x1A9DC,__Block_object_dispose,0x12310,_find_func_with_oslogstring_xref
CraneSupport.dylib,0x1A9DC,__Block_object_dispose,0x124A8,sub_124A8
CraneSupport.dylib,0x1A9F4,__Unwind_Resume,0x124A8,sub_124A8
CraneSupport.dylib,0x185DC,_pfsec_find_function_start,0x124EC,sub_124EC
CraneSupport.dylib,0x1AA00,___error,0x12528,_msleep
CraneSupport.dylib,0x1AC04,_nanosleep,0x12528,_msleep
CraneSupport.dylib,0x12604,+[ClientContainerCache sharedInstance],0x125BC,_clearActiveContainerCache
CraneSupport.dylib,0x129B4,-[ClientContainerCache _clearActiveContainerCache],0x125BC,_clearActiveContainerCache
CraneSupport.dylib,0x1AC88,_objc_msgSend,0x125BC,_clearActiveContainerCache
CraneSupport.dylib,0x1ACDC,_objc_retainAutoreleasedReturnValue,0x125BC,_clearActiveContainerCache
CraneSupport.dylib,0x1AACC,_dispatch_once,0x12604,+[ClientContainerCache sharedInstance]
CraneSupport.dylib,0x1267C,-[ClientContainerCache init],0x12644,sub_12644
CraneSupport.dylib,0x1AC10,_objc_alloc,0x12644,sub_12644
CraneSupport.dylib,0x1AC88,_objc_msgSend,0x12644,sub_12644
CraneSupport.dylib,0x1267C,-[ClientContainerCache init],0x1267C,-[ClientContainerCache init]
CraneSupport.dylib,0x12724,-[ClientContainerCache _registerForClearMessages],0x1267C,-[ClientContainerCache init]
CraneSupport.dylib,0x129B4,-[ClientContainerCache _clearActiveContainerCache],0x1267C,-[ClientContainerCache init]
CraneSupport.dylib,0x1AAD8,_dispatch_queue_attr_make_with_qos_class,0x1267C,-[ClientContainerCache init]
CraneSupport.dylib,0x1AAE4,_dispatch_queue_create,0x1267C,-[ClientContainerCache init]
CraneSupport.dylib,0x1AC88,_objc_msgSend,0x1267C,-[ClientContainerCache init]
CraneSupport.dylib,0x1AC94,_objc_msgSendSuper2,0x1267C,-[ClientContainerCache init]
CraneSupport.dylib,0x1ACAC,_objc_release,0x1267C,-[ClientContainerCache init]
CraneSupport.dylib,0x1ACDC,_objc_retainAutoreleasedReturnValue,0x1267C,-[ClientContainerCache init]
CraneSupport.dylib,0x1A91C,_CFNotificationCenterGetDarwinNotifyCenter,0x12724,-[ClientContainerCache _registerForClearMessages]
CraneSupport.dylib,0x1A9DC,__Block_object_dispose,0x12754,-[ClientContainerCache _getActiveContainerFromCacheForPid:]
CraneSupport.dylib,0x1AB14,_dispatch_sync,0x12754,-[ClientContainerCache _getActiveContainerFromCacheForPid:]
CraneSupport.dylib,0x1ACAC,_objc_release,0x12754,-[ClientContainerCache _getActiveContainerFromCacheForPid:]
CraneSupport.dylib,0x1ACB8,_objc_retain,0x12754,-[ClientContainerCache _getActiveContainerFromCacheForPid:]
CraneSupport.dylib,0x1AC88,_objc_msgSend,0x1282C,sub_1282C
CraneSupport.dylib,0x1ACAC,_objc_release,0x1282C,sub_1282C
CraneSupport.dylib,0x1ACDC,_objc_retainAutoreleasedReturnValue,0x1282C,sub_1282C
CraneSupport.dylib,0x1AAB4,_dispatch_async,0x128B4,-[ClientContainerCache _setActiveContainer:toCacheForPid:]
CraneSupport.dylib,0x1ACAC,_objc_release,0x128B4,-[ClientContainerCache _setActiveContainer:toCacheForPid:]
CraneSupport.dylib,0x1ACB8,_objc_retain,0x128B4,-[ClientContainerCache _setActiveContainer:toCacheForPid:]
CraneSupport.dylib,0x1AC88,_objc_msgSend,0x12948,sub_12948
CraneSupport.dylib,0x1ACDC,_objc_retainAutoreleasedReturnValue,0x12948,sub_12948
CraneSupport.dylib,0x1AB14,_dispatch_sync,0x129B4,-[ClientContainerCache _clearActiveContainerCache]
CraneSupport.dylib,0x1AC88,_objc_msgSend,0x12A0C,sub_12A0C
CraneSupport.dylib,0x12754,-[ClientContainerCache _getActiveContainerFromCacheForPid:],0x12A4C,-[ClientContainerCache activeContainerIdentifierForPid:]
CraneSupport.dylib,0x128B4,-[ClientContainerCache _setActiveContainer:toCacheForPid:],0x12A4C,-[ClientContainerCache activeContainerIdentifierForPid:]
CraneSupport.dylib,0x1A9DC,__Block_object_dispose,0x12A4C,-[ClientContainerCache activeContainerIdentifierForPid:]
CraneSupport.dylib,0x1AAC0,_dispatch_get_global_queue,0x12A4C,-[ClientContainerCache activeContainerIdentifierForPid:]
CraneSupport.dylib,0x1AAF0,_dispatch_semaphore_create,0x12A4C,-[ClientContainerCache activeContainerIdentifierForPid:]
CraneSupport.dylib,0x1AB08,_dispatch_semaphore_wait,0x12A4C,-[ClientContainerCache activeContainerIdentifierForPid:]
CraneSupport.dylib,0x1AB20,_dispatch_time,0x12A4C,-[ClientContainerCache activeContainerIdentifierForPid:]
CraneSupport.dylib,0x1AC88,_objc_msgSend,0x12A4C,-[ClientContainerCache activeContainerIdentifierForPid:]
CraneSupport.dylib,0x1ACAC,_objc_release,0x12A4C,-[ClientContainerCache activeContainerIdentifierForPid:]
CraneSupport.dylib,0x1ACB8,_objc_retain,0x12A4C,-[ClientContainerCache activeContainerIdentifierForPid:]
CraneSupport.dylib,0x1ACDC,_objc_retainAutoreleasedReturnValue,0x12A4C,-[ClientContainerCache activeContainerIdentifierForPid:]
CraneSupport.dylib,0x1AD00,_objc_storeStrong,0x12A4C,-[ClientContainerCache activeContainerIdentifierForPid:]
CraneSupport.dylib,0x1AE2C,_xpc_connection_create_mach_service,0x12A4C,-[ClientContainerCache activeContainerIdentifierForPid:]
CraneSupport.dylib,0x1AE50,_xpc_connection_resume,0x12A4C,-[ClientContainerCache activeContainerIdentifierForPid:]
CraneSupport.dylib,0x1AE68,_xpc_connection_send_message_with_reply,0x12A4C,-[ClientContainerCache activeContainerIdentifierForPid:]
CraneSupport.dylib,0x1AE74,_xpc_connection_set_event_handler,0x12A4C,-[ClientContainerCache activeContainerIdentifierForPid:]
CraneSupport.dylib,0x1AE8C,_xpc_dictionary_create,0x12A4C,-[ClientContainerCache activeContainerIdentifierForPid:]
CraneSupport.dylib,0x1AEEC,_xpc_dictionary_set_bool,0x12A4C,-[ClientContainerCache activeContainerIdentifierForPid:]
CraneSupport.dylib,0x1AEF8,_xpc_dictionary_set_int64,0x12A4C,-[ClientContainerCache activeContainerIdentifierForPid:]
CraneSupport.dylib,0x1A9DC,__Block_object_dispose,0x12E1C,sub_12E1C
CraneSupport.dylib,0x1A9F4,__Unwind_Resume,0x12E1C,sub_12E1C
CraneSupport.dylib,0x1AC88,_objc_msgSend,0x12E58,sub_12E58
CraneSupport.dylib,0x1ACAC,_objc_release,0x12E58,sub_12E58
CraneSupport.dylib,0x1ACDC,_objc_retainAutoreleasedReturnValue,0x12E58,sub_12E58
CraneSupport.dylib,0x1AAFC,_dispatch_semaphore_signal,0x12F28,sub_12F28
CraneSupport.dylib,0x1AC88,_objc_msgSend,0x12F28,sub_12F28
CraneSupport.dylib,0x1ACAC,_objc_release,0x12F28,sub_12F28
CraneSupport.dylib,0x1ACB8,_objc_retain,0x12F28,sub_12F28
CraneSupport.dylib,0x1ACDC,_objc_retainAutoreleasedReturnValue,0x12F28,sub_12F28
CraneSupport.dylib,0x1AED4,_xpc_dictionary_get_string,0x12F28,sub_12F28
CraneSupport.dylib,0x1AF1C,_xpc_get_type,0x12F28,sub_12F28
CraneSupport.dylib,0x1AD00,_objc_storeStrong,0x12FBC,-[ClientContainerCache .cxx_destruct]
CraneSupport.dylib,0x1A97C,_MSHookFunction,0x12FF8,_HCHookFunctions
CraneSupport.dylib,0x1ABBC,_malloc,0x13054,_base64_encode
CraneSupport.dylib,0x1ABE0,_memset,0x13054,_base64_encode
CraneSupport.dylib,0x1ABBC,_malloc,0x131B0,_buffered_stream_init_from_buffer_nocopy
CraneSupport.dylib,0x1AB68,_free,0x13290,sub_13290
CraneSupport.dylib,0x131B0,_buffered_stream_init_from_buffer_nocopy,0x132C8,_buffered_stream_init_from_buffer
CraneSupport.dylib,0x1ABBC,_malloc,0x132C8,_buffered_stream_init_from_buffer
CraneSupport.dylib,0x1ABD4,_memcpy,0x132C8,_buffered_stream_init_from_buffer
CraneSupport.dylib,0x1ABD4,_memcpy,0x1332C,sub_1332C
CraneSupport.dylib,0x1AD3C,_printf,0x1332C,sub_1332C
CraneSupport.dylib,0x134BC,sub_134BC,0x133A0,sub_133A0
CraneSupport.dylib,0x13608,sub_13608,0x133A0,sub_133A0
CraneSupport.dylib,0x1ABD4,_memcpy,0x133A0,sub_133A0
CraneSupport.dylib,0x1AD3C,_printf,0x133A0,sub_133A0
CraneSupport.dylib,0x1AA78,_bzero,0x134BC,sub_134BC
CraneSupport.dylib,0x1AB68,_free,0x134BC,sub_134BC
CraneSupport.dylib,0x1ABBC,_malloc,0x134BC,sub_134BC
CraneSupport.dylib,0x1ABD4,_memcpy,0x134BC,sub_134BC
CraneSupport.dylib,0x1ABBC,_malloc,0x13554,sub_13554
CraneSupport.dylib,0x13554,sub_13554,0x135D8,sub_135D8
CraneSupport.dylib,0x13608,sub_13608,0x135D8,sub_135D8
CraneSupport.dylib,0x1ABBC,_malloc,0x13608,sub_13608
CraneSupport.dylib,0x1ABD4,_memcpy,0x13608,sub_13608
CraneSupport.dylib,0x161A0,_macho_enumerate_load_commands,0x138F4,_macho_find_code_signature_bounds
CraneSupport.dylib,0x1A9DC,__Block_object_dispose,0x138F4,_macho_find_code_signature_bounds
CraneSupport.dylib,0x138F4,_macho_find_code_signature_bounds,0x139E0,_macho_read_code_signature
CraneSupport.dylib,0x15FD8,_macho_read_at_offset,0x139E0,_macho_read_code_signature
CraneSupport.dylib,0x1AB68,_free,0x139E0,_macho_read_code_signature
CraneSupport.dylib,0x1ABBC,_malloc,0x139E0,_macho_read_code_signature
CraneSupport.dylib,0x138F4,_macho_find_code_signature_bounds,0x13A58,_macho_replace_code_signature
CraneSupport.dylib,0x15FE0,_macho_write_at_offset,0x13A58,_macho_replace_code_signature
CraneSupport.dylib,0x15FE8,_macho_get_stream,0x13A58,_macho_replace_code_signature
CraneSupport.dylib,0x175E4,_memory_stream_read,0x13A58,_macho_replace_code_signature
CraneSupport.dylib,0x17740,_memory_stream_get_size,0x13A58,_macho_replace_code_signature
CraneSupport.dylib,0x17A30,_memory_stream_trim,0x13A58,_macho_replace_code_signature
CraneSupport.dylib,0x1AA18,___stack_chk_fail,0x13A58,_macho_replace_code_signature
CraneSupport.dylib,0x1AA78,_bzero,0x13A58,_macho_replace_code_signature
CraneSupport.dylib,0x1AB50,_fclose,0x13B90,_macho_extract_cs_to_file
CraneSupport.dylib,0x1AB5C,_fopen,0x13B90,_macho_extract_cs_to_file
CraneSupport.dylib,0x1AB8C,_fwrite,0x13B90,_macho_extract_cs_to_file
CraneSupport.dylib,0x132C8,_buffered_stream_init_from_buffer,0x13BE8,_csd_blob_init
CraneSupport.dylib,0x1ABBC,_malloc,0x13BE8,_csd_blob_init
CraneSupport.dylib,0x13C84,sub_13C84,0x13C4C,_csd_blob_write
CraneSupport.dylib,0x17620,_memory_stream_write,0x13C4C,_csd_blob_write
CraneSupport.dylib,0x17620,_memory_stream_write,0x13C84,sub_13C84
CraneSupport.dylib,0x17740,_memory_stream_get_size,0x13C84,sub_13C84
CraneSupport.dylib,0x13C84,sub_13C84,0x13CCC,_csd_blob_insert
CraneSupport.dylib,0x1765C,_memory_stream_insert,0x13CCC,_csd_blob_insert
CraneSupport.dylib,0x13C84,sub_13C84,0x13D04,_csd_blob_delete
CraneSupport.dylib,0x17978,_memory_stream_delete,0x13D04,_csd_blob_delete
CraneSupport.dylib,0x13C84,sub_13C84,0x13D44,_csd_blob_write_string
CraneSupport.dylib,0x17AF0,_memory_stream_write_string,0x13D44,_csd_blob_write_string
CraneSupport.dylib,0x17C54,_memory_stream_free,0x13D94,_csd_blob_free
CraneSupport.dylib,0x1ABBC,_malloc,0x13DC0,_csd_superblob_init
CraneSupport.dylib,0x13BE8,_csd_blob_init,0x13DE0,_csd_superblob_decode
CraneSupport.dylib,0x1ABBC,_malloc,0x13DE0,_csd_superblob_decode
CraneSupport.dylib,0x175E4,_memory_stream_read,0x13E7C,_csd_superblob_encode
CraneSupport.dylib,0x17740,_memory_stream_get_size,0x13E7C,_csd_superblob_encode
CraneSupport.dylib,0x1ABBC,_malloc,0x13E7C,_csd_superblob_encode
CraneSupport.dylib,0x13D94,_csd_blob_free,0x14094,_csd_superblob_remove_blob_at_index
CraneSupport.dylib,0x14CB8,_csd_code_directory_calculate_rank,0x14128,_csd_superblob_find_best_code_directory
CraneSupport.dylib,0x14128,_csd_superblob_find_best_code_directory,0x14194,_csd_superblob_calculate_best_cdhash
CraneSupport.dylib,0x13668,_cs_blob_magic_to_string,0x141C4,_csd_superblob_print_content
CraneSupport.dylib,0x137BC,_cs_slot_type_to_string,0x141C4,_csd_superblob_print_content
CraneSupport.dylib,0x14E20,_csd_code_directory_print_content,0x141C4,_csd_superblob_print_content
CraneSupport.dylib,0x175E4,_memory_stream_read,0x141C4,_csd_superblob_print_content
CraneSupport.dylib,0x17740,_memory_stream_get_size,0x141C4,_csd_superblob_print_content
CraneSupport.dylib,0x1ABBC,_malloc,0x141C4,_csd_superblob_print_content
CraneSupport.dylib,0x1AD3C,_printf,0x141C4,_csd_superblob_print_content
CraneSupport.dylib,0x13D94,_csd_blob_free,0x142D4,_csd_superblob_free
CraneSupport.dylib,0x13C44,_csd_blob_read,0x1430C,_csd_code_directory_read_slot_hash
CraneSupport.dylib,0x138F4,_macho_find_code_signature_bounds,0x143CC,_csd_code_directory_calculate_page_hash
CraneSupport.dylib,0x13C44,_csd_blob_read,0x143CC,_csd_code_directory_calculate_page_hash
CraneSupport.dylib,0x15FD8,_macho_read_at_offset,0x143CC,_csd_code_directory_calculate_page_hash
CraneSupport.dylib,0x15FE8,_macho_get_stream,0x143CC,_csd_code_directory_calculate_page_hash
CraneSupport.dylib,0x17740,_memory_stream_get_size,0x143CC,_csd_code_directory_calculate_page_hash
CraneSupport.dylib,0x1A820,_CC_SHA1,0x143CC,_csd_code_directory_calculate_page_hash
CraneSupport.dylib,0x1A82C,_CC_SHA256,0x143CC,_csd_code_directory_calculate_page_hash
CraneSupport.dylib,0x1AA18,___stack_chk_fail,0x143CC,_csd_code_directory_calculate_page_hash
CraneSupport.dylib,0x1AB98,_ldexp,0x143CC,_csd_code_directory_calculate_page_hash
CraneSupport.dylib,0x1ABD4,_memcpy,0x143CC,_csd_code_directory_calculate_page_hash
CraneSupport.dylib,0x13C44,_csd_blob_read,0x145AC,_csd_code_directory_verify_code_slot
CraneSupport.dylib,0x1430C,_csd_code_directory_read_slot_hash,0x145AC,_csd_code_directory_verify_code_slot
CraneSupport.dylib,0x143CC,_csd_code_directory_calculate_page_hash,0x145AC,_csd_code_directory_verify_code_slot
CraneSupport.dylib,0x1AA18,___stack_chk_fail,0x145AC,_csd_code_directory_verify_code_slot
CraneSupport.dylib,0x1ABC8,_memcmp,0x145AC,_csd_code_directory_verify_code_slot
CraneSupport.dylib,0x13C44,_csd_blob_read,0x14704,_csd_code_directory_verify_code_slots
CraneSupport.dylib,0x145AC,_csd_code_directory_verify_code_slot,0x14704,_csd_code_directory_verify_code_slots
CraneSupport.dylib,0x13C44,_csd_blob_read,0x14834,_csd_code_directory_copy_identifier
CraneSupport.dylib,0x13D3C,_csd_blob_read_string,0x14834,_csd_code_directory_copy_identifier
CraneSupport.dylib,0x13C44,_csd_blob_read,0x1490C,_csd_code_directory_copy_team_id
CraneSupport.dylib,0x13D3C,_csd_blob_read_string,0x1490C,_csd_code_directory_copy_team_id
CraneSupport.dylib,0x13C44,_csd_blob_read,0x149E0,_csd_code_directory_set_team_id
CraneSupport.dylib,0x13C4C,_csd_blob_write,0x149E0,_csd_code_directory_set_team_id
CraneSupport.dylib,0x13CCC,_csd_blob_insert,0x149E0,_csd_code_directory_set_team_id
CraneSupport.dylib,0x13D04,_csd_blob_delete,0x149E0,_csd_code_directory_set_team_id
CraneSupport.dylib,0x14834,_csd_code_directory_copy_identifier,0x149E0,_csd_code_directory_set_team_id
CraneSupport.dylib,0x1490C,_csd_code_directory_copy_team_id,0x149E0,_csd_code_directory_set_team_id
CraneSupport.dylib,0x1AB68,_free,0x149E0,_csd_code_directory_set_team_id
CraneSupport.dylib,0x1ADC0,_strlen,0x149E0,_csd_code_directory_set_team_id
CraneSupport.dylib,0x13C44,_csd_blob_read,0x14BF8,_csd_code_directory_get_flags
CraneSupport.dylib,0x13C4C,_csd_blob_write,0x14C2C,_csd_code_directory_set_flags
CraneSupport.dylib,0x13C44,_csd_blob_read,0x14C5C,_csd_code_directory_get_hash_type
CraneSupport.dylib,0x13C4C,_csd_blob_write,0x14C8C,_csd_code_directory_set_hash_type
CraneSupport.dylib,0x13C44,_csd_blob_read,0x14CB8,_csd_code_directory_calculate_rank
CraneSupport.dylib,0x13C44,_csd_blob_read,0x14D14,_csd_code_directory_calculate_hash
CraneSupport.dylib,0x13D7C,_csd_blob_get_size,0x14D14,_csd_code_directory_calculate_hash
CraneSupport.dylib,0x17B54,_memory_stream_get_raw_pointer,0x14D14,_csd_code_directory_calculate_hash
CraneSupport.dylib,0x1A820,_CC_SHA1,0x14D14,_csd_code_directory_calculate_hash
CraneSupport.dylib,0x1A82C,_CC_SHA256,0x14D14,_csd_code_directory_calculate_hash
CraneSupport.dylib,0x1A838,_CC_SHA384,0x14D14,_csd_code_directory_calculate_hash
CraneSupport.dylib,0x1AA18,___stack_chk_fail,0x14D14,_csd_code_directory_calculate_hash
CraneSupport.dylib,0x13C44,_csd_blob_read,0x14E20,_csd_code_directory_print_content
CraneSupport.dylib,0x1430C,_csd_code_directory_read_slot_hash,0x14E20,_csd_code_directory_print_content
CraneSupport.dylib,0x143CC,_csd_code_directory_calculate_page_hash,0x14E20,_csd_code_directory_print_content
CraneSupport.dylib,0x14834,_csd_code_directory_copy_identifier,0x14E20,_csd_code_directory_print_content
CraneSupport.dylib,0x1490C,_csd_code_directory_copy_team_id,0x14E20,_csd_code_directory_print_content
CraneSupport.dylib,0x19654,_count_digits,0x14E20,_csd_code_directory_print_content
CraneSupport.dylib,0x19698,_print_hash,0x14E20,_csd_code_directory_print_content
CraneSupport.dylib,0x1AA18,___stack_chk_fail,0x14E20,_csd_code_directory_print_content
CraneSupport.dylib,0x1AB68,_free,0x14E20,_csd_code_directory_print_content
CraneSupport.dylib,0x1ABC8,_memcmp,0x14E20,_csd_code_directory_print_content
CraneSupport.dylib,0x1AD3C,_printf,0x14E20,_csd_code_directory_print_content
CraneSupport.dylib,0x1AD6C,_putchar,0x14E20,_csd_code_directory_print_content
CraneSupport.dylib,0x1AD78,_puts,0x14E20,_csd_code_directory_print_content
CraneSupport.dylib,0x138F4,_macho_find_code_signature_bounds,0x152F0,_csd_code_directory_update
CraneSupport.dylib,0x13C44,_csd_blob_read,0x152F0,_csd_code_directory_update
CraneSupport.dylib,0x13C4C,_csd_blob_write,0x152F0,_csd_code_directory_update
CraneSupport.dylib,0x15FD8,_macho_read_at_offset,0x152F0,_csd_code_directory_update
CraneSupport.dylib,0x1963C,_align_to_size,0x152F0,_csd_code_directory_update
CraneSupport.dylib,0x1A82C,_CC_SHA256,0x152F0,_csd_code_directory_update
CraneSupport.dylib,0x1AA18,___stack_chk_fail,0x152F0,_csd_code_directory_update
CraneSupport.dylib,0x1AA78,_bzero,0x152F0,_csd_code_directory_update
CraneSupport.dylib,0x16A3C,_macho_init,0x154B8,_fat_parse_slices
CraneSupport.dylib,0x175E4,_memory_stream_read,0x154B8,_fat_parse_slices
CraneSupport.dylib,0x17740,_memory_stream_get_size,0x154B8,_fat_parse_slices
CraneSupport.dylib,0x17A30,_memory_stream_trim,0x154B8,_fat_parse_slices
CraneSupport.dylib,0x17B9C,_memory_stream_softclone,0x154B8,_fat_parse_slices
CraneSupport.dylib,0x1AA78,_bzero,0x154B8,_fat_parse_slices
CraneSupport.dylib,0x1ABBC,_malloc,0x154B8,_fat_parse_slices
CraneSupport.dylib,0x1AD3C,_printf,0x154B8,_fat_parse_slices
CraneSupport.dylib,0x1AD78,_puts,0x154B8,_fat_parse_slices
CraneSupport.dylib,0x16AEC,_macho_free,0x15778,_fat_free
CraneSupport.dylib,0x17C54,_memory_stream_free,0x15778,_fat_free
CraneSupport.dylib,0x1AB68,_free,0x15778,_fat_free
CraneSupport.dylib,0x154B8,_fat_parse_slices,0x157E0,_fat_init_from_memory_stream
CraneSupport.dylib,0x15778,_fat_free,0x157E0,_fat_init_from_memory_stream
CraneSupport.dylib,0x1ABBC,_malloc,0x157E0,_fat_init_from_memory_stream
CraneSupport.dylib,0x15D24,_file_stream_init_from_path,0x15830,_fat_init_from_path
CraneSupport.dylib,0x15778,_fat_free,0x1585C,_fat_create_for_macho_array
CraneSupport.dylib,0x15830,_fat_init_from_path,0x1585C,_fat_create_for_macho_array
CraneSupport.dylib,0x158D8,_fat_add_macho,0x1585C,_fat_create_for_macho_array
CraneSupport.dylib,0x1AD78,_puts,0x1585C,_fat_create_for_macho_array
CraneSupport.dylib,0x1AD90,_realloc,0x158D8,_fat_add_macho
CraneSupport.dylib,0x15C84,sub_15C84,0x15934,_file_stream_init_from_file_descriptor_nodup
CraneSupport.dylib,0x1AB74,_fstat,0x15934,_file_stream_init_from_file_descriptor_nodup
CraneSupport.dylib,0x1ABBC,_malloc,0x15934,_file_stream_init_from_file_descriptor_nodup
CraneSupport.dylib,0x1AD3C,_printf,0x15934,_file_stream_init_from_file_descriptor_nodup
CraneSupport.dylib,0x1ABB0,_lseek,0x15A64,sub_15A64
CraneSupport.dylib,0x1AD84,_read,0x15A64,sub_15A64
CraneSupport.dylib,0x1ABB0,_lseek,0x15AB4,sub_15AB4
CraneSupport.dylib,0x1AD78,_puts,0x15AB4,sub_15AB4
CraneSupport.dylib,0x1AE20,_write,0x15AB4,sub_15AB4
CraneSupport.dylib,0x1778C,_memory_stream_copy_data,0x15B80,sub_15B80
CraneSupport.dylib,0x1AB80,_ftruncate,0x15B80,sub_15B80
CraneSupport.dylib,0x1ABB0,_lseek,0x15C04,sub_15C04
CraneSupport.dylib,0x1AAA8,_close,0x15C84,sub_15C84
CraneSupport.dylib,0x1AD30,_perror,0x15C84,sub_15C84
CraneSupport.dylib,0x15934,_file_stream_init_from_file_descriptor_nodup,0x15CD4,_file_stream_init_from_file_descriptor
CraneSupport.dylib,0x1AB44,_dup,0x15CD4,_file_stream_init_from_file_descriptor
CraneSupport.dylib,0x15934,_file_stream_init_from_file_descriptor_nodup,0x15D24,_file_stream_init_from_path
CraneSupport.dylib,0x1AA00,___error,0x15D24,_file_stream_init_from_path
CraneSupport.dylib,0x1AD24,_open,0x15D24,_file_stream_init_from_path
CraneSupport.dylib,0x1AD3C,_printf,0x15D24,_file_stream_init_from_path
CraneSupport.dylib,0x1ADB4,_strerror,0x15D24,_file_stream_init_from_path
CraneSupport.dylib,0x1AD78,_puts,0x15DB4,_host_get_cpu_information
CraneSupport.dylib,0x1AE08,_sysctlbyname,0x15DB4,_host_get_cpu_information
CraneSupport.dylib,0x1AA18,___stack_chk_fail,0x15E54,_host_supported_arm64e_abi
CraneSupport.dylib,0x1ABC8,_memcmp,0x15E54,_host_supported_arm64e_abi
CraneSupport.dylib,0x1AE14,_uname,0x15E54,_host_supported_arm64e_abi
CraneSupport.dylib,0x15734,_fat_find_slice,0x15ED8,_fat_find_preferred_slice
CraneSupport.dylib,0x15DB4,_host_get_cpu_information,0x15ED8,_fat_find_preferred_slice
CraneSupport.dylib,0x15E54,_host_supported_arm64e_abi,0x15ED8,_fat_find_preferred_slice
CraneSupport.dylib,0x15FF0,_macho_get_filetype,0x15ED8,_fat_find_preferred_slice
CraneSupport.dylib,0x1AD78,_puts,0x15ED8,_fat_find_preferred_slice
CraneSupport.dylib,0x16E64,_load_command_to_string,0x161A0,_macho_enumerate_load_commands
CraneSupport.dylib,0x175E4,_memory_stream_read,0x161A0,_macho_enumerate_load_commands
CraneSupport.dylib,0x1AA18,___stack_chk_fail,0x161A0,_macho_enumerate_load_commands
CraneSupport.dylib,0x1AD3C,_printf,0x161A0,_macho_enumerate_load_commands
CraneSupport.dylib,0x1AD9C,_strcmp,0x161A0,_macho_enumerate_load_commands
CraneSupport.dylib,0x161A0,_macho_enumerate_load_commands,0x16328,_macho_enumerate_symbols
CraneSupport.dylib,0x175E4,_memory_stream_read,0x1637C,sub_1637C
CraneSupport.dylib,0x1AA18,___stack_chk_fail,0x1637C,sub_1637C
CraneSupport.dylib,0x161A0,_macho_enumerate_load_commands,0x164C8,_macho_enumerate_dependencies
CraneSupport.dylib,0x1AD3C,_printf,0x1651C,sub_1651C
CraneSupport.dylib,0x1ADE4,_strnlen,0x1651C,sub_1651C
CraneSupport.dylib,0x161A0,_macho_enumerate_load_commands,0x16630,_macho_enumerate_rpaths
CraneSupport.dylib,0x1AD3C,_printf,0x16684,sub_16684
CraneSupport.dylib,0x1ADE4,_strnlen,0x16684,sub_16684
CraneSupport.dylib,0x161A0,_macho_enumerate_load_commands,0x16758,_macho_parse_segments
CraneSupport.dylib,0x1ABBC,_malloc,0x167A8,sub_167A8
CraneSupport.dylib,0x1ABD4,_memcpy,0x167A8,sub_167A8
CraneSupport.dylib,0x1AD90,_realloc,0x167A8,sub_167A8
CraneSupport.dylib,0x161A0,_macho_enumerate_load_commands,0x16854,_macho_parse_fileset_machos
CraneSupport.dylib,0x157E0,_fat_init_from_memory_stream,0x168B8,sub_168B8
CraneSupport.dylib,0x17A30,_memory_stream_trim,0x168B8,sub_168B8
CraneSupport.dylib,0x17B9C,_memory_stream_softclone,0x168B8,sub_168B8
CraneSupport.dylib,0x1ABBC,_malloc,0x168B8,sub_168B8
CraneSupport.dylib,0x1AD90,_realloc,0x168B8,sub_168B8
CraneSupport.dylib,0x1ADA8,_strdup,0x168B8,sub_168B8
CraneSupport.dylib,0x161A0,_macho_enumerate_load_commands,0x16978,__macho_parse
CraneSupport.dylib,0x16854,_macho_parse_fileset_machos,0x16978,__macho_parse
CraneSupport.dylib,0x1AD3C,_printf,0x16978,__macho_parse
CraneSupport.dylib,0x16978,__macho_parse,0x16A3C,_macho_init
CraneSupport.dylib,0x16AEC,_macho_free,0x16A3C,_macho_init
CraneSupport.dylib,0x175E4,_memory_stream_read,0x16A3C,_macho_init
CraneSupport.dylib,0x1ABBC,_malloc,0x16A3C,_macho_init
CraneSupport.dylib,0x15778,_fat_free,0x16AEC,_macho_free
CraneSupport.dylib,0x17C54,_memory_stream_free,0x16AEC,_macho_free
CraneSupport.dylib,0x1AB68,_free,0x16AEC,_macho_free
CraneSupport.dylib,0x15D24,_file_stream_init_from_path,0x16BE0,_macho_init_for_writing
CraneSupport.dylib,0x16978,__macho_parse,0x16BE0,_macho_init_for_writing
CraneSupport.dylib,0x16AEC,_macho_free,0x16BE0,_macho_init_for_writing
CraneSupport.dylib,0x175E4,_memory_stream_read,0x16BE0,_macho_init_for_writing
CraneSupport.dylib,0x17740,_memory_stream_get_size,0x16BE0,_macho_init_for_writing
CraneSupport.dylib,0x1ABBC,_malloc,0x16BE0,_macho_init_for_writing
CraneSupport.dylib,0x15830,_fat_init_from_path,0x16CA8,_macho_array_create_for_paths
CraneSupport.dylib,0x1ABBC,_malloc,0x16CA8,_macho_array_create_for_paths
CraneSupport.dylib,0x1AD3C,_printf,0x16CA8,_macho_array_create_for_paths
CraneSupport.dylib,0x161A0,_macho_enumerate_load_commands,0x16DAC,_macho_is_encrypted
CraneSupport.dylib,0x1A9DC,__Block_object_dispose,0x16DAC,_macho_is_encrypted
CraneSupport.dylib,0x161A0,_macho_enumerate_load_commands,0x17194,_update_segment_command_64
CraneSupport.dylib,0x17620,_memory_stream_write,0x171EC,sub_171EC
CraneSupport.dylib,0x1AD9C,_strcmp,0x171EC,sub_171EC
CraneSupport.dylib,0x161A0,_macho_enumerate_load_commands,0x17274,_update_lc_code_signature
CraneSupport.dylib,0x17620,_memory_stream_write,0x172C4,sub_172C4
CraneSupport.dylib,0x161A0,_macho_enumerate_load_commands,0x1730C,_update_load_commands_for_coretrust_bypass
CraneSupport.dylib,0x1963C,_align_to_size,0x1730C,_update_load_commands_for_coretrust_bypass
CraneSupport.dylib,0x1A9DC,__Block_object_dispose,0x1730C,_update_load_commands_for_coretrust_bypass
CraneSupport.dylib,0x1AD78,_puts,0x1730C,_update_load_commands_for_coretrust_bypass
CraneSupport.dylib,0x1AD9C,_strcmp,0x174D4,sub_174D4
CraneSupport.dylib,0x1A9D0,__Block_object_assign,0x1755C,sub_1755C
CraneSupport.dylib,0x1A9DC,__Block_object_dispose,0x175A8,sub_175A8
CraneSupport.dylib,0x1778C,_memory_stream_copy_data,0x1765C,_memory_stream_insert
CraneSupport.dylib,0x1AD78,_puts,0x1765C,_memory_stream_insert
CraneSupport.dylib,0x1AA18,___stack_chk_fail,0x1778C,_memory_stream_copy_data
CraneSupport.dylib,0x1AD3C,_printf,0x1778C,_memory_stream_copy_data
CraneSupport.dylib,0x1AD78,_puts,0x1778C,_memory_stream_copy_data
CraneSupport.dylib,0x1778C,_memory_stream_copy_data,0x17978,_memory_stream_delete
CraneSupport.dylib,0x1AD78,_puts,0x17978,_memory_stream_delete
CraneSupport.dylib,0x1ABBC,_malloc,0x17A44,_memory_stream_read_string
CraneSupport.dylib,0x1ADC0,_strlen,0x17AF0,_memory_stream_write_string
CraneSupport.dylib,0x196EC,_enumerate_range,0x17C84,_memory_stream_find_memory
CraneSupport.dylib,0x1A9DC,__Block_object_dispose,0x17C84,_memory_stream_find_memory
CraneSupport.dylib,0x195E4,_memcmp_masked,0x17D28,sub_17D28
CraneSupport.dylib,0x1AA18,___stack_chk_fail,0x17D28,sub_17D28
CraneSupport.dylib,0x196EC,_enumerate_range,0x17DE4,_raw_buffer_find_memory
CraneSupport.dylib,0x1A9DC,__Block_object_dispose,0x17DE4,_raw_buffer_find_memory
CraneSupport.dylib,0x195E4,_memcmp_masked,0x17E88,sub_17E88
CraneSupport.dylib,0x1ABBC,_malloc,0x17ED8,_pfsec_init_from_macho
CraneSupport.dylib,0x1AD9C,_strcmp,0x17ED8,_pfsec_init_from_macho
CraneSupport.dylib,0x1ADD8,_strncpy,0x17ED8,_pfsec_init_from_macho
CraneSupport.dylib,0x1ABD4,_memcpy,0x18088,_pfsec_read_reloff
CraneSupport.dylib,0x18088,_pfsec_read_reloff,0x180DC,_pfsec_read32_reloff
CraneSupport.dylib,0x15FE8,_macho_get_stream,0x18108,_pfsec_read_string_reloff
CraneSupport.dylib,0x1ADA8,_strdup,0x18108,_pfsec_read_string_reloff
CraneSupport.dylib,0x1ADE4,_strnlen,0x18108,_pfsec_read_string_reloff
CraneSupport.dylib,0x18088,_pfsec_read_reloff,0x18200,_pfsec_read32
CraneSupport.dylib,0x18088,_pfsec_read_reloff,0x18260,_pfsec_read64
CraneSupport.dylib,0x18260,_pfsec_read64,0x182C0,_pfsec_read_pointer
CraneSupport.dylib,0x15FE8,_macho_get_stream,0x18308,_pfsec_set_cached
CraneSupport.dylib,0x17B54,_memory_stream_get_raw_pointer,0x18308,_pfsec_set_cached
CraneSupport.dylib,0x18088,_pfsec_read_reloff,0x18308,_pfsec_set_cached
CraneSupport.dylib,0x1AB68,_free,0x18308,_pfsec_set_cached
CraneSupport.dylib,0x1ABBC,_malloc,0x18308,_pfsec_set_cached
CraneSupport.dylib,0x15FE8,_macho_get_stream,0x183D8,_pfsec_find_memory_rel
CraneSupport.dylib,0x17C84,_memory_stream_find_memory,0x183D8,_pfsec_find_memory_rel
CraneSupport.dylib,0x183D8,_pfsec_find_memory_rel,0x184B4,_pfsec_find_memory
CraneSupport.dylib,0x184B4,_pfsec_find_memory,0x18538,_pfsec_find_prev_inst
CraneSupport.dylib,0x184B4,_pfsec_find_memory,0x18588,_pfsec_find_next_inst
CraneSupport.dylib,0x18200,_pfsec_read32,0x185DC,_pfsec_find_function_start
CraneSupport.dylib,0x184B4,_pfsec_find_memory,0x185DC,_pfsec_find_function_start
CraneSupport.dylib,0x1AB68,_free,0x1877C,_pfsec_free
CraneSupport.dylib,0x184B4,_pfsec_find_memory,0x187B0,__pfsec_run_pattern_metric
CraneSupport.dylib,0x1ABBC,_malloc,0x18854,_pfmetric_pattern_init
CraneSupport.dylib,0x18108,_pfsec_read_string_reloff,0x1889C,__pfsec_run_string_metric
CraneSupport.dylib,0x1AB68,_free,0x1889C,__pfsec_run_string_metric
CraneSupport.dylib,0x1AD9C,_strcmp,0x1889C,__pfsec_run_string_metric
CraneSupport.dylib,0x1ADC0,_strlen,0x1889C,__pfsec_run_string_metric
CraneSupport.dylib,0x1ABBC,_malloc,0x18958,_pfmetric_string_init
CraneSupport.dylib,0x1ADA8,_strdup,0x18958,_pfmetric_string_init
CraneSupport.dylib,0x18EF0,_pfsec_arm64_enumerate_xrefs,0x18998,__pfsec_run_arm64_xref_metric
CraneSupport.dylib,0x1ABBC,_malloc,0x18A5C,_pfmetric_xref_init
CraneSupport.dylib,0x1AB68,_free,0x18A94,_pfmetric_free
CraneSupport.dylib,0x18200,_pfsec_read32,0x18B38,_pfsec_arm64_resolve_adrp_ldr_str_add_reference
CraneSupport.dylib,0x19AE8,_arm64_dec_adr_p,0x18B38,_pfsec_arm64_resolve_adrp_ldr_str_add_reference
CraneSupport.dylib,0x19E60,_arm64_dec_add_imm,0x18B38,_pfsec_arm64_resolve_adrp_ldr_str_add_reference
CraneSupport.dylib,0x1A12C,_arm64_dec_ldr_imm,0x18B38,_pfsec_arm64_resolve_adrp_ldr_str_add_reference
CraneSupport.dylib,0x1A37C,_arm64_dec_ldrs_imm,0x18B38,_pfsec_arm64_resolve_adrp_ldr_str_add_reference
CraneSupport.dylib,0x1A3F4,_arm64_dec_str_imm,0x18B38,_pfsec_arm64_resolve_adrp_ldr_str_add_reference
CraneSupport.dylib,0x18200,_pfsec_read32,0x18C2C,_pfsec_arm64_resolve_adrp_ldr_str_add_reference_auto
CraneSupport.dylib,0x18538,_pfsec_find_prev_inst,0x18C2C,_pfsec_arm64_resolve_adrp_ldr_str_add_reference_auto
CraneSupport.dylib,0x18B38,_pfsec_arm64_resolve_adrp_ldr_str_add_reference,0x18C2C,_pfsec_arm64_resolve_adrp_ldr_str_add_reference_auto
CraneSupport.dylib,0x19A18,_arm64_gen_adr_p,0x18C2C,_pfsec_arm64_resolve_adrp_ldr_str_add_reference_auto
CraneSupport.dylib,0x19E60,_arm64_dec_add_imm,0x18C2C,_pfsec_arm64_resolve_adrp_ldr_str_add_reference_auto
CraneSupport.dylib,0x1A12C,_arm64_dec_ldr_imm,0x18C2C,_pfsec_arm64_resolve_adrp_ldr_str_add_reference_auto
CraneSupport.dylib,0x1A3F4,_arm64_dec_str_imm,0x18C2C,_pfsec_arm64_resolve_adrp_ldr_str_add_reference_auto
CraneSupport.dylib,0x160D0,_macho_read_at_vmaddr,0x18D1C,_pfsec_arm64_resolve_stub
CraneSupport.dylib,0x181C4,_pfsec_read_at_address,0x18D1C,_pfsec_arm64_resolve_stub
CraneSupport.dylib,0x18B38,_pfsec_arm64_resolve_adrp_ldr_str_add_reference,0x18D1C,_pfsec_arm64_resolve_stub
CraneSupport.dylib,0x19A18,_arm64_gen_adr_p,0x18D1C,_pfsec_arm64_resolve_stub
CraneSupport.dylib,0x19F28,_arm64_gen_ldr_imm,0x18D1C,_pfsec_arm64_resolve_stub
CraneSupport.dylib,0x1AA18,___stack_chk_fail,0x18D1C,_pfsec_arm64_resolve_stub
CraneSupport.dylib,0x18538,_pfsec_find_prev_inst,0x18E70,_pfsec_arm64_scan_register_write
CraneSupport.dylib,0x19D74,_arm64_gen_add_imm,0x18E70,_pfsec_arm64_scan_register_write
CraneSupport.dylib,0x16010,_macho_translate_fileoff_to_vmaddr,0x18EF0,_pfsec_arm64_enumerate_xrefs
CraneSupport.dylib,0x18200,_pfsec_read32,0x18EF0,_pfsec_arm64_enumerate_xrefs
CraneSupport.dylib,0x182C0,_pfsec_read_pointer,0x18EF0,_pfsec_arm64_enumerate_xrefs
CraneSupport.dylib,0x18538,_pfsec_find_prev_inst,0x18EF0,_pfsec_arm64_enumerate_xrefs
CraneSupport.dylib,0x18E70,_pfsec_arm64_scan_register_write,0x18EF0,_pfsec_arm64_enumerate_xrefs
CraneSupport.dylib,0x19874,_arm64_dec_b_l,0x18EF0,_pfsec_arm64_enumerate_xrefs
CraneSupport.dylib,0x1998C,_arm64_dec_b_c_cond,0x18EF0,_pfsec_arm64_enumerate_xrefs
CraneSupport.dylib,0x19A18,_arm64_gen_adr_p,0x18EF0,_pfsec_arm64_enumerate_xrefs
CraneSupport.dylib,0x19AE8,_arm64_dec_adr_p,0x18EF0,_pfsec_arm64_enumerate_xrefs
CraneSupport.dylib,0x19E60,_arm64_dec_add_imm,0x18EF0,_pfsec_arm64_enumerate_xrefs
CraneSupport.dylib,0x1A12C,_arm64_dec_ldr_imm,0x18EF0,_pfsec_arm64_enumerate_xrefs
CraneSupport.dylib,0x1A3F4,_arm64_dec_str_imm,0x18EF0,_pfsec_arm64_enumerate_xrefs
CraneSupport.dylib,0x1A5D4,_arm64_dec_cb_n_z,0x18EF0,_pfsec_arm64_enumerate_xrefs
CraneSupport.dylib,0x1A748,_arm64_dec_tb_n_z,0x18EF0,_pfsec_arm64_enumerate_xrefs
CraneSupport.dylib,0x1ADCC,_strncmp,0x18EF0,_pfsec_arm64_enumerate_xrefs
CraneSupport.dylib,0x1AD3C,_printf,0x19698,_print_hash
CraneSupport.dylib,0x195D4,_sxt64,0x19874,_arm64_dec_b_l
CraneSupport.dylib,0x195D4,_sxt64,0x1998C,_arm64_dec_b_c_cond
CraneSupport.dylib,0x195D4,_sxt64,0x19AE8,_arm64_dec_adr_p
CraneSupport.dylib,0x19F80,sub_19F80,0x19F28,_arm64_gen_ldr_imm
CraneSupport.dylib,0x195D4,_sxt64,0x1A14C,sub_1A14C
CraneSupport.dylib,0x19F80,sub_19F80,0x1A324,_arm64_gen_ldrs_imm
CraneSupport.dylib,0x19F80,sub_19F80,0x1A39C,_arm64_gen_str_imm
CraneSupport.dylib,0x195D4,_sxt64,0x1A494,_arm64_dec_ldr_lit
CraneSupport.dylib,0x195D4,_sxt64,0x1A5D4,_arm64_dec_cb_n_z
CraneSupport.dylib,0x195D4,_sxt64,0x1A748,_arm64_dec_tb_n_z
CranePrefs,0x3FFD8,_dispatch_once,0x6F58,sub_6F58
CranePrefs,0x3FFD8,_dispatch_once,0x6F98,sub_6F98
CranePrefs,0x3FFD8,_dispatch_once,0x6FD8,sub_6FD8
CranePrefs,0x3FFD8,_dispatch_once,0x7018,sub_7018
CranePrefs,0x3FFD8,_dispatch_once,0x7070,sub_7070
CranePrefs,0x40044,_dlopen,0x70C8,sub_70C8
CranePrefs,0x40050,_dlsym,0x70C8,sub_70C8
CranePrefs,0x3FF24,_access,0x7210,sub_7210
CranePrefs,0x3FEDC,___strlcat_chk,0x7254,sub_7254
CranePrefs,0x3FEE8,___strlcpy_chk,0x7254,sub_7254
CranePrefs,0x3FF24,_access,0x7254,sub_7254
CranePrefs,0x3FFD8,_dispatch_once,0x7254,sub_7254
CranePrefs,0x40140,_malloc,0x7254,sub_7254
CranePrefs,0x403E0,_strncmp,0x7254,sub_7254
CranePrefs,0x3FEDC,___strlcat_chk,0x734C,sub_734C
CranePrefs,0x3FEE8,___strlcpy_chk,0x734C,sub_734C
CranePrefs,0x3FFD8,_dispatch_once,0x734C,sub_734C
CranePrefs,0x40140,_malloc,0x734C,sub_734C
CranePrefs,0x403D4,_strlen,0x734C,sub_734C
CranePrefs,0x403E0,_strncmp,0x734C,sub_734C
CranePrefs,0x40290,_objc_msgSend,0x747C,-[CRPActiveContainerListItemsController applicationIdentifier]
CranePrefs,0x402C0,_objc_release,0x747C,-[CRPActiveContainerListItemsController applicationIdentifier]
CranePrefs,0x402F0,_objc_retainAutoreleasedReturnValue,0x747C,-[CRPActiveContainerListItemsController applicationIdentifier]
CranePrefs,0x747C,-[CRPActiveContainerListItemsController applicationIdentifier],0x74D8,-[CRPActiveContainerListItemsController tableView:didSelectRowAtIndexPath:]
CranePrefs,0x74D8,-[CRPActiveContainerListItemsController tableView:didSelectRowAtIndexPath:],0x74D8,-[CRPActiveContainerListItemsController tableView:didSelectRowAtIndexPath:]
CranePrefs,0x3D6CC,_localize,0x74D8,-[CRPActiveContainerListItemsController tableView:didSelectRowAtIndexPath:]
CranePrefs,0x3DBB0,_requestAuthentication,0x74D8,-[CRPActiveContainerListItemsController tableView:didSelectRowAtIndexPath:]
CranePrefs,0x40290,_objc_msgSend,0x74D8,-[CRPActiveContainerListItemsController tableView:didSelectRowAtIndexPath:]
CranePrefs,0x4029C,_objc_msgSendSuper2,0x74D8,-[CRPActiveContainerListItemsController tableView:didSelectRowAtIndexPath:]
CranePrefs,0x402C0,_objc_release,0x74D8,-[CRPActiveContainerListItemsController tableView:didSelectRowAtIndexPath:]
CranePrefs,0x402CC,_objc_retain,0x74D8,-[CRPActiveContainerListItemsController tableView:didSelectRowAtIndexPath:]
CranePrefs,0x402F0,_objc_retainAutoreleasedReturnValue,0x74D8,-[CRPActiveContainerListItemsController tableView:didSelectRowAtIndexPath:]
CranePrefs,0x4029C,_objc_msgSendSuper2,0x77CC,sub_77CC
CranePrefs,0x402CC,_objc_retain,0x7808,sub_7808
CranePrefs,0x402C0,_objc_release,0x7838,sub_7838
CranePrefs,0x4029C,_objc_msgSendSuper2,0x7868,+[CRPAlertWithLoadingBarController alertControllerWithTitle:message:preferredStyle:]
CranePrefs,0x402C0,_objc_release,0x7868,+[CRPAlertWithLoadingBarController alertControllerWithTitle:message:preferredStyle:]
CranePrefs,0x402CC,_objc_retain,0x7868,+[CRPAlertWithLoadingBarController alertControllerWithTitle:message:preferredStyle:]
CranePrefs,0x402F0,_objc_retainAutoreleasedReturnValue,0x7868,+[CRPAlertWithLoadingBarController alertControllerWithTitle:message:preferredStyle:]
CranePrefs,0x78E8,-[CRPAlertWithLoadingBarController init],0x78E8,-[CRPAlertWithLoadingBarController init]
CranePrefs,0x401D0,_objc_alloc,0x78E8,-[CRPAlertWithLoadingBarController init]
CranePrefs,0x40290,_objc_msgSend,0x78E8,-[CRPAlertWithLoadingBarController init]
CranePrefs,0x4029C,_objc_msgSendSuper2,0x78E8,-[CRPAlertWithLoadingBarController init]
CranePrefs,0x402C0,_objc_release,0x78E8,-[CRPAlertWithLoadingBarController init]
CranePrefs,0x40290,_objc_msgSend,0x7970,-[CRPAlertWithLoadingBarController viewDidLoad]
CranePrefs,0x402F0,_objc_retainAutoreleasedReturnValue,0x7970,-[CRPAlertWithLoadingBarController viewDidLoad]
CranePrefs,0x79C0,-[CRPAlertWithLoadingBarController viewDidLayoutSubviews],0x79C0,-[CRPAlertWithLoadingBarController viewDidLayoutSubviews]
CranePrefs,0x40290,_objc_msgSend,0x79C0,-[CRPAlertWithLoadingBarController viewDidLayoutSubviews]
CranePrefs,0x4029C,_objc_msgSendSuper2,0x79C0,-[CRPAlertWithLoadingBarController viewDidLayoutSubviews]
CranePrefs,0x402C0,_objc_release,0x79C0,-[CRPAlertWithLoadingBarController viewDidLayoutSubviews]
CranePrefs,0x402F0,_objc_retainAutoreleasedReturnValue,0x79C0,-[CRPAlertWithLoadingBarController viewDidLayoutSubviews]
CranePrefs,0x7ADC,-[CRPApplicationConfigurationListController init],0x7ADC,-[CRPApplicationConfigurationListController init]
CranePrefs,0x40290,_objc_msgSend,0x7ADC,-[CRPApplicationConfigurationListController init]
CranePrefs,0x4029C,_objc_msgSendSuper2,0x7ADC,-[CRPApplicationConfigurationListController init]
CranePrefs,0x402C0,_objc_release,0x7ADC,-[CRPApplicationConfigurationListController init]
CranePrefs,0x402F0,_objc_retainAutoreleasedReturnValue,0x7ADC,-[CRPApplicationConfigurationListController init]
CranePrefs,0x7B5C,-[CRPApplicationConfigurationListController dealloc],0x7B5C,-[CRPApplicationConfigurationListController dealloc]
CranePrefs,0x40290,_objc_msgSend,0x7B5C,-[CRPApplicationConfigurationListController dealloc]
CranePrefs,0x4029C,_objc_msgSendSuper2,0x7B5C,-[CRPApplicationConfigurationListController dealloc]
CranePrefs,0x402C0,_objc_release,0x7B5C,-[CRPApplicationConfigurationListController dealloc]
CranePrefs,0x402F0,_objc_retainAutoreleasedReturnValue,0x7B5C,-[CRPApplicationConfigurationListController dealloc]
CranePrefs,0x8310,-[CRPApplicationConfigurationListController applicationIdentifier],0x7BD4,-[CRPApplicationConfigurationListController didChangeSettingsForApplicationWithIdentifier:]
CranePrefs,0x8A94,-[CRPApplicationConfigurationListController loadApplicationSettings],0x7BD4,-[CRPApplicationConfigurationListController didChangeSettingsForApplicationWithIdentifier:]
CranePrefs,0x3FFC0,_dispatch_async,0x7BD4,-[CRPApplicationConfigurationListController didChangeSettingsForApplicationWithIdentifier:]
CranePrefs,0x40290,_objc_msgSend,0x7BD4,-[CRPApplicationConfigurationListController didChangeSettingsForApplicationWithIdentifier:]
CranePrefs,0x402C0,_objc_release,0x7BD4,-[CRPApplicationConfigurationListController didChangeSettingsForApplicationWithIdentifier:]
CranePrefs,0x402CC,_objc_retain,0x7BD4,-[CRPApplicationConfigurationListController didChangeSettingsForApplicationWithIdentifier:]
CranePrefs,0x402F0,_objc_retainAutoreleasedReturnValue,0x7BD4,-[CRPApplicationConfigurationListController didChangeSettingsForApplicationWithIdentifier:]
CranePrefs,0x8310,-[CRPApplicationConfigurationListController applicationIdentifier],0x7CC8,-[CRPApplicationConfigurationListController didChangeContainersOfApplicationWithIdentifier:]
CranePrefs,0x8A94,-[CRPApplicationConfigurationListController loadApplicationSettings],0x7CC8,-[CRPApplicationConfigurationListController didChangeContainersOfApplicationWithIdentifier:]
CranePrefs,0x3FFC0,_dispatch_async,0x7CC8,-[CRPApplicationConfigurationListController didChangeContainersOfApplicationWithIdentifier:]
CranePrefs,0x40290,_objc_msgSend,0x7CC8,-[CRPApplicationConfigurationListController didChangeContainersOfApplicationWithIdentifier:]
CranePrefs,0x402C0,_objc_release,0x7CC8,-[CRPApplicationConfigurationListController didChangeContainersOfApplicationWithIdentifier:]
CranePrefs,0x402CC,_objc_retain,0x7CC8,-[CRPApplicationConfigurationListController didChangeContainersOfApplicationWithIdentifier:]
CranePrefs,0x402F0,_objc_retainAutoreleasedReturnValue,0x7CC8,-[CRPApplicationConfigurationListController didChangeContainersOfApplicationWithIdentifier:]
CranePrefs,0x40290,_objc_msgSend,0x7D9C,sub_7D9C
CranePrefs,0x8310,-[CRPApplicationConfigurationListController applicationIdentifier],0x7DD4,-[CRPApplicationConfigurationListController didChangeContainerSettingsForContainerWithIdentifier:onApplicationWithIdentifier:]
CranePrefs,0x8A94,-[CRPApplicationConfigurationListController loadApplicationSettings],0x7DD4,-[CRPApplicationConfigurationListController didChangeContainerSettingsForContainerWithIdentifier:onApplicationWithIdentifier:]
CranePrefs,0x3FFC0,_dispatch_async,0x7DD4,-[CRPApplicationConfigurationListController didChangeContainerSettingsForContainerWithIdentifier:onApplicationWithIdentifier:]
CranePrefs,0x40290,_objc_msgSend,0x7DD4,-[CRPApplicationConfigurationListController didChangeContainerSettingsForContainerWithIdentifier:onApplicationWithIdentifier:]
CranePrefs,0x402C0,_objc_release,0x7DD4,-[CRPApplicationConfigurationListController didChangeContainerSettingsForContainerWithIdentifier:onApplicationWithIdentifier:]
CranePrefs,0x402CC,_objc_retain,0x7DD4,-[CRPApplicationConfigurationListController didChangeContainerSettingsForContainerWithIdentifier:onApplicationWithIdentifier:]
CranePrefs,0x402F0,_objc_retainAutoreleasedReturnValue,0x7DD4,-[CRPApplicationConfigurationListController didChangeContainerSettingsForContainerWithIdentifier:onApplicationWithIdentifier:]
CranePrefs,0x40290,_objc_msgSend,0x7EA8,sub_7EA8
CranePrefs,0x8310,-[CRPApplicationConfigurationListController applicationIdentifier],0x7EE0,-[CRPApplicationConfigurationListController containerNameForContainerIdentifier:]
CranePrefs,0x40290,_objc_msgSend,0x7EE0,-[CRPApplicationConfigurationListController containerNameForContainerIdentifier:]
CranePrefs,0x402C0,_objc_release,0x7EE0,-[CRPApplicationConfigurationListController containerNameForContainerIdentifier:]
CranePrefs,0x402CC,_objc_retain,0x7EE0,-[CRPApplicationConfigurationListController containerNameForContainerIdentifier:]
CranePrefs,0x402F0,_objc_retainAutoreleasedReturnValue,0x7EE0,-[CRPApplicationConfigurationListController containerNameForContainerIdentifier:]
CranePrefs,0x7F98,-[CRPApplicationConfigurationListController containersForApplication],0x7FB8,-[CRPApplicationConfigurationListController containerIdentifersForApplication]
CranePrefs,0x3FED0,___stack_chk_fail,0x7FB8,-[CRPApplicationConfigurationListController containerIdentifersForApplication]
CranePrefs,0x4023C,_objc_enumerationMutation,0x7FB8,-[CRPApplicationConfigurationListController containerIdentifersForApplication]
CranePrefs,0x40290,_objc_msgSend,0x7FB8,-[CRPApplicationConfigurationListController containerIdentifersForApplication]
CranePrefs,0x402C0,_objc_release,0x7FB8,-[CRPApplicationConfigurationListController containerIdentifersForApplication]
CranePrefs,0x402F0,_objc_retainAutoreleasedReturnValue,0x7FB8,-[CRPApplicationConfigurationListController containerIdentifersForApplication]
CranePrefs,0x7EE0,-[CRPApplicationConfigurationListController containerNameForContainerIdentifier:],0x8154,-[CRPApplicationConfigurationListController containerNamesForApplication]
CranePrefs,0x7F98,-[CRPApplicationConfigurationListController containersForApplication],0x8154,-[CRPApplicationConfigurationListController containerNamesForApplication]
CranePrefs,0x3FED0,___stack_chk_fail,0x8154,-[CRPApplicationConfigurationListController containerNamesForApplication]
CranePrefs,0x4023C,_objc_enumerationMutation,0x8154,-[CRPApplicationConfigurationListController containerNamesForApplication]
CranePrefs,0x40290,_objc_msgSend,0x8154,-[CRPApplicationConfigurationListController containerNamesForApplication]
CranePrefs,0x402C0,_objc_release,0x8154,-[CRPApplicationConfigurationListController containerNamesForApplication]
CranePrefs,0x402F0,_objc_retainAutoreleasedReturnValue,0x8154,-[CRPApplicationConfigurationListController containerNamesForApplication]
CranePrefs,0x40290,_objc_msgSend,0x8310,-[CRPApplicationConfigurationListController applicationIdentifier]
CranePrefs,0x402C0,_objc_release,0x8310,-[CRPApplicationConfigurationListController applicationIdentifier]
CranePrefs,0x402F0,_objc_retainAutoreleasedReturnValue,0x8310,-[CRPApplicationConfigurationListController applicationIdentifier]
CranePrefs,0x40290,_objc_msgSend,0x8384,-[CRPApplicationConfigurationListController setContainerIdentifier:ofSpecifier:]
CranePrefs,0x402C0,_objc_release,0x8384,-[CRPApplicationConfigurationListController setContainerIdentifier:ofSpecifier:]
CranePrefs,0x402CC,_objc_retain,0x8384,-[CRPApplicationConfigurationListController setContainerIdentifier:ofSpecifier:]
CranePrefs,0xA7EC,-[CRPApplicationConfigurationListController setPreferenceValue:key:],0x8400,-[CRPApplicationConfigurationListController renameContainerWithIdentifier:toName:]
CranePrefs,0xA9F4,-[CRPApplicationConfigurationListController readPreferenceValueForKey:],0x8400,-[CRPApplicationConfigurationListController renameContainerWithIdentifier:toName:]
CranePrefs,0x3FED0,___stack_chk_fail,0x8400,-[CRPApplicationConfigurationListController renameContainerWithIdentifier:toName:]
CranePrefs,0x4023C,_objc_enumerationMutation,0x8400,-[CRPApplicationConfigurationListController renameContainerWithIdentifier:toName:]
CranePrefs,0x40290,_objc_msgSend,0x8400,-[CRPApplicationConfigurationListController renameContainerWithIdentifier:toName:]
CranePrefs,0x402C0,_objc_release,0x8400,-[CRPApplicationConfigurationListController renameContainerWithIdentifier:toName:]
CranePrefs,0x402CC,_objc_retain,0x8400,-[CRPApplicationConfigurationListController renameContainerWithIdentifier:toName:]
CranePrefs,0x402F0,_objc_retainAutoreleasedReturnValue,0x8400,-[CRPApplicationConfigurationListController renameContainerWithIdentifier:toName:]
CranePrefs,0x8310,-[CRPApplicationConfigurationListController applicationIdentifier],0x86A8,-[CRPApplicationConfigurationListController removeContainerWithIdentifier:]
CranePrefs,0xA7EC,-[CRPApplicationConfigurationListController setPreferenceValue:key:],0x86A8,-[CRPApplicationConfigurationListController removeContainerWithIdentifier:]
CranePrefs,0xA9F4,-[CRPApplicationConfigurationListController readPreferenceValueForKey:],0x86A8,-[CRPApplicationConfigurationListController removeContainerWithIdentifier:]
CranePrefs,0x40290,_objc_msgSend,0x86A8,-[CRPApplicationConfigurationListController removeContainerWithIdentifier:]
CranePrefs,0x402C0,_objc_release,0x86A8,-[CRPApplicationConfigurationListController removeContainerWithIdentifier:]
CranePrefs,0x402CC,_objc_retain,0x86A8,-[CRPApplicationConfigurationListController removeContainerWithIdentifier:]
CranePrefs,0x402F0,_objc_retainAutoreleasedReturnValue,0x86A8,-[CRPApplicationConfigurationListController removeContainerWithIdentifier:]
CranePrefs,0x40290,_objc_msgSend,0x8840,sub_8840
CranePrefs,0x402C0,_objc_release,0x8840,sub_8840
CranePrefs,0x402CC,_objc_retain,0x8840,sub_8840
CranePrefs,0x402F0,_objc_retainAutoreleasedReturnValue,0x8840,sub_8840
CranePrefs,0x402CC,_objc_retain,0x88D0,sub_88D0
CranePrefs,0x402C0,_objc_release,0x88F8,sub_88F8
CranePrefs,0x7EE0,-[CRPApplicationConfigurationListController containerNameForContainerIdentifier:],0x8920,-[CRPApplicationConfigurationListController newSpecifierForContainerWithIdentifier:]
CranePrefs,0x8310,-[CRPApplicationConfigurationListController applicationIdentifier],0x8920,-[CRPApplicationConfigurationListController newSpecifierForContainerWithIdentifier:]
CranePrefs,0x8384,-[CRPApplicationConfigurationListController setContainerIdentifier:ofSpecifier:],0x8920,-[CRPApplicationConfigurationListController newSpecifierForContainerWithIdentifier:]
CranePrefs,0x3FE4C,_NSClassFromString,0x8920,-[CRPApplicationConfigurationListController newSpecifierForContainerWithIdentifier:]
CranePrefs,0x40290,_objc_msgSend,0x8920,-[CRPApplicationConfigurationListController newSpecifierForContainerWithIdentifier:]
CranePrefs,0x402C0,_objc_release,0x8920,-[CRPApplicationConfigurationListController newSpecifierForContainerWithIdentifier:]
CranePrefs,0x402CC,_objc_retain,0x8920,-[CRPApplicationConfigurationListController newSpecifierForContainerWithIdentifier:]
CranePrefs,0x402F0,_objc_retainAutoreleasedReturnValue,0x8920,-[CRPApplicationConfigurationListController newSpecifierForContainerWithIdentifier:]
CranePrefs,0x8310,-[CRPApplicationConfigurationListController applicationIdentifier],0x8A94,-[CRPApplicationConfigurationListController loadApplicationSettings]
CranePrefs,0x40290,_objc_msgSend,0x8A94,-[CRPApplicationConfigurationListController loadApplicationSettings]
CranePrefs,0x402C0,_objc_release,0x8A94,-[CRPApplicationConfigurationListController loadApplicationSettings]
CranePrefs,0x402F0,_objc_retainAutoreleasedReturnValue,0x8A94,-[CRPApplicationConfigurationListController loadApplicationSettings]
CranePrefs,0x7F98,-[CRPApplicationConfigurationListController containersForApplication],0x8B4C,-[CRPApplicationConfigurationListController getSpecifiersForContainers]
CranePrefs,0x8920,-[CRPApplicationConfigurationListController newSpecifierForContainerWithIdentifier:],0x8B4C,-[CRPApplicationConfigurationListController getSpecifiersForContainers]
CranePrefs,0x3FED0,___stack_chk_fail,0x8B4C,-[CRPApplicationConfigurationListController getSpecifiersForContainers]
CranePrefs,0x4023C,_objc_enumerationMutation,0x8B4C,-[CRPApplicationConfigurationListController getSpecifiersForContainers]
CranePrefs,0x40290,_objc_msgSend,0x8B4C,-[CRPApplicationConfigurationListController getSpecifiersForContainers]
CranePrefs,0x402C0,_objc_release,0x8B4C,-[CRPApplicationConfigurationListController getSpecifiersForContainers]
CranePrefs,0x402F0,_objc_retainAutoreleasedReturnValue,0x8B4C,-[CRPApplicationConfigurationListController getSpecifiersForContainers]
CranePrefs,0x8310,-[CRPApplicationConfigurationListController applicationIdentifier],0x8D00,-[CRPApplicationConfigurationListController specifiers]
CranePrefs,0x8A94,-[CRPApplicationConfigurationListController loadApplicationSettings],0x8D00,-[CRPApplicationConfigurationListController specifiers]
CranePrefs,0x8B4C,-[CRPApplicationConfigurationListController getSpecifiersForContainers],0x8D00,-[CRPApplicationConfigurationListController specifiers]
CranePrefs,0xA9F4,-[CRPApplicationConfigurationListController readPreferenceValueForKey:],0x8D00,-[CRPApplicationConfigurationListController specifiers]
CranePrefs,0x3D6CC,_localize,0x8D00,-[CRPApplicationConfigurationListController specifiers]
CranePrefs,0x40290,_objc_msgSend,0x8D00,-[CRPApplicationConfigurationListController specifiers]
CranePrefs,0x402C0,_objc_release,0x8D00,-[CRPApplicationConfigurationListController specifiers]
CranePrefs,0x402F0,_objc_retainAutoreleasedReturnValue,0x8D00,-[CRPApplicationConfigurationListController specifiers]
CranePrefs,0x3D6CC,_localize,0x9848,-[CRPApplicationConfigurationListController addButtonPressed]
CranePrefs,0x40290,_objc_msgSend,0x9848,-[CRPApplicationConfigurationListController addButtonPressed]
CranePrefs,0x402C0,_objc_release,0x9848,-[CRPApplicationConfigurationListController addButtonPressed]
CranePrefs,0x402CC,_objc_retain,0x9848,-[CRPApplicationConfigurationListController addButtonPressed]
CranePrefs,0x402F0,_objc_retainAutoreleasedReturnValue,0x9848,-[CRPApplicationConfigurationListController addButtonPressed]
CranePrefs,0x3D6CC,_localize,0x9A24,sub_9A24
CranePrefs,0x40290,_objc_msgSend,0x9A24,sub_9A24
CranePrefs,0x402C0,_objc_release,0x9A24,sub_9A24
CranePrefs,0x402CC,_objc_retain,0x9A24,sub_9A24
CranePrefs,0x402F0,_objc_retainAutoreleasedReturnValue,0x9A24,sub_9A24
CranePrefs,0x40230,_objc_destroyWeak,0x9A80,sub_9A80
CranePrefs,0x40278,_objc_initWeak,0x9A80,sub_9A80
CranePrefs,0x40290,_objc_msgSend,0x9A80,sub_9A80
CranePrefs,0x402C0,_objc_release,0x9A80,sub_9A80
CranePrefs,0x402CC,_objc_retain,0x9A80,sub_9A80
CranePrefs,0x402F0,_objc_retainAutoreleasedReturnValue,0x9A80,sub_9A80
CranePrefs,0x3FEA0,__Unwind_Resume,0x9D14,sub_9D14
CranePrefs,0x40230,_objc_destroyWeak,0x9D14,sub_9D14
CranePrefs,0x40290,_objc_msgSend,0x9D3C,-[CRPApplicationConfigurationListController reloadActiveContainer]
CranePrefs,0x402C0,_objc_release,0x9D3C,-[CRPApplicationConfigurationListController reloadActiveContainer]
CranePrefs,0x402F0,_objc_retainAutoreleasedReturnValue,0x9D3C,-[CRPApplicationConfigurationListController reloadActiveContainer]
CranePrefs,0x7EE0,-[CRPApplicationConfigurationListController containerNameForContainerIdentifier:],0x9E24,-[CRPApplicationConfigurationListController reloadContainerNames]
CranePrefs,0x836C,-[CRPApplicationConfigurationListController containerIdentifierForSpecifier:],0x9E24,-[CRPApplicationConfigurationListController reloadContainerNames]
CranePrefs,0x3FED0,___stack_chk_fail,0x9E24,-[CRPApplicationConfigurationListController reloadContainerNames]
CranePrefs,0x4023C,_objc_enumerationMutation,0x9E24,-[CRPApplicationConfigurationListController reloadContainerNames]
CranePrefs,0x40290,_objc_msgSend,0x9E24,-[CRPApplicationConfigurationListController reloadContainerNames]
CranePrefs,0x402C0,_objc_release,0x9E24,-[CRPApplicationConfigurationListController reloadContainerNames]
CranePrefs,0x402F0,_objc_retainAutoreleasedReturnValue,0x9E24,-[CRPApplicationConfigurationListController reloadContainerNames]
CranePrefs,0x8B4C,-[CRPApplicationConfigurationListController getSpecifiersForContainers],0xA038,-[CRPApplicationConfigurationListController reloadContainerSpecifiers]
CranePrefs,0x40290,_objc_msgSend,0xA038,-[CRPApplicationConfigurationListController reloadContainerSpecifiers]
CranePrefs,0x402C0,_objc_release,0xA038,-[CRPApplicationConfigurationListController reloadContainerSpecifiers]
CranePrefs,0x402F0,_objc_retainAutoreleasedReturnValue,0xA038,-[CRPApplicationConfigurationListController reloadContainerSpecifiers]
CranePrefs,0x8310,-[CRPApplicationConfigurationListController applicationIdentifier],0xA0F8,-[CRPApplicationConfigurationListController setActiveContainer:specifier:]
CranePrefs,0x40290,_objc_msgSend,0xA0F8,-[CRPApplicationConfigurationListController setActiveContainer:specifier:]
CranePrefs,0x402C0,_objc_release,0xA0F8,-[CRPApplicationConfigurationListController setActiveContainer:specifier:]
CranePrefs,0x402CC,_objc_retain,0xA0F8,-[CRPApplicationConfigurationListController setActiveContainer:specifier:]
CranePrefs,0x402F0,_objc_retainAutoreleasedReturnValue,0xA0F8,-[CRPApplicationConfigurationListController setActiveContainer:specifier:]
CranePrefs,0x8310,-[CRPApplicationConfigurationListController applicationIdentifier],0xA190,-[CRPApplicationConfigurationListController readActiveContainer:]
CranePrefs,0x40290,_objc_msgSend,0xA190,-[CRPApplicationConfigurationListController readActiveContainer:]
CranePrefs,0x402C0,_objc_release,0xA190,-[CRPApplicationConfigurationListController readActiveContainer:]
CranePrefs,0x402F0,_objc_retainAutoreleasedReturnValue,0xA190,-[CRPApplicationConfigurationListController readActiveContainer:]
CranePrefs,0x7F98,-[CRPApplicationConfigurationListController containersForApplication],0xA224,-[CRPApplicationConfigurationListController setSeparateNotificationRegistrationsValue:specifier:]
CranePrefs,0x8310,-[CRPApplicationConfigurationListController applicationIdentifier],0xA224,-[CRPApplicationConfigurationListController setSeparateNotificationRegistrationsValue:specifier:]
CranePrefs,0xA770,-[CRPApplicationConfigurationListController setPreferenceValue:specifier:],0xA224,-[CRPApplicationConfigurationListController setSeparateNotificationRegistrationsValue:specifier:]
CranePrefs,0x3FED0,___stack_chk_fail,0xA224,-[CRPApplicationConfigurationListController setSeparateNotificationRegistrationsValue:specifier:]
CranePrefs,0x4023C,_objc_enumerationMutation,0xA224,-[CRPApplicationConfigurationListController setSeparateNotificationRegistrationsValue:specifier:]
CranePrefs,0x40290,_objc_msgSend,0xA224,-[CRPApplicationConfigurationListController setSeparateNotificationRegistrationsValue:specifier:]
CranePrefs,0x402C0,_objc_release,0xA224,-[CRPApplicationConfigurationListController setSeparateNotificationRegistrationsValue:specifier:]
CranePrefs,0x402CC,_objc_retain,0xA224,-[CRPApplicationConfigurationListController setSeparateNotificationRegistrationsValue:specifier:]
CranePrefs,0x402F0,_objc_retainAutoreleasedReturnValue,0xA224,-[CRPApplicationConfigurationListController setSeparateNotificationRegistrationsValue:specifier:]
CranePrefs,0x8310,-[CRPApplicationConfigurationListController applicationIdentifier],0xA4B8,-[CRPApplicationConfigurationListController setSeparateSystemAccountsValue:specifier:]
CranePrefs,0xA770,-[CRPApplicationConfigurationListController setPreferenceValue:specifier:],0xA4B8,-[CRPApplicationConfigurationListController setSeparateSystemAccountsValue:specifier:]
CranePrefs,0x40290,_objc_msgSend,0xA4B8,-[CRPApplicationConfigurationListController setSeparateSystemAccountsValue:specifier:]
CranePrefs,0x402C0,_objc_release,0xA4B8,-[CRPApplicationConfigurationListController setSeparateSystemAccountsValue:specifier:]
CranePrefs,0x402CC,_objc_retain,0xA4B8,-[CRPApplicationConfigurationListController setSeparateSystemAccountsValue:specifier:]
CranePrefs,0x402F0,_objc_retainAutoreleasedReturnValue,0xA4B8,-[CRPApplicationConfigurationListController setSeparateSystemAccountsValue:specifier:]
CranePrefs,0x8310,-[CRPApplicationConfigurationListController applicationIdentifier],0xA670,-[CRPApplicationConfigurationListController setGameCenterSupportValue:specifier:]
CranePrefs,0xA770,-[CRPApplicationConfigurationListController setPreferenceValue:specifier:],0xA670,-[CRPApplicationConfigurationListController setGameCenterSupportValue:specifier:]
CranePrefs,0x40290,_objc_msgSend,0xA670,-[CRPApplicationConfigurationListController setGameCenterSupportValue:specifier:]
CranePrefs,0x402C0,_objc_release,0xA670,-[CRPApplicationConfigurationListController setGameCenterSupportValue:specifier:]
CranePrefs,0x402CC,_objc_retain,0xA670,-[CRPApplicationConfigurationListController setGameCenterSupportValue:specifier:]
CranePrefs,0x402F0,_objc_retainAutoreleasedReturnValue,0xA670,-[CRPApplicationConfigurationListController setGameCenterSupportValue:specifier:]
CranePrefs,0xA7EC,-[CRPApplicationConfigurationListController setPreferenceValue:key:],0xA770,-[CRPApplicationConfigurationListController setPreferenceValue:specifier:]
CranePrefs,0x40290,_objc_msgSend,0xA770,-[CRPApplicationConfigurationListController setPreferenceValue:specifier:]
CranePrefs,0x402C0,_objc_release,0xA770,-[CRPApplicationConfigurationListController setPreferenceValue:specifier:]
CranePrefs,0x402CC,_objc_retain,0xA770,-[CRPApplicationConfigurationListController setPreferenceValue:specifier:]
CranePrefs,0x402F0,_objc_retainAutoreleasedReturnValue,0xA770,-[CRPApplicationConfigurationListController setPreferenceValue:specifier:]
CranePrefs,0x8310,-[CRPApplicationConfigurationListController applicationIdentifier],0xA7EC,-[CRPApplicationConfigurationListController setPreferenceValue:key:]
CranePrefs,0x40290,_objc_msgSend,0xA7EC,-[CRPApplicationConfigurationListController setPreferenceValue:key:]
CranePrefs,0x402C0,_objc_release,0xA7EC,-[CRPApplicationConfigurationListController setPreferenceValue:key:]
CranePrefs,0x402CC,_objc_retain,0xA7EC,-[CRPApplicationConfigurationListController setPreferenceValue:key:]
CranePrefs,0x402F0,_objc_retainAutoreleasedReturnValue,0xA7EC,-[CRPApplicationConfigurationListController setPreferenceValue:key:]
CranePrefs,0xA9F4,-[CRPApplicationConfigurationListController readPreferenceValueForKey:],0xA948,-[CRPApplicationConfigurationListController readPreferenceValue:]
CranePrefs,0x40290,_objc_msgSend,0xA948,-[CRPApplicationConfigurationListController readPreferenceValue:]
CranePrefs,0x402C0,_objc_release,0xA948,-[CRPApplicationConfigurationListController readPreferenceValue:]
CranePrefs,0x402CC,_objc_retain,0xA948,-[CRPApplicationConfigurationListController readPreferenceValue:]
CranePrefs,0x402F0,_objc_retainAutoreleasedReturnValue,0xA948,-[CRPApplicationConfigurationListController readPreferenceValue:]
CranePrefs,0x40290,_objc_msgSend,0xAA0C,-[CRPApplicationConfigurationListController tableView:canEditRowAtIndexPath:]
CranePrefs,0x402C0,_objc_release,0xAA0C,-[CRPApplicationConfigurationListController tableView:canEditRowAtIndexPath:]
CranePrefs,0x402CC,_objc_retain,0xAA0C,-[CRPApplicationConfigurationListController tableView:canEditRowAtIndexPath:]
CranePrefs,0x836C,-[CRPApplicationConfigurationListController containerIdentifierForSpecifier:],0xAABC,-[CRPApplicationConfigurationListController tableView:editingStyleForRowAtIndexPath:]
CranePrefs,0x40290,_objc_msgSend,0xAABC,-[CRPApplicationConfigurationListController tableView:editingStyleForRowAtIndexPath:]
CranePrefs,0x402C0,_objc_release,0xAABC,-[CRPApplicationConfigurationListController tableView:editingStyleForRowAtIndexPath:]
CranePrefs,0x402CC,_objc_retain,0xAABC,-[CRPApplicationConfigurationListController tableView:editingStyleForRowAtIndexPath:]
CranePrefs,0x402F0,_objc_retainAutoreleasedReturnValue,0xAABC,-[CRPApplicationConfigurationListController tableView:editingStyleForRowAtIndexPath:]
CranePrefs,0x40290,_objc_msgSend,0xABF0,-[CRPApplicationConfigurationListController tableView:canMoveRowAtIndexPath:]
CranePrefs,0x402C0,_objc_release,0xABF0,-[CRPApplicationConfigurationListController tableView:canMoveRowAtIndexPath:]
CranePrefs,0x402CC,_objc_retain,0xABF0,-[CRPApplicationConfigurationListController tableView:canMoveRowAtIndexPath:]
CranePrefs,0x40290,_objc_msgSend,0xACAC,-[CRPApplicationConfigurationListController tableView:targetIndexPathForMoveFromRowAtIndexPath:toProposedIndexPath:]
CranePrefs,0x402C0,_objc_release,0xACAC,-[CRPApplicationConfigurationListController tableView:targetIndexPathForMoveFromRowAtIndexPath:toProposedIndexPath:]
CranePrefs,0x402CC,_objc_retain,0xACAC,-[CRPApplicationConfigurationListController tableView:targetIndexPathForMoveFromRowAtIndexPath:toProposedIndexPath:]
CranePrefs,0x402F0,_objc_retainAutoreleasedReturnValue,0xACAC,-[CRPApplicationConfigurationListController tableView:targetIndexPathForMoveFromRowAtIndexPath:toProposedIndexPath:]
CranePrefs,0xA7EC,-[CRPApplicationConfigurationListController setPreferenceValue:key:],0xADD8,-[CRPApplicationConfigurationListController tableView:moveRowAtIndexPath:toIndexPath:]
CranePrefs,0xA9F4,-[CRPApplicationConfigurationListController readPreferenceValueForKey:],0xADD8,-[CRPApplicationConfigurationListController tableView:moveRowAtIndexPath:toIndexPath:]
CranePrefs,0x40290,_objc_msgSend,0xADD8,-[CRPApplicationConfigurationListController tableView:moveRowAtIndexPath:toIndexPath:]
CranePrefs,0x402C0,_objc_release,0xADD8,-[CRPApplicationConfigurationListController tableView:moveRowAtIndexPath:toIndexPath:]
CranePrefs,0x402CC,_objc_retain,0xADD8,-[CRPApplicationConfigurationListController tableView:moveRowAtIndexPath:toIndexPath:]
CranePrefs,0x402F0,_objc_retainAutoreleasedReturnValue,0xADD8,-[CRPApplicationConfigurationListController tableView:moveRowAtIndexPath:toIndexPath:]
CranePrefs,0x7EE0,-[CRPApplicationConfigurationListController containerNameForContainerIdentifier:],0xAF4C,-[CRPApplicationConfigurationListController tableView:commitEditingStyle:forRowAtIndexPath:]
CranePrefs,0x836C,-[CRPApplicationConfigurationListController containerIdentifierForSpecifier:],0xAF4C,-[CRPApplicationConfigurationListController tableView:commitEditingStyle:forRowAtIndexPath:]
CranePrefs,0x3D6CC,_localize,0xAF4C,-[CRPApplicationConfigurationListController tableView:commitEditingStyle:forRowAtIndexPath:]
CranePrefs,0x40290,_objc_msgSend,0xAF4C,-[CRPApplicationConfigurationListController tableView:commitEditingStyle:forRowAtIndexPath:]
CranePrefs,0x402C0,_objc_release,0xAF4C,-[CRPApplicationConfigurationListController tableView:commitEditingStyle:forRowAtIndexPath:]
CranePrefs,0x402CC,_objc_retain,0xAF4C,-[CRPApplicationConfigurationListController tableView:commitEditingStyle:forRowAtIndexPath:]
CranePrefs,0x402F0,_objc_retainAutoreleasedReturnValue,0xAF4C,-[CRPApplicationConfigurationListController tableView:commitEditingStyle:forRowAtIndexPath:]
CranePrefs,0x3D6CC,_localize,0xB27C,sub_B27C
CranePrefs,0x3DBB0,_requestAuthentication,0xB27C,sub_B27C
CranePrefs,0x40290,_objc_msgSend,0xB27C,sub_B27C
CranePrefs,0x402C0,_objc_release,0xB27C,sub_B27C
CranePrefs,0x402CC,_objc_retain,0xB27C,sub_B27C
CranePrefs,0x402F0,_objc_retainAutoreleasedReturnValue,0xB27C,sub_B27C
CranePrefs,0x402FC,_objc_retainBlock,0xB27C,sub_B27C
CranePrefs,0x4029C,_objc_msgSendSuper2,0xB448,sub_B448
CranePrefs,0x402CC,_objc_retain,0xB484,sub_B484
CranePrefs,0x402C0,_objc_release,0xB4C4,sub_B4C4
CranePrefs,0x836C,-[CRPApplicationConfigurationListController containerIdentifierForSpecifier:],0xB504,-[CRPApplicationConfigurationListController performDeletionActionForSpecifier:]
CranePrefs,0x86A8,-[CRPApplicationConfigurationListController removeContainerWithIdentifier:],0xB504,-[CRPApplicationConfigurationListController performDeletionActionForSpecifier:]
CranePrefs,0x9D3C,-[CRPApplicationConfigurationListController reloadActiveContainer],0xB504,-[CRPApplicationConfigurationListController performDeletionActionForSpecifier:]
CranePrefs,0xB504,-[CRPApplicationConfigurationListController performDeletionActionForSpecifier:],0xB504,-[CRPApplicationConfigurationListController performDeletionActionForSpecifier:]
CranePrefs,0x40290,_objc_msgSend,0xB504,-[CRPApplicationConfigurationListController performDeletionActionForSpecifier:]
CranePrefs,0x4029C,_objc_msgSendSuper2,0xB504,-[CRPApplicationConfigurationListController performDeletionActionForSpecifier:]
CranePrefs,0x402C0,_objc_release,0xB504,-[CRPApplicationConfigurationListController performDeletionActionForSpecifier:]
CranePrefs,0x402CC,_objc_retain,0xB504,-[CRPApplicationConfigurationListController performDeletionActionForSpecifier:]
CranePrefs,0x402F0,_objc_retainAutoreleasedReturnValue,0xB504,-[CRPApplicationConfigurationListController performDeletionActionForSpecifier:]
CranePrefs,0xB5D8,-[CRPApplicationConfigurationListController viewDidLoad],0xB5D8,-[CRPApplicationConfigurationListController viewDidLoad]
CranePrefs,0xB638,-[CRPApplicationConfigurationListController checkForUnknownContainers],0xB5D8,-[CRPApplicationConfigurationListController viewDidLoad]
CranePrefs,0xBFF4,-[CRPApplicationConfigurationListController checkForSlices],0xB5D8,-[CRPApplicationConfigurationListController viewDidLoad]
CranePrefs,0x40290,_objc_msgSend,0xB5D8,-[CRPApplicationConfigurationListController viewDidLoad]
CranePrefs,0x4029C,_objc_msgSendSuper2,0xB5D8,-[CRPApplicationConfigurationListController viewDidLoad]
CranePrefs,0x7FB8,-[CRPApplicationConfigurationListController containerIdentifersForApplication],0xB638,-[CRPApplicationConfigurationListController checkForUnknownContainers]
CranePrefs,0x8310,-[CRPApplicationConfigurationListController applicationIdentifier],0xB638,-[CRPApplicationConfigurationListController checkForUnknownContainers]
CranePrefs,0x14370,+[CRPContainerManager sharedManager],0xB638,-[CRPApplicationConfigurationListController checkForUnknownContainers]
CranePrefs,0x3D6CC,_localize,0xB638,-[CRPApplicationConfigurationListController checkForUnknownContainers]
CranePrefs,0x40290,_objc_msgSend,0xB638,-[CRPApplicationConfigurationListController checkForUnknownContainers]
CranePrefs,0x402C0,_objc_release,0xB638,-[CRPApplicationConfigurationListController checkForUnknownContainers]
CranePrefs,0x402CC,_objc_retain,0xB638,-[CRPApplicationConfigurationListController checkForUnknownContainers]
CranePrefs,0x402F0,_objc_retainAutoreleasedReturnValue,0xB638,-[CRPApplicationConfigurationListController checkForUnknownContainers]
CranePrefs,0x3FED0,___stack_chk_fail,0xB9B4,sub_B9B4
CranePrefs,0x4023C,_objc_enumerationMutation,0xB9B4,sub_B9B4
CranePrefs,0x40290,_objc_msgSend,0xB9B4,sub_B9B4
CranePrefs,0x402C0,_objc_release,0xB9B4,sub_B9B4
CranePrefs,0x402CC,_objc_retain,0xB9B4,sub_B9B4
CranePrefs,0x402F0,_objc_retainAutoreleasedReturnValue,0xB9B4,sub_B9B4
CranePrefs,0x3D6CC,_localize,0xBB28,sub_BB28
CranePrefs,0x3FED0,___stack_chk_fail,0xBB28,sub_BB28
CranePrefs,0x4023C,_objc_enumerationMutation,0xBB28,sub_BB28
CranePrefs,0x40290,_objc_msgSend,0xBB28,sub_BB28
CranePrefs,0x402C0,_objc_release,0xBB28,sub_BB28
CranePrefs,0x402CC,_objc_retain,0xBB28,sub_BB28
CranePrefs,0x402F0,_objc_retainAutoreleasedReturnValue,0xBB28,sub_BB28
CranePrefs,0x40290,_objc_msgSend,0xBD2C,_pathForSlice
CranePrefs,0x402C0,_objc_release,0xBD2C,_pathForSlice
CranePrefs,0x402CC,_objc_retain,0xBD2C,_pathForSlice
CranePrefs,0x402F0,_objc_retainAutoreleasedReturnValue,0xBD2C,_pathForSlice
CranePrefs,0x3FED0,___stack_chk_fail,0xBD90,_deleteSlices
CranePrefs,0x4023C,_objc_enumerationMutation,0xBD90,_deleteSlices
CranePrefs,0x40290,_objc_msgSend,0xBD90,_deleteSlices
CranePrefs,0x402C0,_objc_release,0xBD90,_deleteSlices
CranePrefs,0x402CC,_objc_retain,0xBD90,_deleteSlices
CranePrefs,0x402F0,_objc_retainAutoreleasedReturnValue,0xBD90,_deleteSlices
CranePrefs,0x8310,-[CRPApplicationConfigurationListController applicationIdentifier],0xBFF4,-[CRPApplicationConfigurationListController checkForSlices]
CranePrefs,0x3D6CC,_localize,0xBFF4,-[CRPApplicationConfigurationListController checkForSlices]
CranePrefs,0x3FED0,___stack_chk_fail,0xBFF4,-[CRPApplicationConfigurationListController checkForSlices]
CranePrefs,0x4023C,_objc_enumerationMutation,0xBFF4,-[CRPApplicationConfigurationListController checkForSlices]
CranePrefs,0x40290,_objc_msgSend,0xBFF4,-[CRPApplicationConfigurationListController checkForSlices]
CranePrefs,0x402C0,_objc_release,0xBFF4,-[CRPApplicationConfigurationListController checkForSlices]
CranePrefs,0x402CC,_objc_retain,0xBFF4,-[CRPApplicationConfigurationListController checkForSlices]
CranePrefs,0x402F0,_objc_retainAutoreleasedReturnValue,0xBFF4,-[CRPApplicationConfigurationListController checkForSlices]
CranePrefs,0xBD90,_deleteSlices,0xC7B4,sub_C7B4
CranePrefs,0x225C4,_cranehelperdPreferencesRemoteObjectProxy,0xC7B4,sub_C7B4
CranePrefs,0x3FE88,__Block_object_dispose,0xC7B4,sub_C7B4
CranePrefs,0x3FED0,___stack_chk_fail,0xC7B4,sub_C7B4
CranePrefs,0x4023C,_objc_enumerationMutation,0xC7B4,sub_C7B4
CranePrefs,0x40290,_objc_msgSend,0xC7B4,sub_C7B4
CranePrefs,0x402C0,_objc_release,0xC7B4,sub_C7B4
CranePrefs,0x402CC,_objc_retain,0xC7B4,sub_C7B4
CranePrefs,0x402F0,_objc_retainAutoreleasedReturnValue,0xC7B4,sub_C7B4
CranePrefs,0x3FE88,__Block_object_dispose,0xCADC,sub_CADC
CranePrefs,0x3FEA0,__Unwind_Resume,0xCADC,sub_CADC
CranePrefs,0xBD2C,_pathForSlice,0xCB4C,sub_CB4C
CranePrefs,0x40290,_objc_msgSend,0xCB4C,sub_CB4C
CranePrefs,0x402C0,_objc_release,0xCB4C,sub_CB4C
CranePrefs,0x402CC,_objc_retain,0xCB4C,sub_CB4C
CranePrefs,0x402F0,_objc_retainAutoreleasedReturnValue,0xCB4C,sub_CB4C
CranePrefs,0x402CC,_objc_retain,0xCC18,sub_CC18
CranePrefs,0x402C0,_objc_release,0xCC50,sub_CC50
CranePrefs,0x40290,_objc_msgSend,0xCC88,-[CRPApplicationConfigurationListController viewWillDisappear:]
CranePrefs,0x402C0,_objc_release,0xCC88,-[CRPApplicationConfigurationListController viewWillDisappear:]
CranePrefs,0x402F0,_objc_retainAutoreleasedReturnValue,0xCC88,-[CRPApplicationConfigurationListController viewWillDisappear:]
CranePrefs,0x40314,_objc_storeStrong,0xCD3C,-[CRPApplicationConfigurationListController .cxx_destruct]
CranePrefs,0x3D6CC,_localize,0xCD84,-[CRPApplicationListSubcontrollerController subtitleForApplicationWithIdentifier:]
CranePrefs,0x40290,_objc_msgSend,0xCD84,-[CRPApplicationListSubcontrollerController subtitleForApplicationWithIdentifier:]
CranePrefs,0x402C0,_objc_release,0xCD84,-[CRPApplicationListSubcontrollerController subtitleForApplicationWithIdentifier:]
CranePrefs,0x402CC,_objc_retain,0xCD84,-[CRPApplicationListSubcontrollerController subtitleForApplicationWithIdentifier:]
CranePrefs,0x402F0,_objc_retainAutoreleasedReturnValue,0xCD84,-[CRPApplicationListSubcontrollerController subtitleForApplicationWithIdentifier:]
CranePrefs,0x40290,_objc_msgSend,0xCE8C,-[CRPApplicationListSubcontrollerController previewStringForApplicationWithIdentifier:]
CranePrefs,0x402C0,_objc_release,0xCE8C,-[CRPApplicationListSubcontrollerController previewStringForApplicationWithIdentifier:]
CranePrefs,0x402CC,_objc_retain,0xCE8C,-[CRPApplicationListSubcontrollerController previewStringForApplicationWithIdentifier:]
CranePrefs,0x402F0,_objc_retainAutoreleasedReturnValue,0xCE8C,-[CRPApplicationListSubcontrollerController previewStringForApplicationWithIdentifier:]
CranePrefs,0xCFC4,-[CRPBackupRestoreProgressAlertController init],0xCFC4,-[CRPBackupRestoreProgressAlertController init]
CranePrefs,0x401D0,_objc_alloc,0xCFC4,-[CRPBackupRestoreProgressAlertController init]
CranePrefs,0x40290,_objc_msgSend,0xCFC4,-[CRPBackupRestoreProgressAlertController init]
CranePrefs,0x4029C,_objc_msgSendSuper2,0xCFC4,-[CRPBackupRestoreProgressAlertController init]
CranePrefs,0x402C0,_objc_release,0xCFC4,-[CRPBackupRestoreProgressAlertController init]
CranePrefs,0x40290,_objc_msgSend,0xD0B0,-[CRPBackupRestoreProgressAlertController viewDidLoad]
CranePrefs,0x402F0,_objc_retainAutoreleasedReturnValue,0xD0B0,-[CRPBackupRestoreProgressAlertController viewDidLoad]
CranePrefs,0xD100,-[CRPBackupRestoreProgressAlertController viewDidLayoutSubviews],0xD100,-[CRPBackupRestoreProgressAlertController viewDidLayoutSubviews]
CranePrefs,0x40290,_objc_msgSend,0xD100,-[CRPBackupRestoreProgressAlertController viewDidLayoutSubviews]
CranePrefs,0x4029C,_objc_msgSendSuper2,0xD100,-[CRPBackupRestoreProgressAlertController viewDidLayoutSubviews]
CranePrefs,0x402C0,_objc_release,0xD100,-[CRPBackupRestoreProgressAlertController viewDidLayoutSubviews]
CranePrefs,0x402F0,_objc_retainAutoreleasedReturnValue,0xD100,-[CRPBackupRestoreProgressAlertController viewDidLayoutSubviews]
CranePrefs,0x40290,_objc_msgSend,0xD230,-[CRPBackupRestoreProgressAlertController updatePropertiesFromOperation:]
CranePrefs,0x402C0,_objc_release,0xD230,-[CRPBackupRestoreProgressAlertController updatePropertiesFromOperation:]
CranePrefs,0x402CC,_objc_retain,0xD230,-[CRPBackupRestoreProgressAlertController updatePropertiesFromOperation:]
CranePrefs,0x402F0,_objc_retainAutoreleasedReturnValue,0xD230,-[CRPBackupRestoreProgressAlertController updatePropertiesFromOperation:]
CranePrefs,0x3FFC0,_dispatch_async,0xD36C,-[CRPBackupRestoreProgressAlertController setShowsCancelButton:]
CranePrefs,0x3D6CC,_localize,0xD3D8,sub_D3D8
CranePrefs,0x40290,_objc_msgSend,0xD3D8,sub_D3D8
CranePrefs,0x402C0,_objc_release,0xD3D8,sub_D3D8
CranePrefs,0x402F0,_objc_retainAutoreleasedReturnValue,0xD3D8,sub_D3D8
CranePrefs,0x40290,_objc_msgSend,0xD4E0,sub_D4E0
CranePrefs,0x402C0,_objc_release,0xD4E0,sub_D4E0
CranePrefs,0x402F0,_objc_retainAutoreleasedReturnValue,0xD4E0,sub_D4E0
CranePrefs,0xDC70,-[CRPBackupRestoreProgressAlertController updateAlertContentOnMainThread],0xD560,-[CRPBackupRestoreProgressAlertController setStatus:]
CranePrefs,0x40290,_objc_msgSend,0xD560,-[CRPBackupRestoreProgressAlertController setStatus:]
CranePrefs,0x402CC,_objc_retain,0xD560,-[CRPBackupRestoreProgressAlertController setStatus:]
CranePrefs,0x40314,_objc_storeStrong,0xD560,-[CRPBackupRestoreProgressAlertController setStatus:]
CranePrefs,0xDC70,-[CRPBackupRestoreProgressAlertController updateAlertContentOnMainThread],0xD5B4,-[CRPBackupRestoreProgressAlertController setTotalSuboperationsCount:]
CranePrefs,0x40290,_objc_msgSend,0xD5B4,-[CRPBackupRestoreProgressAlertController setTotalSuboperationsCount:]
CranePrefs,0xDC70,-[CRPBackupRestoreProgressAlertController updateAlertContentOnMainThread],0xD5F4,-[CRPBackupRestoreProgressAlertController setCurrentSuboperationIndex:]
CranePrefs,0x40290,_objc_msgSend,0xD5F4,-[CRPBackupRestoreProgressAlertController setCurrentSuboperationIndex:]
CranePrefs,0xDC70,-[CRPBackupRestoreProgressAlertController updateAlertContentOnMainThread],0xD634,-[CRPBackupRestoreProgressAlertController setProcessedFile:]
CranePrefs,0x40290,_objc_msgSend,0xD634,-[CRPBackupRestoreProgressAlertController setProcessedFile:]
CranePrefs,0x402C0,_objc_release,0xD634,-[CRPBackupRestoreProgressAlertController setProcessedFile:]
CranePrefs,0x402CC,_objc_retain,0xD634,-[CRPBackupRestoreProgressAlertController setProcessedFile:]
CranePrefs,0x402F0,_objc_retainAutoreleasedReturnValue,0xD634,-[CRPBackupRestoreProgressAlertController setProcessedFile:]
CranePrefs,0x40314,_objc_storeStrong,0xD634,-[CRPBackupRestoreProgressAlertController setProcessedFile:]
CranePrefs,0xD79C,-[CRPBackupRestoreProgressAlertController refreshProcessedContainerDescription],0xD6B4,-[CRPBackupRestoreProgressAlertController setProcessedContainer:]
CranePrefs,0xDC70,-[CRPBackupRestoreProgressAlertController updateAlertContentOnMainThread],0xD6B4,-[CRPBackupRestoreProgressAlertController setProcessedContainer:]
CranePrefs,0x40290,_objc_msgSend,0xD6B4,-[CRPBackupRestoreProgressAlertController setProcessedContainer:]
CranePrefs,0x402CC,_objc_retain,0xD6B4,-[CRPBackupRestoreProgressAlertController setProcessedContainer:]
CranePrefs,0x40314,_objc_storeStrong,0xD6B4,-[CRPBackupRestoreProgressAlertController setProcessedContainer:]
CranePrefs,0xDC70,-[CRPBackupRestoreProgressAlertController updateAlertContentOnMainThread],0xD718,-[CRPBackupRestoreProgressAlertController setProcessedIdentifier:]
CranePrefs,0x40290,_objc_msgSend,0xD718,-[CRPBackupRestoreProgressAlertController setProcessedIdentifier:]
CranePrefs,0x402CC,_objc_retain,0xD718,-[CRPBackupRestoreProgressAlertController setProcessedIdentifier:]
CranePrefs,0x40314,_objc_storeStrong,0xD718,-[CRPBackupRestoreProgressAlertController setProcessedIdentifier:]
CranePrefs,0xDEFC,-[CRPBackupRestoreProgressAlertController processedContainer],0xD79C,-[CRPBackupRestoreProgressAlertController refreshProcessedContainerDescription]
CranePrefs,0x23BE0,-[CRPBackupContainer applicationID],0xD79C,-[CRPBackupRestoreProgressAlertController refreshProcessedContainerDescription]
CranePrefs,0x23BF4,-[CRPBackupContainer containerID],0xD79C,-[CRPBackupRestoreProgressAlertController refreshProcessedContainerDescription]
CranePrefs,0x40290,_objc_msgSend,0xD79C,-[CRPBackupRestoreProgressAlertController refreshProcessedContainerDescription]
CranePrefs,0x402C0,_objc_release,0xD79C,-[CRPBackupRestoreProgressAlertController refreshProcessedContainerDescription]
CranePrefs,0x402F0,_objc_retainAutoreleasedReturnValue,0xD79C,-[CRPBackupRestoreProgressAlertController refreshProcessedContainerDescription]
CranePrefs,0xDEBC,-[CRPBackupRestoreProgressAlertController status],0xD9A8,-[CRPBackupRestoreProgressAlertController updateAlertContent]
CranePrefs,0xDECC,-[CRPBackupRestoreProgressAlertController totalSuboperationsCount],0xD9A8,-[CRPBackupRestoreProgressAlertController updateAlertContent]
CranePrefs,0xDEDC,-[CRPBackupRestoreProgressAlertController currentSuboperationIndex],0xD9A8,-[CRPBackupRestoreProgressAlertController updateAlertContent]
CranePrefs,0xDF0C,-[CRPBackupRestoreProgressAlertController processedIdentifier],0xD9A8,-[CRPBackupRestoreProgressAlertController updateAlertContent]
CranePrefs,0x40290,_objc_msgSend,0xD9A8,-[CRPBackupRestoreProgressAlertController updateAlertContent]
CranePrefs,0x402C0,_objc_release,0xD9A8,-[CRPBackupRestoreProgressAlertController updateAlertContent]
CranePrefs,0x402CC,_objc_retain,0xD9A8,-[CRPBackupRestoreProgressAlertController updateAlertContent]
CranePrefs,0x402F0,_objc_retainAutoreleasedReturnValue,0xD9A8,-[CRPBackupRestoreProgressAlertController updateAlertContent]
CranePrefs,0x3FFC0,_dispatch_async,0xDC70,-[CRPBackupRestoreProgressAlertController updateAlertContentOnMainThread]
CranePrefs,0x40290,_objc_msgSend,0xDC70,-[CRPBackupRestoreProgressAlertController updateAlertContentOnMainThread]
CranePrefs,0xDE9C,-[CRPBackupRestoreProgressAlertController amountOfOperations],0xDD18,-[CRPBackupRestoreProgressAlertController updateProgress]
CranePrefs,0xDEAC,-[CRPBackupRestoreProgressAlertController currentOperationIndex],0xDD18,-[CRPBackupRestoreProgressAlertController updateProgress]
CranePrefs,0xDECC,-[CRPBackupRestoreProgressAlertController totalSuboperationsCount],0xDD18,-[CRPBackupRestoreProgressAlertController updateProgress]
CranePrefs,0xDEDC,-[CRPBackupRestoreProgressAlertController currentSuboperationIndex],0xDD18,-[CRPBackupRestoreProgressAlertController updateProgress]
CranePrefs,0x40290,_objc_msgSend,0xDD18,-[CRPBackupRestoreProgressAlertController updateProgress]
CranePrefs,0x3FFC0,_dispatch_async,0xDDC8,-[CRPBackupRestoreProgressAlertController updateProgressOnMainThread]
CranePrefs,0x40290,_objc_msgSend,0xDDC8,-[CRPBackupRestoreProgressAlertController updateProgressOnMainThread]
CranePrefs,0x40314,_objc_storeStrong,0xDF1C,-[CRPBackupRestoreProgressAlertController .cxx_destruct]
CranePrefs,0x40290,_objc_msgSend,0xDFD4,-[CRPBrowseContainerListController containerIdentifier]
CranePrefs,0x402C0,_objc_release,0xDFD4,-[CRPBrowseContainerListController containerIdentifier]
CranePrefs,0x402F0,_objc_retainAutoreleasedReturnValue,0xDFD4,-[CRPBrowseContainerListController containerIdentifier]
CranePrefs,0x40290,_objc_msgSend,0xE030,-[CRPBrowseContainerListController applicationIdentifier]
CranePrefs,0x402C0,_objc_release,0xE030,-[CRPBrowseContainerListController applicationIdentifier]
CranePrefs,0x402F0,_objc_retainAutoreleasedReturnValue,0xE030,-[CRPBrowseContainerListController applicationIdentifier]
CranePrefs,0x40290,_objc_msgSend,0xE08C,-[CRPBrowseContainerListController openPathForSpecifier:]
CranePrefs,0x402C0,_objc_release,0xE08C,-[CRPBrowseContainerListController openPathForSpecifier:]
CranePrefs,0x402F0,_objc_retainAutoreleasedReturnValue,0xE08C,-[CRPBrowseContainerListController openPathForSpecifier:]
CranePrefs,0x3D6CC,_localize,0xE1E0,-[CRPBrowseContainerListController specifierForIdentifier:path:]
CranePrefs,0x40290,_objc_msgSend,0xE1E0,-[CRPBrowseContainerListController specifierForIdentifier:path:]
CranePrefs,0x402C0,_objc_release,0xE1E0,-[CRPBrowseContainerListController specifierForIdentifier:path:]
CranePrefs,0x402CC,_objc_retain,0xE1E0,-[CRPBrowseContainerListController specifierForIdentifier:path:]
CranePrefs,0x402F0,_objc_retainAutoreleasedReturnValue,0xE1E0,-[CRPBrowseContainerListController specifierForIdentifier:path:]
CranePrefs,0xDFD4,-[CRPBrowseContainerListController containerIdentifier],0xE31C,-[CRPBrowseContainerListController specifiers]
CranePrefs,0xE030,-[CRPBrowseContainerListController applicationIdentifier],0xE31C,-[CRPBrowseContainerListController specifiers]
CranePrefs,0x3D6CC,_localize,0xE31C,-[CRPBrowseContainerListController specifiers]
CranePrefs,0x40290,_objc_msgSend,0xE31C,-[CRPBrowseContainerListController specifiers]
CranePrefs,0x402C0,_objc_release,0xE31C,-[CRPBrowseContainerListController specifiers]
CranePrefs,0x402CC,_objc_retain,0xE31C,-[CRPBrowseContainerListController specifiers]
CranePrefs,0x402F0,_objc_retainAutoreleasedReturnValue,0xE31C,-[CRPBrowseContainerListController specifiers]
CranePrefs,0x40290,_objc_msgSend,0xE854,sub_E854
CranePrefs,0x402C0,_objc_release,0xE854,sub_E854
CranePrefs,0x402CC,_objc_retain,0xE854,sub_E854
CranePrefs,0x402F0,_objc_retainAutoreleasedReturnValue,0xE854,sub_E854
CranePrefs,0x40290,_objc_msgSend,0xE928,sub_E928
CranePrefs,0x402C0,_objc_release,0xE928,sub_E928
CranePrefs,0x402CC,_objc_retain,0xE928,sub_E928
CranePrefs,0x402F0,_objc_retainAutoreleasedReturnValue,0xE928,sub_E928
CranePrefs,0x40290,_objc_msgSend,0xE9E0,sub_E9E0
CranePrefs,0x402C0,_objc_release,0xE9E0,sub_E9E0
CranePrefs,0x402CC,_objc_retain,0xE9E0,sub_E9E0
CranePrefs,0x402F0,_objc_retainAutoreleasedReturnValue,0xE9E0,sub_E9E0
CranePrefs,0x40290,_objc_msgSend,0xEA98,sub_EA98
CranePrefs,0x402C0,_objc_release,0xEA98,sub_EA98
CranePrefs,0x402CC,_objc_retain,0xEA98,sub_EA98
CranePrefs,0x402F0,_objc_retainAutoreleasedReturnValue,0xEA98,sub_EA98
CranePrefs,0x40290,_objc_msgSend,0xEB50,-[CRPCellRefreshingListItemsController viewWillDisappear:]
CranePrefs,0x402C0,_objc_release,0xEB50,-[CRPCellRefreshingListItemsController viewWillDisappear:]
CranePrefs,0x402F0,_objc_retainAutoreleasedReturnValue,0xEB50,-[CRPCellRefreshingListItemsController viewWillDisappear:]
CranePrefs,0xEC04,-[CRPContainerConfigurationListController init],0xEC04,-[CRPContainerConfigurationListController init]
CranePrefs,0x40290,_objc_msgSend,0xEC04,-[CRPContainerConfigurationListController init]
CranePrefs,0x4029C,_objc_msgSendSuper2,0xEC04,-[CRPContainerConfigurationListController init]
CranePrefs,0x402C0,_objc_release,0xEC04,-[CRPContainerConfigurationListController init]
CranePrefs,0x402F0,_objc_retainAutoreleasedReturnValue,0xEC04,-[CRPContainerConfigurationListController init]
CranePrefs,0xEC9C,-[CRPContainerConfigurationListController viewDidLoad],0xEC9C,-[CRPContainerConfigurationListController viewDidLoad]
CranePrefs,0x113A4,-[CRPContainerConfigurationListController updateContainerSize],0xEC9C,-[CRPContainerConfigurationListController viewDidLoad]
CranePrefs,0x25FE4,-[CRPBackupRestoreController initWithPresentationController:],0xEC9C,-[CRPContainerConfigurationListController viewDidLoad]
CranePrefs,0x401D0,_objc_alloc,0xEC9C,-[CRPContainerConfigurationListController viewDidLoad]
CranePrefs,0x40290,_objc_msgSend,0xEC9C,-[CRPContainerConfigurationListController viewDidLoad]
CranePrefs,0x4029C,_objc_msgSendSuper2,0xEC9C,-[CRPContainerConfigurationListController viewDidLoad]
CranePrefs,0x402C0,_objc_release,0xEC9C,-[CRPContainerConfigurationListController viewDidLoad]
CranePrefs,0x402F0,_objc_retainAutoreleasedReturnValue,0xEC9C,-[CRPContainerConfigurationListController viewDidLoad]
CranePrefs,0xEDAC,-[CRPContainerConfigurationListController reloadSpecifiers],0xEDAC,-[CRPContainerConfigurationListController reloadSpecifiers]
CranePrefs,0x113A4,-[CRPContainerConfigurationListController updateContainerSize],0xEDAC,-[CRPContainerConfigurationListController reloadSpecifiers]
CranePrefs,0x40290,_objc_msgSend,0xEDAC,-[CRPContainerConfigurationListController reloadSpecifiers]
CranePrefs,0x4029C,_objc_msgSendSuper2,0xEDAC,-[CRPContainerConfigurationListController reloadSpecifiers]
CranePrefs,0xF034,-[CRPContainerConfigurationListController containerIdentifier],0xEDFC,-[CRPContainerConfigurationListController didChangeContainerSettingsForContainerWithIdentifier:onApplicationWithIdentifier:]
CranePrefs,0xF090,-[CRPContainerConfigurationListController applicationIdentifier],0xEDFC,-[CRPContainerConfigurationListController didChangeContainerSettingsForContainerWithIdentifier:onApplicationWithIdentifier:]
CranePrefs,0x3FFC0,_dispatch_async,0xEDFC,-[CRPContainerConfigurationListController didChangeContainerSettingsForContainerWithIdentifier:onApplicationWithIdentifier:]
CranePrefs,0x40290,_objc_msgSend,0xEDFC,-[CRPContainerConfigurationListController didChangeContainerSettingsForContainerWithIdentifier:onApplicationWithIdentifier:]
CranePrefs,0x402C0,_objc_release,0xEDFC,-[CRPContainerConfigurationListController didChangeContainerSettingsForContainerWithIdentifier:onApplicationWithIdentifier:]
CranePrefs,0x402CC,_objc_retain,0xEDFC,-[CRPContainerConfigurationListController didChangeContainerSettingsForContainerWithIdentifier:onApplicationWithIdentifier:]
CranePrefs,0x402F0,_objc_retainAutoreleasedReturnValue,0xEDFC,-[CRPContainerConfigurationListController didChangeContainerSettingsForContainerWithIdentifier:onApplicationWithIdentifier:]
CranePrefs,0xF0EC,-[CRPContainerConfigurationListController reloadTitle],0xEF38,-[CRPContainerConfigurationListController setContainerIdentifier:]
CranePrefs,0xF438,-[CRPContainerConfigurationListController updateTopSectionAndReload:],0xEF38,-[CRPContainerConfigurationListController setContainerIdentifier:]
CranePrefs,0xF5FC,-[CRPContainerConfigurationListController updateNameSpecifierAndReload:],0xEF38,-[CRPContainerConfigurationListController setContainerIdentifier:]
CranePrefs,0xF720,-[CRPContainerConfigurationListController reloadSpecifiersForDeviceIdentifierGroup],0xEF38,-[CRPContainerConfigurationListController setContainerIdentifier:]
CranePrefs,0x111AC,-[CRPContainerConfigurationListController updateChoicyIntegrationGroupAvailability],0xEF38,-[CRPContainerConfigurationListController setContainerIdentifier:]
CranePrefs,0x40290,_objc_msgSend,0xEF38,-[CRPContainerConfigurationListController setContainerIdentifier:]
CranePrefs,0x402C0,_objc_release,0xEF38,-[CRPContainerConfigurationListController setContainerIdentifier:]
CranePrefs,0x402CC,_objc_retain,0xEF38,-[CRPContainerConfigurationListController setContainerIdentifier:]
CranePrefs,0x402F0,_objc_retainAutoreleasedReturnValue,0xEF38,-[CRPContainerConfigurationListController setContainerIdentifier:]
CranePrefs,0x40290,_objc_msgSend,0xF034,-[CRPContainerConfigurationListController containerIdentifier]
CranePrefs,0x402C0,_objc_release,0xF034,-[CRPContainerConfigurationListController containerIdentifier]
CranePrefs,0x402F0,_objc_retainAutoreleasedReturnValue,0xF034,-[CRPContainerConfigurationListController containerIdentifier]
CranePrefs,0x40290,_objc_msgSend,0xF090,-[CRPContainerConfigurationListController applicationIdentifier]
CranePrefs,0x402C0,_objc_release,0xF090,-[CRPContainerConfigurationListController applicationIdentifier]
CranePrefs,0x402F0,_objc_retainAutoreleasedReturnValue,0xF090,-[CRPContainerConfigurationListController applicationIdentifier]
CranePrefs,0xF214,-[CRPContainerConfigurationListController isDefaultContainer],0xF0EC,-[CRPContainerConfigurationListController reloadTitle]
CranePrefs,0x14020,-[CRPContainerConfigurationListController readPreferenceValueForKey:],0xF0EC,-[CRPContainerConfigurationListController reloadTitle]
CranePrefs,0x40290,_objc_msgSend,0xF0EC,-[CRPContainerConfigurationListController reloadTitle]
CranePrefs,0x402C0,_objc_release,0xF0EC,-[CRPContainerConfigurationListController reloadTitle]
CranePrefs,0x402F0,_objc_retainAutoreleasedReturnValue,0xF0EC,-[CRPContainerConfigurationListController reloadTitle]
CranePrefs,0xF034,-[CRPContainerConfigurationListController containerIdentifier],0xF214,-[CRPContainerConfigurationListController isDefaultContainer]
CranePrefs,0x40290,_objc_msgSend,0xF214,-[CRPContainerConfigurationListController isDefaultContainer]
CranePrefs,0x402C0,_objc_release,0xF214,-[CRPContainerConfigurationListController isDefaultContainer]
CranePrefs,0x402F0,_objc_retainAutoreleasedReturnValue,0xF214,-[CRPContainerConfigurationListController isDefaultContainer]
CranePrefs,0xF034,-[CRPContainerConfigurationListController containerIdentifier],0xF268,-[CRPContainerConfigurationListController isActiveContainer]
CranePrefs,0xF090,-[CRPContainerConfigurationListController applicationIdentifier],0xF268,-[CRPContainerConfigurationListController isActiveContainer]
CranePrefs,0x40290,_objc_msgSend,0xF268,-[CRPContainerConfigurationListController isActiveContainer]
CranePrefs,0x402C0,_objc_release,0xF268,-[CRPContainerConfigurationListController isActiveContainer]
CranePrefs,0x402F0,_objc_retainAutoreleasedReturnValue,0xF268,-[CRPContainerConfigurationListController isActiveContainer]
CranePrefs,0xF090,-[CRPContainerConfigurationListController applicationIdentifier],0xF33C,-[CRPContainerConfigurationListController reloadApplicationIfThisContainerIsActive]
CranePrefs,0xF268,-[CRPContainerConfigurationListController isActiveContainer],0xF33C,-[CRPContainerConfigurationListController reloadApplicationIfThisContainerIsActive]
CranePrefs,0x40290,_objc_msgSend,0xF33C,-[CRPContainerConfigurationListController reloadApplicationIfThisContainerIsActive]
CranePrefs,0x402C0,_objc_release,0xF33C,-[CRPContainerConfigurationListController reloadApplicationIfThisContainerIsActive]
CranePrefs,0x402F0,_objc_retainAutoreleasedReturnValue,0xF33C,-[CRPContainerConfigurationListController reloadApplicationIfThisContainerIsActive]
CranePrefs,0xF268,-[CRPContainerConfigurationListController isActiveContainer],0xF3D0,-[CRPContainerConfigurationListController reloadGameCenterIfThisContainerIsActive]
CranePrefs,0x40290,_objc_msgSend,0xF3D0,-[CRPContainerConfigurationListController reloadGameCenterIfThisContainerIsActive]
CranePrefs,0x402F0,_objc_retainAutoreleasedReturnValue,0xF3D0,-[CRPContainerConfigurationListController reloadGameCenterIfThisContainerIsActive]
CranePrefs,0xF214,-[CRPContainerConfigurationListController isDefaultContainer],0xF438,-[CRPContainerConfigurationListController updateTopSectionAndReload:]
CranePrefs,0x3D6CC,_localize,0xF438,-[CRPContainerConfigurationListController updateTopSectionAndReload:]
CranePrefs,0x40290,_objc_msgSend,0xF438,-[CRPContainerConfigurationListController updateTopSectionAndReload:]
CranePrefs,0x402C0,_objc_release,0xF438,-[CRPContainerConfigurationListController updateTopSectionAndReload:]
CranePrefs,0x402F0,_objc_retainAutoreleasedReturnValue,0xF438,-[CRPContainerConfigurationListController updateTopSectionAndReload:]
CranePrefs,0xF214,-[CRPContainerConfigurationListController isDefaultContainer],0xF5FC,-[CRPContainerConfigurationListController updateNameSpecifierAndReload:]
CranePrefs,0x3D6CC,_localize,0xF5FC,-[CRPContainerConfigurationListController updateNameSpecifierAndReload:]
CranePrefs,0x40290,_objc_msgSend,0xF5FC,-[CRPContainerConfigurationListController updateNameSpecifierAndReload:]
CranePrefs,0x402F0,_objc_retainAutoreleasedReturnValue,0xF5FC,-[CRPContainerConfigurationListController updateNameSpecifierAndReload:]
CranePrefs,0x12F74,-[CRPContainerConfigurationListController deviceIdentifierToUse],0xF690,-[CRPContainerConfigurationListController updateDeviceIdentifierSpecifierAndReload:]
CranePrefs,0x40290,_objc_msgSend,0xF690,-[CRPContainerConfigurationListController updateDeviceIdentifierSpecifierAndReload:]
CranePrefs,0x402F0,_objc_retainAutoreleasedReturnValue,0xF690,-[CRPContainerConfigurationListController updateDeviceIdentifierSpecifierAndReload:]
CranePrefs,0xF690,-[CRPContainerConfigurationListController updateDeviceIdentifierSpecifierAndReload:],0xF720,-[CRPContainerConfigurationListController reloadSpecifiersForDeviceIdentifierGroup]
CranePrefs,0x10608,-[CRPContainerConfigurationListController specifiersForDeviceIdentifierGroup],0xF720,-[CRPContainerConfigurationListController reloadSpecifiersForDeviceIdentifierGroup]
CranePrefs,0x12EE8,-[CRPContainerConfigurationListController shouldShowDeviceIdentifierSection],0xF720,-[CRPContainerConfigurationListController reloadSpecifiersForDeviceIdentifierGroup]
CranePrefs,0x40290,_objc_msgSend,0xF720,-[CRPContainerConfigurationListController reloadSpecifiersForDeviceIdentifierGroup]
CranePrefs,0x402C0,_objc_release,0xF720,-[CRPContainerConfigurationListController reloadSpecifiersForDeviceIdentifierGroup]
CranePrefs,0x402F0,_objc_retainAutoreleasedReturnValue,0xF720,-[CRPContainerConfigurationListController reloadSpecifiersForDeviceIdentifierGroup]
CranePrefs,0x40290,_objc_msgSend,0xF870,-[CRPContainerConfigurationListController reloadAssociatedGameCenterAccount]
CranePrefs,0x14020,-[CRPContainerConfigurationListController readPreferenceValueForKey:],0xF8F0,-[CRPContainerConfigurationListController useContainerIdentifierAsDeviceIdentifier]
CranePrefs,0x40290,_objc_msgSend,0xF8F0,-[CRPContainerConfigurationListController useContainerIdentifierAsDeviceIdentifier]
CranePrefs,0x402C0,_objc_release,0xF8F0,-[CRPContainerConfigurationListController useContainerIdentifierAsDeviceIdentifier]
CranePrefs,0x402F0,_objc_retainAutoreleasedReturnValue,0xF8F0,-[CRPContainerConfigurationListController useContainerIdentifierAsDeviceIdentifier]
CranePrefs,0xF034,-[CRPContainerConfigurationListController containerIdentifier],0xF968,-[CRPContainerConfigurationListController setDeviceIdentifier:]
CranePrefs,0xF090,-[CRPContainerConfigurationListController applicationIdentifier],0xF968,-[CRPContainerConfigurationListController setDeviceIdentifier:]
CranePrefs,0xF33C,-[CRPContainerConfigurationListController reloadApplicationIfThisContainerIsActive],0xF968,-[CRPContainerConfigurationListController setDeviceIdentifier:]
CranePrefs,0xF690,-[CRPContainerConfigurationListController updateDeviceIdentifierSpecifierAndReload:],0xF968,-[CRPContainerConfigurationListController setDeviceIdentifier:]
CranePrefs,0x1164C,-[CRPContainerConfigurationListController loadContainerSettings],0xF968,-[CRPContainerConfigurationListController setDeviceIdentifier:]
CranePrefs,0x40290,_objc_msgSend,0xF968,-[CRPContainerConfigurationListController setDeviceIdentifier:]
CranePrefs,0x402C0,_objc_release,0xF968,-[CRPContainerConfigurationListController setDeviceIdentifier:]
CranePrefs,0x402CC,_objc_retain,0xF968,-[CRPContainerConfigurationListController setDeviceIdentifier:]
CranePrefs,0x402F0,_objc_retainAutoreleasedReturnValue,0xF968,-[CRPContainerConfigurationListController setDeviceIdentifier:]
CranePrefs,0x3D6CC,_localize,0xFAEC,-[CRPContainerConfigurationListController showIdentifierChangingWarningWithCompletionHandler:]
CranePrefs,0x40290,_objc_msgSend,0xFAEC,-[CRPContainerConfigurationListController showIdentifierChangingWarningWithCompletionHandler:]
CranePrefs,0x402C0,_objc_release,0xFAEC,-[CRPContainerConfigurationListController showIdentifierChangingWarningWithCompletionHandler:]
CranePrefs,0x402CC,_objc_retain,0xFAEC,-[CRPContainerConfigurationListController showIdentifierChangingWarningWithCompletionHandler:]
CranePrefs,0x402F0,_objc_retainAutoreleasedReturnValue,0xFAEC,-[CRPContainerConfigurationListController showIdentifierChangingWarningWithCompletionHandler:]
CranePrefs,0x3D6CC,_localize,0xFD64,-[CRPContainerConfigurationListController showIdentifierInfoAlert]
CranePrefs,0x40290,_objc_msgSend,0xFD64,-[CRPContainerConfigurationListController showIdentifierInfoAlert]
CranePrefs,0x402C0,_objc_release,0xFD64,-[CRPContainerConfigurationListController showIdentifierInfoAlert]
CranePrefs,0x402F0,_objc_retainAutoreleasedReturnValue,0xFD64,-[CRPContainerConfigurationListController showIdentifierInfoAlert]
CranePrefs,0xFD64,-[CRPContainerConfigurationListController showIdentifierInfoAlert],0xFE84,-[CRPContainerConfigurationListController tableView:accessoryButtonTappedForRowWithIndexPath:]
CranePrefs,0x40290,_objc_msgSend,0xFE84,-[CRPContainerConfigurationListController tableView:accessoryButtonTappedForRowWithIndexPath:]
CranePrefs,0x402C0,_objc_release,0xFE84,-[CRPContainerConfigurationListController tableView:accessoryButtonTappedForRowWithIndexPath:]
CranePrefs,0x402F0,_objc_retainAutoreleasedReturnValue,0xFE84,-[CRPContainerConfigurationListController tableView:accessoryButtonTappedForRowWithIndexPath:]
CranePrefs,0xFAEC,-[CRPContainerConfigurationListController showIdentifierChangingWarningWithCompletionHandler:],0xFF28,-[CRPContainerConfigurationListController generateNewIdentifierButtonPressed]
CranePrefs,0x40290,_objc_msgSend,0xFF28,-[CRPContainerConfigurationListController generateNewIdentifierButtonPressed]
CranePrefs,0x40290,_objc_msgSend,0xFF80,sub_FF80
CranePrefs,0x402C0,_objc_release,0xFF80,sub_FF80
CranePrefs,0x402F0,_objc_retainAutoreleasedReturnValue,0xFF80,sub_FF80
CranePrefs,0x3D6CC,_localize,0x10004,-[CRPContainerConfigurationListController presentSetCustomIdentifierAlertComingFromError:]
CranePrefs,0x40290,_objc_msgSend,0x10004,-[CRPContainerConfigurationListController presentSetCustomIdentifierAlertComingFromError:]
CranePrefs,0x402C0,_objc_release,0x10004,-[CRPContainerConfigurationListController presentSetCustomIdentifierAlertComingFromError:]
CranePrefs,0x402CC,_objc_retain,0x10004,-[CRPContainerConfigurationListController presentSetCustomIdentifierAlertComingFromError:]
CranePrefs,0x402F0,_objc_retainAutoreleasedReturnValue,0x10004,-[CRPContainerConfigurationListController presentSetCustomIdentifierAlertComingFromError:]
CranePrefs,0x3D6CC,_localize,0x1027C,sub_1027C
CranePrefs,0x40290,_objc_msgSend,0x1027C,sub_1027C
CranePrefs,0x402C0,_objc_release,0x1027C,sub_1027C
CranePrefs,0x402CC,_objc_retain,0x1027C,sub_1027C
CranePrefs,0x402F0,_objc_retainAutoreleasedReturnValue,0x1027C,sub_1027C
CranePrefs,0x40230,_objc_destroyWeak,0x102D8,sub_102D8
CranePrefs,0x40278,_objc_initWeak,0x102D8,sub_102D8
CranePrefs,0x40290,_objc_msgSend,0x102D8,sub_102D8
CranePrefs,0x402C0,_objc_release,0x102D8,sub_102D8
CranePrefs,0x402CC,_objc_retain,0x102D8,sub_102D8
CranePrefs,0x402F0,_objc_retainAutoreleasedReturnValue,0x102D8,sub_102D8
CranePrefs,0x3FEA0,__Unwind_Resume,0x10588,sub_10588
CranePrefs,0x40230,_objc_destroyWeak,0x10588,sub_10588
CranePrefs,0x40290,_objc_msgSend,0x105AC,sub_105AC
CranePrefs,0xF214,-[CRPContainerConfigurationListController isDefaultContainer],0x10608,-[CRPContainerConfigurationListController specifiersForDeviceIdentifierGroup]
CranePrefs,0xF8F0,-[CRPContainerConfigurationListController useContainerIdentifierAsDeviceIdentifier],0x10608,-[CRPContainerConfigurationListController specifiersForDeviceIdentifierGroup]
CranePrefs,0x12EE8,-[CRPContainerConfigurationListController shouldShowDeviceIdentifierSection],0x10608,-[CRPContainerConfigurationListController specifiersForDeviceIdentifierGroup]
CranePrefs,0x3D6CC,_localize,0x10608,-[CRPContainerConfigurationListController specifiersForDeviceIdentifierGroup]
CranePrefs,0x40290,_objc_msgSend,0x10608,-[CRPContainerConfigurationListController specifiersForDeviceIdentifierGroup]
CranePrefs,0x402C0,_objc_release,0x10608,-[CRPContainerConfigurationListController specifiersForDeviceIdentifierGroup]
CranePrefs,0x402F0,_objc_retainAutoreleasedReturnValue,0x10608,-[CRPContainerConfigurationListController specifiersForDeviceIdentifierGroup]
CranePrefs,0x3FFD8,_dispatch_once,0x10B94,-[CRPContainerConfigurationListController choicyProcessConfigurationSubclassIfExists]
CranePrefs,0x7070,sub_7070,0x10BD4,sub_10BD4
CranePrefs,0x3F108,_CRPContainerChoicyOverwriteListController_init,0x10BD4,sub_10BD4
CranePrefs,0x3FE4C,_NSClassFromString,0x10BD4,sub_10BD4
CranePrefs,0x3FED0,___stack_chk_fail,0x10BD4,sub_10BD4
CranePrefs,0x401F4,_objc_autorelease,0x10BD4,sub_10BD4
CranePrefs,0x40290,_objc_msgSend,0x10BD4,sub_10BD4
CranePrefs,0x402C0,_objc_release,0x10BD4,sub_10BD4
CranePrefs,0x402F0,_objc_retainAutoreleasedReturnValue,0x10BD4,sub_10BD4
CranePrefs,0x13D80,-[CRPContainerConfigurationListController setPreferenceValue:specifier:],0x10CD0,-[CRPContainerConfigurationListController setChoicyOverwriteEnabled:specifier:]
CranePrefs,0x40290,_objc_msgSend,0x10CD0,-[CRPContainerConfigurationListController setChoicyOverwriteEnabled:specifier:]
CranePrefs,0x402C0,_objc_release,0x10CD0,-[CRPContainerConfigurationListController setChoicyOverwriteEnabled:specifier:]
CranePrefs,0x402CC,_objc_retain,0x10CD0,-[CRPContainerConfigurationListController setChoicyOverwriteEnabled:specifier:]
CranePrefs,0x13F74,-[CRPContainerConfigurationListController readPreferenceValue:],0x10D84,-[CRPContainerConfigurationListController previewStringForChoicyConfiguration:]
CranePrefs,0x3FE4C,_NSClassFromString,0x10D84,-[CRPContainerConfigurationListController previewStringForChoicyConfiguration:]
CranePrefs,0x40290,_objc_msgSend,0x10D84,-[CRPContainerConfigurationListController previewStringForChoicyConfiguration:]
CranePrefs,0x402C0,_objc_release,0x10D84,-[CRPContainerConfigurationListController previewStringForChoicyConfiguration:]
CranePrefs,0x402F0,_objc_retainAutoreleasedReturnValue,0x10D84,-[CRPContainerConfigurationListController previewStringForChoicyConfiguration:]
CranePrefs,0xF034,-[CRPContainerConfigurationListController containerIdentifier],0x10E68,-[CRPContainerConfigurationListController updateChoicyIntegrationGroup]
CranePrefs,0xF090,-[CRPContainerConfigurationListController applicationIdentifier],0x10E68,-[CRPContainerConfigurationListController updateChoicyIntegrationGroup]
CranePrefs,0x10B94,-[CRPContainerConfigurationListController choicyProcessConfigurationSubclassIfExists],0x10E68,-[CRPContainerConfigurationListController updateChoicyIntegrationGroup]
CranePrefs,0x3D6CC,_localize,0x10E68,-[CRPContainerConfigurationListController updateChoicyIntegrationGroup]
CranePrefs,0x40290,_objc_msgSend,0x10E68,-[CRPContainerConfigurationListController updateChoicyIntegrationGroup]
CranePrefs,0x402C0,_objc_release,0x10E68,-[CRPContainerConfigurationListController updateChoicyIntegrationGroup]
CranePrefs,0x402F0,_objc_retainAutoreleasedReturnValue,0x10E68,-[CRPContainerConfigurationListController updateChoicyIntegrationGroup]
CranePrefs,0xF214,-[CRPContainerConfigurationListController isDefaultContainer],0x111AC,-[CRPContainerConfigurationListController updateChoicyIntegrationGroupAvailability]
CranePrefs,0x10E68,-[CRPContainerConfigurationListController updateChoicyIntegrationGroup],0x111AC,-[CRPContainerConfigurationListController updateChoicyIntegrationGroupAvailability]
CranePrefs,0x13F74,-[CRPContainerConfigurationListController readPreferenceValue:],0x111AC,-[CRPContainerConfigurationListController updateChoicyIntegrationGroupAvailability]
CranePrefs,0x40290,_objc_msgSend,0x111AC,-[CRPContainerConfigurationListController updateChoicyIntegrationGroupAvailability]
CranePrefs,0x402C0,_objc_release,0x111AC,-[CRPContainerConfigurationListController updateChoicyIntegrationGroupAvailability]
CranePrefs,0x402F0,_objc_retainAutoreleasedReturnValue,0x111AC,-[CRPContainerConfigurationListController updateChoicyIntegrationGroupAvailability]
CranePrefs,0xF034,-[CRPContainerConfigurationListController containerIdentifier],0x113A4,-[CRPContainerConfigurationListController updateContainerSize]
CranePrefs,0xF090,-[CRPContainerConfigurationListController applicationIdentifier],0x113A4,-[CRPContainerConfigurationListController updateContainerSize]
CranePrefs,0x40290,_objc_msgSend,0x113A4,-[CRPContainerConfigurationListController updateContainerSize]
CranePrefs,0x402C0,_objc_release,0x113A4,-[CRPContainerConfigurationListController updateContainerSize]
CranePrefs,0x402F0,_objc_retainAutoreleasedReturnValue,0x113A4,-[CRPContainerConfigurationListController updateContainerSize]
CranePrefs,0x3FFC0,_dispatch_async,0x1148C,sub_1148C
CranePrefs,0x3D6CC,_localize,0x11520,-[CRPContainerConfigurationListController updateSizeGroupSpecifierAndReload:]
CranePrefs,0x40290,_objc_msgSend,0x11520,-[CRPContainerConfigurationListController updateSizeGroupSpecifierAndReload:]
CranePrefs,0x402C0,_objc_release,0x11520,-[CRPContainerConfigurationListController updateSizeGroupSpecifierAndReload:]
CranePrefs,0x402F0,_objc_retainAutoreleasedReturnValue,0x11520,-[CRPContainerConfigurationListController updateSizeGroupSpecifierAndReload:]
CranePrefs,0xF034,-[CRPContainerConfigurationListController containerIdentifier],0x1164C,-[CRPContainerConfigurationListController loadContainerSettings]
CranePrefs,0xF090,-[CRPContainerConfigurationListController applicationIdentifier],0x1164C,-[CRPContainerConfigurationListController loadContainerSettings]
CranePrefs,0x40290,_objc_msgSend,0x1164C,-[CRPContainerConfigurationListController loadContainerSettings]
CranePrefs,0x402C0,_objc_release,0x1164C,-[CRPContainerConfigurationListController loadContainerSettings]
CranePrefs,0x402F0,_objc_retainAutoreleasedReturnValue,0x1164C,-[CRPContainerConfigurationListController loadContainerSettings]
CranePrefs,0xF034,-[CRPContainerConfigurationListController containerIdentifier],0x11734,-[CRPContainerConfigurationListController specifiers]
CranePrefs,0xF090,-[CRPContainerConfigurationListController applicationIdentifier],0x11734,-[CRPContainerConfigurationListController specifiers]
CranePrefs,0xF0EC,-[CRPContainerConfigurationListController reloadTitle],0x11734,-[CRPContainerConfigurationListController specifiers]
CranePrefs,0xF214,-[CRPContainerConfigurationListController isDefaultContainer],0x11734,-[CRPContainerConfigurationListController specifiers]
CranePrefs,0xF438,-[CRPContainerConfigurationListController updateTopSectionAndReload:],0x11734,-[CRPContainerConfigurationListController specifiers]
CranePrefs,0xF5FC,-[CRPContainerConfigurationListController updateNameSpecifierAndReload:],0x11734,-[CRPContainerConfigurationListController specifiers]
CranePrefs,0xF690,-[CRPContainerConfigurationListController updateDeviceIdentifierSpecifierAndReload:],0x11734,-[CRPContainerConfigurationListController specifiers]
CranePrefs,0x10608,-[CRPContainerConfigurationListController specifiersForDeviceIdentifierGroup],0x11734,-[CRPContainerConfigurationListController specifiers]
CranePrefs,0x10E68,-[CRPContainerConfigurationListController updateChoicyIntegrationGroup],0x11734,-[CRPContainerConfigurationListController specifiers]
CranePrefs,0x11520,-[CRPContainerConfigurationListController updateSizeGroupSpecifierAndReload:],0x11734,-[CRPContainerConfigurationListController specifiers]
CranePrefs,0x1164C,-[CRPContainerConfigurationListController loadContainerSettings],0x11734,-[CRPContainerConfigurationListController specifiers]
CranePrefs,0x13F74,-[CRPContainerConfigurationListController readPreferenceValue:],0x11734,-[CRPContainerConfigurationListController specifiers]
CranePrefs,0x3D6CC,_localize,0x11734,-[CRPContainerConfigurationListController specifiers]
CranePrefs,0x3DBB0,_requestAuthentication,0x11734,-[CRPContainerConfigurationListController specifiers]
CranePrefs,0x3FE4C,_NSClassFromString,0x11734,-[CRPContainerConfigurationListController specifiers]
CranePrefs,0x40290,_objc_msgSend,0x11734,-[CRPContainerConfigurationListController specifiers]
CranePrefs,0x402C0,_objc_release,0x11734,-[CRPContainerConfigurationListController specifiers]
CranePrefs,0x402CC,_objc_retain,0x11734,-[CRPContainerConfigurationListController specifiers]
CranePrefs,0x402F0,_objc_retainAutoreleasedReturnValue,0x11734,-[CRPContainerConfigurationListController specifiers]
CranePrefs,0x13D80,-[CRPContainerConfigurationListController setPreferenceValue:specifier:],0x128F0,-[CRPContainerConfigurationListController setContainerName:specifier:]
CranePrefs,0x40290,_objc_msgSend,0x128F0,-[CRPContainerConfigurationListController setContainerName:specifier:]
CranePrefs,0x402C0,_objc_release,0x128F0,-[CRPContainerConfigurationListController setContainerName:specifier:]
CranePrefs,0x402CC,_objc_retain,0x128F0,-[CRPContainerConfigurationListController setContainerName:specifier:]
CranePrefs,0x13D80,-[CRPContainerConfigurationListController setPreferenceValue:specifier:],0x12950,-[CRPContainerConfigurationListController setRequiresBiometricAuthentication:specifier:]
CranePrefs,0x40290,_objc_msgSend,0x12950,-[CRPContainerConfigurationListController setRequiresBiometricAuthentication:specifier:]
CranePrefs,0x402CC,_objc_retain,0x12950,-[CRPContainerConfigurationListController setRequiresBiometricAuthentication:specifier:]
CranePrefs,0xF034,-[CRPContainerConfigurationListController containerIdentifier],0x129F0,-[CRPContainerConfigurationListController setUseContainerIdentifierAsDeviceIdentifier:specifier:]
CranePrefs,0xF954,-[CRPContainerConfigurationListController customDeviceIdentifier],0x129F0,-[CRPContainerConfigurationListController setUseContainerIdentifierAsDeviceIdentifier:specifier:]
CranePrefs,0xFAD8,-[CRPContainerConfigurationListController setCustomDeviceIdentifier:],0x129F0,-[CRPContainerConfigurationListController setUseContainerIdentifierAsDeviceIdentifier:specifier:]
CranePrefs,0xFAEC,-[CRPContainerConfigurationListController showIdentifierChangingWarningWithCompletionHandler:],0x129F0,-[CRPContainerConfigurationListController setUseContainerIdentifierAsDeviceIdentifier:specifier:]
CranePrefs,0x13F74,-[CRPContainerConfigurationListController readPreferenceValue:],0x129F0,-[CRPContainerConfigurationListController setUseContainerIdentifierAsDeviceIdentifier:specifier:]
CranePrefs,0x3FED0,___stack_chk_fail,0x129F0,-[CRPContainerConfigurationListController setUseContainerIdentifierAsDeviceIdentifier:specifier:]
CranePrefs,0x40290,_objc_msgSend,0x129F0,-[CRPContainerConfigurationListController setUseContainerIdentifierAsDeviceIdentifier:specifier:]
CranePrefs,0x402C0,_objc_release,0x129F0,-[CRPContainerConfigurationListController setUseContainerIdentifierAsDeviceIdentifier:specifier:]
CranePrefs,0x402CC,_objc_retain,0x129F0,-[CRPContainerConfigurationListController setUseContainerIdentifierAsDeviceIdentifier:specifier:]
CranePrefs,0x402F0,_objc_retainAutoreleasedReturnValue,0x129F0,-[CRPContainerConfigurationListController setUseContainerIdentifierAsDeviceIdentifier:specifier:]
CranePrefs,0x402FC,_objc_retainBlock,0x129F0,-[CRPContainerConfigurationListController setUseContainerIdentifierAsDeviceIdentifier:specifier:]
CranePrefs,0x40290,_objc_msgSend,0x12DA4,sub_12DA4
CranePrefs,0x40290,_objc_msgSend,0x12E28,sub_12E28
CranePrefs,0xF090,-[CRPContainerConfigurationListController applicationIdentifier],0x12EE8,-[CRPContainerConfigurationListController shouldShowDeviceIdentifierSection]
CranePrefs,0x40290,_objc_msgSend,0x12EE8,-[CRPContainerConfigurationListController shouldShowDeviceIdentifierSection]
CranePrefs,0x402C0,_objc_release,0x12EE8,-[CRPContainerConfigurationListController shouldShowDeviceIdentifierSection]
CranePrefs,0x402F0,_objc_retainAutoreleasedReturnValue,0x12EE8,-[CRPContainerConfigurationListController shouldShowDeviceIdentifierSection]
CranePrefs,0xF034,-[CRPContainerConfigurationListController containerIdentifier],0x12F74,-[CRPContainerConfigurationListController deviceIdentifierToUse]
CranePrefs,0xF090,-[CRPContainerConfigurationListController applicationIdentifier],0x12F74,-[CRPContainerConfigurationListController deviceIdentifierToUse]
CranePrefs,0x40290,_objc_msgSend,0x12F74,-[CRPContainerConfigurationListController deviceIdentifierToUse]
CranePrefs,0x402C0,_objc_release,0x12F74,-[CRPContainerConfigurationListController deviceIdentifierToUse]
CranePrefs,0x402F0,_objc_retainAutoreleasedReturnValue,0x12F74,-[CRPContainerConfigurationListController deviceIdentifierToUse]
CranePrefs,0x40290,_objc_msgSend,0x13028,-[CRPContainerConfigurationListController tapGestureReceivedTap:]
CranePrefs,0x402F0,_objc_retainAutoreleasedReturnValue,0x13028,-[CRPContainerConfigurationListController tapGestureReceivedTap:]
CranePrefs,0xEF38,-[CRPContainerConfigurationListController setContainerIdentifier:],0x1306C,-[CRPContainerConfigurationListController makeDefaultButtonPressed]
CranePrefs,0xF034,-[CRPContainerConfigurationListController containerIdentifier],0x1306C,-[CRPContainerConfigurationListController makeDefaultButtonPressed]
CranePrefs,0xF090,-[CRPContainerConfigurationListController applicationIdentifier],0x1306C,-[CRPContainerConfigurationListController makeDefaultButtonPressed]
CranePrefs,0x40290,_objc_msgSend,0x1306C,-[CRPContainerConfigurationListController makeDefaultButtonPressed]
CranePrefs,0x402C0,_objc_release,0x1306C,-[CRPContainerConfigurationListController makeDefaultButtonPressed]
CranePrefs,0x402F0,_objc_retainAutoreleasedReturnValue,0x1306C,-[CRPContainerConfigurationListController makeDefaultButtonPressed]
CranePrefs,0x40320,_objc_unsafeClaimAutoreleasedReturnValue,0x1306C,-[CRPContainerConfigurationListController makeDefaultButtonPressed]
CranePrefs,0x3D6CC,_localize,0x1312C,-[CRPContainerConfigurationListController availableGameCenterAccountNames]
CranePrefs,0x3FED0,___stack_chk_fail,0x1312C,-[CRPContainerConfigurationListController availableGameCenterAccountNames]
CranePrefs,0x4023C,_objc_enumerationMutation,0x1312C,-[CRPContainerConfigurationListController availableGameCenterAccountNames]
CranePrefs,0x40290,_objc_msgSend,0x1312C,-[CRPContainerConfigurationListController availableGameCenterAccountNames]
CranePrefs,0x402C0,_objc_release,0x1312C,-[CRPContainerConfigurationListController availableGameCenterAccountNames]
CranePrefs,0x402CC,_objc_retain,0x1312C,-[CRPContainerConfigurationListController availableGameCenterAccountNames]
CranePrefs,0x402F0,_objc_retainAutoreleasedReturnValue,0x1312C,-[CRPContainerConfigurationListController availableGameCenterAccountNames]
CranePrefs,0x3FED0,___stack_chk_fail,0x13310,-[CRPContainerConfigurationListController availableGameCenterAccountIdentifiers]
CranePrefs,0x4023C,_objc_enumerationMutation,0x13310,-[CRPContainerConfigurationListController availableGameCenterAccountIdentifiers]
CranePrefs,0x40290,_objc_msgSend,0x13310,-[CRPContainerConfigurationListController availableGameCenterAccountIdentifiers]
CranePrefs,0x402C0,_objc_release,0x13310,-[CRPContainerConfigurationListController availableGameCenterAccountIdentifiers]
CranePrefs,0x402CC,_objc_retain,0x13310,-[CRPContainerConfigurationListController availableGameCenterAccountIdentifiers]
CranePrefs,0x402F0,_objc_retainAutoreleasedReturnValue,0x13310,-[CRPContainerConfigurationListController availableGameCenterAccountIdentifiers]
CranePrefs,0x40290,_objc_msgSend,0x134D4,-[CRPContainerConfigurationListController openShareMenuWithFile:]
CranePrefs,0x402C0,_objc_release,0x134D4,-[CRPContainerConfigurationListController openShareMenuWithFile:]
CranePrefs,0x402F0,_objc_retainAutoreleasedReturnValue,0x134D4,-[CRPContainerConfigurationListController openShareMenuWithFile:]
CranePrefs,0xF034,-[CRPContainerConfigurationListController containerIdentifier],0x135F8,-[CRPContainerConfigurationListController backupButtonPressed]
CranePrefs,0xF090,-[CRPContainerConfigurationListController applicationIdentifier],0x135F8,-[CRPContainerConfigurationListController backupButtonPressed]
CranePrefs,0x232B4,-[CRPBackupContainer initWithContainerIdentifier:ofApplicationWithIdentifier:],0x135F8,-[CRPContainerConfigurationListController backupButtonPressed]
CranePrefs,0x260D8,-[CRPBackupRestoreController configureAndStartSingleBackupForContainer:],0x135F8,-[CRPContainerConfigurationListController backupButtonPressed]
CranePrefs,0x401D0,_objc_alloc,0x135F8,-[CRPContainerConfigurationListController backupButtonPressed]
CranePrefs,0x40290,_objc_msgSend,0x135F8,-[CRPContainerConfigurationListController backupButtonPressed]
CranePrefs,0x402C0,_objc_release,0x135F8,-[CRPContainerConfigurationListController backupButtonPressed]
CranePrefs,0x402F0,_objc_retainAutoreleasedReturnValue,0x135F8,-[CRPContainerConfigurationListController backupButtonPressed]
CranePrefs,0x40290,_objc_msgSend,0x136DC,-[CRPContainerConfigurationListController didFinishBackupAtPath:]
CranePrefs,0x402C0,_objc_release,0x136DC,-[CRPContainerConfigurationListController didFinishBackupAtPath:]
CranePrefs,0x402F0,_objc_retainAutoreleasedReturnValue,0x136DC,-[CRPContainerConfigurationListController didFinishBackupAtPath:]
CranePrefs,0xF034,-[CRPContainerConfigurationListController containerIdentifier],0x13740,-[CRPContainerConfigurationListController restoreButtonPressed]
CranePrefs,0xF090,-[CRPContainerConfigurationListController applicationIdentifier],0x13740,-[CRPContainerConfigurationListController restoreButtonPressed]
CranePrefs,0x232B4,-[CRPBackupContainer initWithContainerIdentifier:ofApplicationWithIdentifier:],0x13740,-[CRPContainerConfigurationListController restoreButtonPressed]
CranePrefs,0x26B3C,-[CRPBackupRestoreController configureAndStartSingleRestoreForContainer:completion:],0x13740,-[CRPContainerConfigurationListController restoreButtonPressed]
CranePrefs,0x401D0,_objc_alloc,0x13740,-[CRPContainerConfigurationListController restoreButtonPressed]
CranePrefs,0x40290,_objc_msgSend,0x13740,-[CRPContainerConfigurationListController restoreButtonPressed]
CranePrefs,0x402C0,_objc_release,0x13740,-[CRPContainerConfigurationListController restoreButtonPressed]
CranePrefs,0x402F0,_objc_retainAutoreleasedReturnValue,0x13740,-[CRPContainerConfigurationListController restoreButtonPressed]
CranePrefs,0x3D6CC,_localize,0x13838,sub_13838
CranePrefs,0x40290,_objc_msgSend,0x13838,sub_13838
CranePrefs,0x402C0,_objc_release,0x13838,sub_13838
CranePrefs,0x402F0,_objc_retainAutoreleasedReturnValue,0x13838,sub_13838
CranePrefs,0xF034,-[CRPContainerConfigurationListController containerIdentifier],0x13980,-[CRPContainerConfigurationListController resetNotificationRegistrationButtonPressed]
CranePrefs,0xF090,-[CRPContainerConfigurationListController applicationIdentifier],0x13980,-[CRPContainerConfigurationListController resetNotificationRegistrationButtonPressed]
CranePrefs,0x40290,_objc_msgSend,0x13980,-[CRPContainerConfigurationListController resetNotificationRegistrationButtonPressed]
CranePrefs,0x402C0,_objc_release,0x13980,-[CRPContainerConfigurationListController resetNotificationRegistrationButtonPressed]
CranePrefs,0x402F0,_objc_retainAutoreleasedReturnValue,0x13980,-[CRPContainerConfigurationListController resetNotificationRegistrationButtonPressed]
CranePrefs,0xF214,-[CRPContainerConfigurationListController isDefaultContainer],0x13A28,-[CRPContainerConfigurationListController wipeButtonPressed]
CranePrefs,0x14020,-[CRPContainerConfigurationListController readPreferenceValueForKey:],0x13A28,-[CRPContainerConfigurationListController wipeButtonPressed]
CranePrefs,0x3D6CC,_localize,0x13A28,-[CRPContainerConfigurationListController wipeButtonPressed]
CranePrefs,0x40290,_objc_msgSend,0x13A28,-[CRPContainerConfigurationListController wipeButtonPressed]
CranePrefs,0x402C0,_objc_release,0x13A28,-[CRPContainerConfigurationListController wipeButtonPressed]
CranePrefs,0x402F0,_objc_retainAutoreleasedReturnValue,0x13A28,-[CRPContainerConfigurationListController wipeButtonPressed]
CranePrefs,0x40290,_objc_msgSend,0x13CC4,sub_13CC4
CranePrefs,0x402C0,_objc_release,0x13CC4,sub_13CC4
CranePrefs,0x402F0,_objc_retainAutoreleasedReturnValue,0x13CC4,sub_13CC4
CranePrefs,0x13E00,-[CRPContainerConfigurationListController setPreferenceValue:key:],0x13D80,-[CRPContainerConfigurationListController setPreferenceValue:specifier:]
CranePrefs,0x40290,_objc_msgSend,0x13D80,-[CRPContainerConfigurationListController setPreferenceValue:specifier:]
CranePrefs,0x402C0,_objc_release,0x13D80,-[CRPContainerConfigurationListController setPreferenceValue:specifier:]
CranePrefs,0x402CC,_objc_retain,0x13D80,-[CRPContainerConfigurationListController setPreferenceValue:specifier:]
CranePrefs,0x402F0,_objc_retainAutoreleasedReturnValue,0x13D80,-[CRPContainerConfigurationListController setPreferenceValue:specifier:]
CranePrefs,0xF034,-[CRPContainerConfigurationListController containerIdentifier],0x13E00,-[CRPContainerConfigurationListController setPreferenceValue:key:]
CranePrefs,0xF090,-[CRPContainerConfigurationListController applicationIdentifier],0x13E00,-[CRPContainerConfigurationListController setPreferenceValue:key:]
CranePrefs,0x40290,_objc_msgSend,0x13E00,-[CRPContainerConfigurationListController setPreferenceValue:key:]
CranePrefs,0x402C0,_objc_release,0x13E00,-[CRPContainerConfigurationListController setPreferenceValue:key:]
CranePrefs,0x402CC,_objc_retain,0x13E00,-[CRPContainerConfigurationListController setPreferenceValue:key:]
CranePrefs,0x402F0,_objc_retainAutoreleasedReturnValue,0x13E00,-[CRPContainerConfigurationListController setPreferenceValue:key:]
CranePrefs,0x14020,-[CRPContainerConfigurationListController readPreferenceValueForKey:],0x13F74,-[CRPContainerConfigurationListController readPreferenceValue:]
CranePrefs,0x40290,_objc_msgSend,0x13F74,-[CRPContainerConfigurationListController readPreferenceValue:]
CranePrefs,0x402C0,_objc_release,0x13F74,-[CRPContainerConfigurationListController readPreferenceValue:]
CranePrefs,0x402CC,_objc_retain,0x13F74,-[CRPContainerConfigurationListController readPreferenceValue:]
CranePrefs,0x402F0,_objc_retainAutoreleasedReturnValue,0x13F74,-[CRPContainerConfigurationListController readPreferenceValue:]
CranePrefs,0xF3D0,-[CRPContainerConfigurationListController reloadGameCenterIfThisContainerIsActive],0x14038,-[CRPContainerConfigurationListController setAssociatedGameCenterAccount:specifier:]
CranePrefs,0x13D80,-[CRPContainerConfigurationListController setPreferenceValue:specifier:],0x14038,-[CRPContainerConfigurationListController setAssociatedGameCenterAccount:specifier:]
CranePrefs,0x140E8,-[CRPContainerConfigurationListController readAssociatedGameCenterAccount:],0x14038,-[CRPContainerConfigurationListController setAssociatedGameCenterAccount:specifier:]
CranePrefs,0x40290,_objc_msgSend,0x14038,-[CRPContainerConfigurationListController setAssociatedGameCenterAccount:specifier:]
CranePrefs,0x402C0,_objc_release,0x14038,-[CRPContainerConfigurationListController setAssociatedGameCenterAccount:specifier:]
CranePrefs,0x402CC,_objc_retain,0x14038,-[CRPContainerConfigurationListController setAssociatedGameCenterAccount:specifier:]
CranePrefs,0x402F0,_objc_retainAutoreleasedReturnValue,0x14038,-[CRPContainerConfigurationListController setAssociatedGameCenterAccount:specifier:]
CranePrefs,0x13F74,-[CRPContainerConfigurationListController readPreferenceValue:],0x140E8,-[CRPContainerConfigurationListController readAssociatedGameCenterAccount:]
CranePrefs,0x40290,_objc_msgSend,0x140E8,-[CRPContainerConfigurationListController readAssociatedGameCenterAccount:]
CranePrefs,0x402C0,_objc_release,0x140E8,-[CRPContainerConfigurationListController readAssociatedGameCenterAccount:]
CranePrefs,0x402CC,_objc_retain,0x140E8,-[CRPContainerConfigurationListController readAssociatedGameCenterAccount:]
CranePrefs,0x402F0,_objc_retainAutoreleasedReturnValue,0x140E8,-[CRPContainerConfigurationListController readAssociatedGameCenterAccount:]
CranePrefs,0x14188,-[CRPContainerConfigurationListController dealloc],0x14188,-[CRPContainerConfigurationListController dealloc]
CranePrefs,0x1F630,_clearTempPath,0x14188,-[CRPContainerConfigurationListController dealloc]
CranePrefs,0x40290,_objc_msgSend,0x14188,-[CRPContainerConfigurationListController dealloc]
CranePrefs,0x4029C,_objc_msgSendSuper2,0x14188,-[CRPContainerConfigurationListController dealloc]
CranePrefs,0x402C0,_objc_release,0x14188,-[CRPContainerConfigurationListController dealloc]
CranePrefs,0x402F0,_objc_retainAutoreleasedReturnValue,0x14188,-[CRPContainerConfigurationListController dealloc]
CranePrefs,0x40314,_objc_storeStrong,0x14204,-[CRPContainerConfigurationListController .cxx_destruct]
CranePrefs,0x3FFD8,_dispatch_once,0x14370,+[CRPContainerManager sharedManager]
CranePrefs,0x401D0,_objc_alloc,0x143B0,sub_143B0
CranePrefs,0x40290,_objc_msgSend,0x143B0,sub_143B0
CranePrefs,0x3FED0,___stack_chk_fail,0x143E8,-[CRPContainerManager allWritableFileAttributes]
CranePrefs,0x40290,_objc_msgSend,0x143E8,-[CRPContainerManager allWritableFileAttributes]
CranePrefs,0x40290,_objc_msgSend,0x144F0,-[CRPContainerManager unknownContainersInsideApplicationWithIdentifier:knownContainers:]
CranePrefs,0x402C0,_objc_release,0x144F0,-[CRPContainerManager unknownContainersInsideApplicationWithIdentifier:knownContainers:]
CranePrefs,0x402CC,_objc_retain,0x144F0,-[CRPContainerManager unknownContainersInsideApplicationWithIdentifier:knownContainers:]
CranePrefs,0x402F0,_objc_retainAutoreleasedReturnValue,0x144F0,-[CRPContainerManager unknownContainersInsideApplicationWithIdentifier:knownContainers:]
CranePrefs,0x16DA0,-[CRPListController localizeSpecifiers:],0x146D4,-[CRPCreditsController specifiers]
CranePrefs,0x3D6CC,_localize,0x146D4,-[CRPCreditsController specifiers]
CranePrefs,0x40290,_objc_msgSend,0x146D4,-[CRPCreditsController specifiers]
CranePrefs,0x402C0,_objc_release,0x146D4,-[CRPCreditsController specifiers]
CranePrefs,0x402F0,_objc_retainAutoreleasedReturnValue,0x146D4,-[CRPCreditsController specifiers]
CranePrefs,0x40290,_objc_msgSend,0x147B0,-[CRPCreditsController zipArchiveLink]
CranePrefs,0x402C0,_objc_release,0x147B0,-[CRPCreditsController zipArchiveLink]
CranePrefs,0x402F0,_objc_retainAutoreleasedReturnValue,0x147B0,-[CRPCreditsController zipArchiveLink]
CranePrefs,0x40290,_objc_msgSend,0x14830,-[CRPCreditsController miniZipLink]
CranePrefs,0x402C0,_objc_release,0x14830,-[CRPCreditsController miniZipLink]
CranePrefs,0x402F0,_objc_retainAutoreleasedReturnValue,0x14830,-[CRPCreditsController miniZipLink]
CranePrefs,0x40290,_objc_msgSend,0x14978,-[CRPCreditsController rdaraujoLink]
CranePrefs,0x402C0,_objc_release,0x14978,-[CRPCreditsController rdaraujoLink]
CranePrefs,0x402F0,_objc_retainAutoreleasedReturnValue,0x14978,-[CRPCreditsController rdaraujoLink]
CranePrefs,0x40290,_objc_msgSend,0x14A20,-[CRPCreditsMiniZipController specifiers]
CranePrefs,0x402C0,_objc_release,0x14A20,-[CRPCreditsMiniZipController specifiers]
CranePrefs,0x402F0,_objc_retainAutoreleasedReturnValue,0x14A20,-[CRPCreditsMiniZipController specifiers]
CranePrefs,0x40290,_objc_msgSend,0x14A88,-[CRPCreditsZipArchiveController specifiers]
CranePrefs,0x402C0,_objc_release,0x14A88,-[CRPCreditsZipArchiveController specifiers]
CranePrefs,0x402F0,_objc_retainAutoreleasedReturnValue,0x14A88,-[CRPCreditsZipArchiveController specifiers]
CranePrefs,0x14AF0,-[CRPDestructiveTableCell layoutSubviews],0x14AF0,-[CRPDestructiveTableCell layoutSubviews]
CranePrefs,0x40290,_objc_msgSend,0x14AF0,-[CRPDestructiveTableCell layoutSubviews]
CranePrefs,0x4029C,_objc_msgSendSuper2,0x14AF0,-[CRPDestructiveTableCell layoutSubviews]
CranePrefs,0x402C0,_objc_release,0x14AF0,-[CRPDestructiveTableCell layoutSubviews]
CranePrefs,0x402F0,_objc_retainAutoreleasedReturnValue,0x14AF0,-[CRPDestructiveTableCell layoutSubviews]
CranePrefs,0x40290,_objc_msgSend,0x14BF4,-[CRPGameCenterAccountsController reloadListInParentController]
CranePrefs,0x402C0,_objc_release,0x14BF4,-[CRPGameCenterAccountsController reloadListInParentController]
CranePrefs,0x402F0,_objc_retainAutoreleasedReturnValue,0x14BF4,-[CRPGameCenterAccountsController reloadListInParentController]
CranePrefs,0x40290,_objc_msgSend,0x14D00,-[CRPGameCenterAccountsController loadGameCenterAccounts]
CranePrefs,0x402C0,_objc_release,0x14D00,-[CRPGameCenterAccountsController loadGameCenterAccounts]
CranePrefs,0x402F0,_objc_retainAutoreleasedReturnValue,0x14D00,-[CRPGameCenterAccountsController loadGameCenterAccounts]
CranePrefs,0x40290,_objc_msgSend,0x14D8C,-[CRPGameCenterAccountsController saveGameCenterAccounts]
CranePrefs,0x402C0,_objc_release,0x14D8C,-[CRPGameCenterAccountsController saveGameCenterAccounts]
CranePrefs,0x402F0,_objc_retainAutoreleasedReturnValue,0x14D8C,-[CRPGameCenterAccountsController saveGameCenterAccounts]
CranePrefs,0x3FE88,__Block_object_dispose,0x14DF4,-[CRPGameCenterAccountsController dictionaryForAccountWithIdentifier:]
CranePrefs,0x40290,_objc_msgSend,0x14DF4,-[CRPGameCenterAccountsController dictionaryForAccountWithIdentifier:]
CranePrefs,0x402C0,_objc_release,0x14DF4,-[CRPGameCenterAccountsController dictionaryForAccountWithIdentifier:]
CranePrefs,0x402CC,_objc_retain,0x14DF4,-[CRPGameCenterAccountsController dictionaryForAccountWithIdentifier:]
CranePrefs,0x3FE88,__Block_object_dispose,0x14EFC,sub_14EFC
CranePrefs,0x3FEA0,__Unwind_Resume,0x14EFC,sub_14EFC
CranePrefs,0x40290,_objc_msgSend,0x14F30,sub_14F30
CranePrefs,0x402C0,_objc_release,0x14F30,sub_14F30
CranePrefs,0x402CC,_objc_retain,0x14F30,sub_14F30
CranePrefs,0x402F0,_objc_retainAutoreleasedReturnValue,0x14F30,sub_14F30
CranePrefs,0x40314,_objc_storeStrong,0x14F30,sub_14F30
CranePrefs,0x402CC,_objc_retain,0x14FCC,sub_14FCC
CranePrefs,0x3FE88,__Block_object_dispose,0x15000,sub_15000
CranePrefs,0x14D8C,-[CRPGameCenterAccountsController saveGameCenterAccounts],0x1502C,-[CRPGameCenterAccountsController removeAccountWithIdentifier:]
CranePrefs,0x40290,_objc_msgSend,0x1502C,-[CRPGameCenterAccountsController removeAccountWithIdentifier:]
CranePrefs,0x402C0,_objc_release,0x1502C,-[CRPGameCenterAccountsController removeAccountWithIdentifier:]
CranePrefs,0x402CC,_objc_retain,0x1502C,-[CRPGameCenterAccountsController removeAccountWithIdentifier:]
CranePrefs,0x402F0,_objc_retainAutoreleasedReturnValue,0x1502C,-[CRPGameCenterAccountsController removeAccountWithIdentifier:]
CranePrefs,0x40290,_objc_msgSend,0x151BC,sub_151BC
CranePrefs,0x402F0,_objc_retainAutoreleasedReturnValue,0x151BC,sub_151BC
CranePrefs,0x14D8C,-[CRPGameCenterAccountsController saveGameCenterAccounts],0x15250,-[CRPGameCenterAccountsController renameAccountWithIdentifier:toName:]
CranePrefs,0x40290,_objc_msgSend,0x15250,-[CRPGameCenterAccountsController renameAccountWithIdentifier:toName:]
CranePrefs,0x402C0,_objc_release,0x15250,-[CRPGameCenterAccountsController renameAccountWithIdentifier:toName:]
CranePrefs,0x402CC,_objc_retain,0x15250,-[CRPGameCenterAccountsController renameAccountWithIdentifier:toName:]
CranePrefs,0x40290,_objc_msgSend,0x15340,sub_15340
CranePrefs,0x402C0,_objc_release,0x15340,sub_15340
CranePrefs,0x402CC,_objc_retain,0x15340,sub_15340
CranePrefs,0x402F0,_objc_retainAutoreleasedReturnValue,0x15340,sub_15340
CranePrefs,0x14D8C,-[CRPGameCenterAccountsController saveGameCenterAccounts],0x15448,-[CRPGameCenterAccountsController addAccountWithIdentifier:name:]
CranePrefs,0x3FED0,___stack_chk_fail,0x15448,-[CRPGameCenterAccountsController addAccountWithIdentifier:name:]
CranePrefs,0x40290,_objc_msgSend,0x15448,-[CRPGameCenterAccountsController addAccountWithIdentifier:name:]
CranePrefs,0x402C0,_objc_release,0x15448,-[CRPGameCenterAccountsController addAccountWithIdentifier:name:]
CranePrefs,0x402CC,_objc_retain,0x15448,-[CRPGameCenterAccountsController addAccountWithIdentifier:name:]
CranePrefs,0x402F0,_objc_retainAutoreleasedReturnValue,0x15448,-[CRPGameCenterAccountsController addAccountWithIdentifier:name:]
CranePrefs,0x15448,-[CRPGameCenterAccountsController addAccountWithIdentifier:name:],0x15564,-[CRPGameCenterAccountsController addAccountWithName:]
CranePrefs,0x40290,_objc_msgSend,0x15564,-[CRPGameCenterAccountsController addAccountWithName:]
CranePrefs,0x402C0,_objc_release,0x15564,-[CRPGameCenterAccountsController addAccountWithName:]
CranePrefs,0x402CC,_objc_retain,0x15564,-[CRPGameCenterAccountsController addAccountWithName:]
CranePrefs,0x402F0,_objc_retainAutoreleasedReturnValue,0x15564,-[CRPGameCenterAccountsController addAccountWithName:]
CranePrefs,0x14DF4,-[CRPGameCenterAccountsController dictionaryForAccountWithIdentifier:],0x1560C,-[CRPGameCenterAccountsController accountNameForAccountWithIdentifier:]
CranePrefs,0x3D6CC,_localize,0x1560C,-[CRPGameCenterAccountsController accountNameForAccountWithIdentifier:]
CranePrefs,0x40290,_objc_msgSend,0x1560C,-[CRPGameCenterAccountsController accountNameForAccountWithIdentifier:]
CranePrefs,0x402C0,_objc_release,0x1560C,-[CRPGameCenterAccountsController accountNameForAccountWithIdentifier:]
CranePrefs,0x402CC,_objc_retain,0x1560C,-[CRPGameCenterAccountsController accountNameForAccountWithIdentifier:]
CranePrefs,0x402F0,_objc_retainAutoreleasedReturnValue,0x1560C,-[CRPGameCenterAccountsController accountNameForAccountWithIdentifier:]
CranePrefs,0x3FE4C,_NSClassFromString,0x156C4,-[CRPGameCenterAccountsController newSpecifierForAccountIdentifier:accountName:]
CranePrefs,0x40290,_objc_msgSend,0x156C4,-[CRPGameCenterAccountsController newSpecifierForAccountIdentifier:accountName:]
CranePrefs,0x402C0,_objc_release,0x156C4,-[CRPGameCenterAccountsController newSpecifierForAccountIdentifier:accountName:]
CranePrefs,0x402CC,_objc_retain,0x156C4,-[CRPGameCenterAccountsController newSpecifierForAccountIdentifier:accountName:]
CranePrefs,0x402F0,_objc_retainAutoreleasedReturnValue,0x156C4,-[CRPGameCenterAccountsController newSpecifierForAccountIdentifier:accountName:]
CranePrefs,0x14D00,-[CRPGameCenterAccountsController loadGameCenterAccounts],0x157E4,-[CRPGameCenterAccountsController specifiers]
CranePrefs,0x3D6CC,_localize,0x157E4,-[CRPGameCenterAccountsController specifiers]
CranePrefs,0x40290,_objc_msgSend,0x157E4,-[CRPGameCenterAccountsController specifiers]
CranePrefs,0x402C0,_objc_release,0x157E4,-[CRPGameCenterAccountsController specifiers]
CranePrefs,0x402F0,_objc_retainAutoreleasedReturnValue,0x157E4,-[CRPGameCenterAccountsController specifiers]
CranePrefs,0x40290,_objc_msgSend,0x15A98,sub_15A98
CranePrefs,0x402C0,_objc_release,0x15A98,sub_15A98
CranePrefs,0x402F0,_objc_retainAutoreleasedReturnValue,0x15A98,sub_15A98
CranePrefs,0x401D0,_objc_alloc,0x15B58,-[CRPGameCenterAccountsController editBarButtonItem]
CranePrefs,0x40290,_objc_msgSend,0x15B58,-[CRPGameCenterAccountsController editBarButtonItem]
CranePrefs,0x401D0,_objc_alloc,0x15B9C,-[CRPGameCenterAccountsController _editButtonBarItem]
CranePrefs,0x40290,_objc_msgSend,0x15B9C,-[CRPGameCenterAccountsController _editButtonBarItem]
CranePrefs,0x3D6CC,_localize,0x15BE0,-[CRPGameCenterAccountsController addButtonPressed]
CranePrefs,0x40290,_objc_msgSend,0x15BE0,-[CRPGameCenterAccountsController addButtonPressed]
CranePrefs,0x402C0,_objc_release,0x15BE0,-[CRPGameCenterAccountsController addButtonPressed]
CranePrefs,0x402CC,_objc_retain,0x15BE0,-[CRPGameCenterAccountsController addButtonPressed]
CranePrefs,0x402F0,_objc_retainAutoreleasedReturnValue,0x15BE0,-[CRPGameCenterAccountsController addButtonPressed]
CranePrefs,0x3D6CC,_localize,0x15DD8,sub_15DD8
CranePrefs,0x40290,_objc_msgSend,0x15DD8,sub_15DD8
CranePrefs,0x402C0,_objc_release,0x15DD8,sub_15DD8
CranePrefs,0x402CC,_objc_retain,0x15DD8,sub_15DD8
CranePrefs,0x402F0,_objc_retainAutoreleasedReturnValue,0x15DD8,sub_15DD8
CranePrefs,0x40230,_objc_destroyWeak,0x15E34,sub_15E34
CranePrefs,0x40278,_objc_initWeak,0x15E34,sub_15E34
CranePrefs,0x40290,_objc_msgSend,0x15E34,sub_15E34
CranePrefs,0x402C0,_objc_release,0x15E34,sub_15E34
CranePrefs,0x402CC,_objc_retain,0x15E34,sub_15E34
CranePrefs,0x402F0,_objc_retainAutoreleasedReturnValue,0x15E34,sub_15E34
CranePrefs,0x3FEA0,__Unwind_Resume,0x15F74,sub_15F74
CranePrefs,0x40230,_objc_destroyWeak,0x15F74,sub_15F74
CranePrefs,0x3D6CC,_localize,0x15F90,-[CRPGameCenterAccountsController accountPressed:]
CranePrefs,0x40290,_objc_msgSend,0x15F90,-[CRPGameCenterAccountsController accountPressed:]
CranePrefs,0x402C0,_objc_release,0x15F90,-[CRPGameCenterAccountsController accountPressed:]
CranePrefs,0x402CC,_objc_retain,0x15F90,-[CRPGameCenterAccountsController accountPressed:]
CranePrefs,0x402F0,_objc_retainAutoreleasedReturnValue,0x15F90,-[CRPGameCenterAccountsController accountPressed:]
CranePrefs,0x3D6CC,_localize,0x1622C,sub_1622C
CranePrefs,0x40290,_objc_msgSend,0x1622C,sub_1622C
CranePrefs,0x402C0,_objc_release,0x1622C,sub_1622C
CranePrefs,0x402CC,_objc_retain,0x1622C,sub_1622C
CranePrefs,0x402F0,_objc_retainAutoreleasedReturnValue,0x1622C,sub_1622C
CranePrefs,0x40230,_objc_destroyWeak,0x162CC,sub_162CC
CranePrefs,0x40278,_objc_initWeak,0x162CC,sub_162CC
CranePrefs,0x40290,_objc_msgSend,0x162CC,sub_162CC
CranePrefs,0x402C0,_objc_release,0x162CC,sub_162CC
CranePrefs,0x402CC,_objc_retain,0x162CC,sub_162CC
CranePrefs,0x402F0,_objc_retainAutoreleasedReturnValue,0x162CC,sub_162CC
CranePrefs,0x3FEA0,__Unwind_Resume,0x163E0,sub_163E0
CranePrefs,0x40230,_objc_destroyWeak,0x163E0,sub_163E0
CranePrefs,0x40290,_objc_msgSend,0x16400,-[CRPGameCenterAccountsController tableView:editingStyleForRowAtIndexPath:]
CranePrefs,0x402C0,_objc_release,0x16400,-[CRPGameCenterAccountsController tableView:editingStyleForRowAtIndexPath:]
CranePrefs,0x402F0,_objc_retainAutoreleasedReturnValue,0x16400,-[CRPGameCenterAccountsController tableView:editingStyleForRowAtIndexPath:]
CranePrefs,0x1560C,-[CRPGameCenterAccountsController accountNameForAccountWithIdentifier:],0x1649C,-[CRPGameCenterAccountsController tableView:commitEditingStyle:forRowAtIndexPath:]
CranePrefs,0x3D6CC,_localize,0x1649C,-[CRPGameCenterAccountsController tableView:commitEditingStyle:forRowAtIndexPath:]
CranePrefs,0x40290,_objc_msgSend,0x1649C,-[CRPGameCenterAccountsController tableView:commitEditingStyle:forRowAtIndexPath:]
CranePrefs,0x402C0,_objc_release,0x1649C,-[CRPGameCenterAccountsController tableView:commitEditingStyle:forRowAtIndexPath:]
CranePrefs,0x402CC,_objc_retain,0x1649C,-[CRPGameCenterAccountsController tableView:commitEditingStyle:forRowAtIndexPath:]
CranePrefs,0x402F0,_objc_retainAutoreleasedReturnValue,0x1649C,-[CRPGameCenterAccountsController tableView:commitEditingStyle:forRowAtIndexPath:]
CranePrefs,0x4029C,_objc_msgSendSuper2,0x16794,sub_16794
CranePrefs,0x1502C,-[CRPGameCenterAccountsController removeAccountWithIdentifier:],0x167D0,-[CRPGameCenterAccountsController performDeletionActionForSpecifier:]
CranePrefs,0x167D0,-[CRPGameCenterAccountsController performDeletionActionForSpecifier:],0x167D0,-[CRPGameCenterAccountsController performDeletionActionForSpecifier:]
CranePrefs,0x40290,_objc_msgSend,0x167D0,-[CRPGameCenterAccountsController performDeletionActionForSpecifier:]
CranePrefs,0x4029C,_objc_msgSendSuper2,0x167D0,-[CRPGameCenterAccountsController performDeletionActionForSpecifier:]
CranePrefs,0x402C0,_objc_release,0x167D0,-[CRPGameCenterAccountsController performDeletionActionForSpecifier:]
CranePrefs,0x402CC,_objc_retain,0x167D0,-[CRPGameCenterAccountsController performDeletionActionForSpecifier:]
CranePrefs,0x402F0,_objc_retainAutoreleasedReturnValue,0x167D0,-[CRPGameCenterAccountsController performDeletionActionForSpecifier:]
CranePrefs,0x168CC,-[CRPInfoTableCell refreshCellContentsWithSpecifier:],0x168CC,-[CRPInfoTableCell refreshCellContentsWithSpecifier:]
CranePrefs,0x40290,_objc_msgSend,0x168CC,-[CRPInfoTableCell refreshCellContentsWithSpecifier:]
CranePrefs,0x4029C,_objc_msgSendSuper2,0x168CC,-[CRPInfoTableCell refreshCellContentsWithSpecifier:]
CranePrefs,0x3FE28,_CFNotificationCenterGetDarwinNotifyCenter,0x16920,+[CRPKeychainManager migrateFromVersion1IfNeeded]
CranePrefs,0x3FE34,_CFNotificationCenterPostNotification,0x16920,+[CRPKeychainManager migrateFromVersion1IfNeeded]
CranePrefs,0x40290,_objc_msgSend,0x16920,+[CRPKeychainManager migrateFromVersion1IfNeeded]
CranePrefs,0x402C0,_objc_release,0x16920,+[CRPKeychainManager migrateFromVersion1IfNeeded]
CranePrefs,0x402F0,_objc_retainAutoreleasedReturnValue,0x16920,+[CRPKeychainManager migrateFromVersion1IfNeeded]
CranePrefs,0x225C4,_cranehelperdPreferencesRemoteObjectProxy,0x16A88,sub_16A88
CranePrefs,0x40290,_objc_msgSend,0x16A88,sub_16A88
CranePrefs,0x402C0,_objc_release,0x16A88,sub_16A88
CranePrefs,0x402CC,_objc_retain,0x16A88,sub_16A88
CranePrefs,0x402F0,_objc_retainAutoreleasedReturnValue,0x16A88,sub_16A88
CranePrefs,0x3FFC0,_dispatch_async,0x16B38,+[CRPKeychainManager handleMigrationWithViewController:]
CranePrefs,0x3FFCC,_dispatch_get_global_queue,0x16B38,+[CRPKeychainManager handleMigrationWithViewController:]
CranePrefs,0x402C0,_objc_release,0x16B38,+[CRPKeychainManager handleMigrationWithViewController:]
CranePrefs,0x402CC,_objc_retain,0x16B38,+[CRPKeychainManager handleMigrationWithViewController:]
CranePrefs,0x402F0,_objc_retainAutoreleasedReturnValue,0x16B38,+[CRPKeychainManager handleMigrationWithViewController:]
CranePrefs,0x3FFC0,_dispatch_async,0x16BE8,sub_16BE8
CranePrefs,0x40290,_objc_msgSend,0x16BE8,sub_16BE8
CranePrefs,0x402C0,_objc_release,0x16BE8,sub_16BE8
CranePrefs,0x402CC,_objc_retain,0x16BE8,sub_16BE8
CranePrefs,0x3D6CC,_localize,0x16C70,sub_16C70
CranePrefs,0x40290,_objc_msgSend,0x16C70,sub_16C70
CranePrefs,0x402C0,_objc_release,0x16C70,sub_16C70
CranePrefs,0x402F0,_objc_retainAutoreleasedReturnValue,0x16C70,sub_16C70
CranePrefs,0x3D6CC,_localize,0x16DA0,-[CRPListController localizeSpecifiers:]
CranePrefs,0x3FED0,___stack_chk_fail,0x16DA0,-[CRPListController localizeSpecifiers:]
CranePrefs,0x4023C,_objc_enumerationMutation,0x16DA0,-[CRPListController localizeSpecifiers:]
CranePrefs,0x40290,_objc_msgSend,0x16DA0,-[CRPListController localizeSpecifiers:]
CranePrefs,0x402C0,_objc_release,0x16DA0,-[CRPListController localizeSpecifiers:]
CranePrefs,0x402CC,_objc_retain,0x16DA0,-[CRPListController localizeSpecifiers:]
CranePrefs,0x402F0,_objc_retainAutoreleasedReturnValue,0x16DA0,-[CRPListController localizeSpecifiers:]
CranePrefs,0x40290,_objc_msgSend,0x16F9C,-[CRPListController openTwitterWithUsername:]
CranePrefs,0x402C0,_objc_release,0x16F9C,-[CRPListController openTwitterWithUsername:]
CranePrefs,0x402CC,_objc_retain,0x16F9C,-[CRPListController openTwitterWithUsername:]
CranePrefs,0x402F0,_objc_retainAutoreleasedReturnValue,0x16F9C,-[CRPListController openTwitterWithUsername:]
CranePrefs,0x17100,-[CRPMultiBackupContainerSelectionCell setValue:],0x17100,-[CRPMultiBackupContainerSelectionCell setValue:]
CranePrefs,0x3D6CC,_localize,0x17100,-[CRPMultiBackupContainerSelectionCell setValue:]
CranePrefs,0x40290,_objc_msgSend,0x17100,-[CRPMultiBackupContainerSelectionCell setValue:]
CranePrefs,0x4029C,_objc_msgSendSuper2,0x17100,-[CRPMultiBackupContainerSelectionCell setValue:]
CranePrefs,0x402C0,_objc_release,0x17100,-[CRPMultiBackupContainerSelectionCell setValue:]
CranePrefs,0x402CC,_objc_retain,0x17100,-[CRPMultiBackupContainerSelectionCell setValue:]
CranePrefs,0x402F0,_objc_retainAutoreleasedReturnValue,0x17100,-[CRPMultiBackupContainerSelectionCell setValue:]
CranePrefs,0x1728C,-[CRPMultiBackupContainerSelectionListController init],0x1728C,-[CRPMultiBackupContainerSelectionListController init]
CranePrefs,0x40290,_objc_msgSend,0x1728C,-[CRPMultiBackupContainerSelectionListController init]
CranePrefs,0x4029C,_objc_msgSendSuper2,0x1728C,-[CRPMultiBackupContainerSelectionListController init]
CranePrefs,0x402C0,_objc_release,0x1728C,-[CRPMultiBackupContainerSelectionListController init]
CranePrefs,0x172FC,-[CRPMultiBackupContainerSelectionListController viewDidLoad],0x172FC,-[CRPMultiBackupContainerSelectionListController viewDidLoad]
CranePrefs,0x176E4,-[CRPMultiBackupContainerSelectionListController updateSelectDeselectButton],0x172FC,-[CRPMultiBackupContainerSelectionListController viewDidLoad]
CranePrefs,0x3D6CC,_localize,0x172FC,-[CRPMultiBackupContainerSelectionListController viewDidLoad]
CranePrefs,0x401D0,_objc_alloc,0x172FC,-[CRPMultiBackupContainerSelectionListController viewDidLoad]
CranePrefs,0x40290,_objc_msgSend,0x172FC,-[CRPMultiBackupContainerSelectionListController viewDidLoad]
CranePrefs,0x4029C,_objc_msgSendSuper2,0x172FC,-[CRPMultiBackupContainerSelectionListController viewDidLoad]
CranePrefs,0x402C0,_objc_release,0x172FC,-[CRPMultiBackupContainerSelectionListController viewDidLoad]
CranePrefs,0x402F0,_objc_retainAutoreleasedReturnValue,0x172FC,-[CRPMultiBackupContainerSelectionListController viewDidLoad]
CranePrefs,0x3FE88,__Block_object_dispose,0x17518,-[CRPMultiBackupContainerSelectionListController displayedContainers]
CranePrefs,0x40290,_objc_msgSend,0x17518,-[CRPMultiBackupContainerSelectionListController displayedContainers]
CranePrefs,0x402C0,_objc_release,0x17518,-[CRPMultiBackupContainerSelectionListController displayedContainers]
CranePrefs,0x402CC,_objc_retain,0x17518,-[CRPMultiBackupContainerSelectionListController displayedContainers]
CranePrefs,0x3FE88,__Block_object_dispose,0x175F8,sub_175F8
CranePrefs,0x3FEA0,__Unwind_Resume,0x175F8,sub_175F8
CranePrefs,0x40290,_objc_msgSend,0x1762C,sub_1762C
CranePrefs,0x402C0,_objc_release,0x1762C,sub_1762C
CranePrefs,0x402CC,_objc_retain,0x1762C,sub_1762C
CranePrefs,0x402F0,_objc_retainAutoreleasedReturnValue,0x1762C,sub_1762C
CranePrefs,0x17518,-[CRPMultiBackupContainerSelectionListController displayedContainers],0x176E4,-[CRPMultiBackupContainerSelectionListController updateSelectDeselectButton]
CranePrefs,0x3D6CC,_localize,0x176E4,-[CRPMultiBackupContainerSelectionListController updateSelectDeselectButton]
CranePrefs,0x40290,_objc_msgSend,0x176E4,-[CRPMultiBackupContainerSelectionListController updateSelectDeselectButton]
CranePrefs,0x402C0,_objc_release,0x176E4,-[CRPMultiBackupContainerSelectionListController updateSelectDeselectButton]
CranePrefs,0x402F0,_objc_retainAutoreleasedReturnValue,0x176E4,-[CRPMultiBackupContainerSelectionListController updateSelectDeselectButton]
CranePrefs,0x17518,-[CRPMultiBackupContainerSelectionListController displayedContainers],0x17810,-[CRPMultiBackupContainerSelectionListController selectDeselectAllButtonPressed]
CranePrefs,0x176E4,-[CRPMultiBackupContainerSelectionListController updateSelectDeselectButton],0x17810,-[CRPMultiBackupContainerSelectionListController selectDeselectAllButtonPressed]
CranePrefs,0x17BA4,-[CRPMultiBackupContainerSelectionListController savePreferences],0x17810,-[CRPMultiBackupContainerSelectionListController selectDeselectAllButtonPressed]
CranePrefs,0x40290,_objc_msgSend,0x17810,-[CRPMultiBackupContainerSelectionListController selectDeselectAllButtonPressed]
CranePrefs,0x402C0,_objc_release,0x17810,-[CRPMultiBackupContainerSelectionListController selectDeselectAllButtonPressed]
CranePrefs,0x402F0,_objc_retainAutoreleasedReturnValue,0x17810,-[CRPMultiBackupContainerSelectionListController selectDeselectAllButtonPressed]
CranePrefs,0x3FFC0,_dispatch_async,0x17914,-[CRPMultiBackupContainerSelectionListController updateSearchResultsForSearchController:]
CranePrefs,0x3FFCC,_dispatch_get_global_queue,0x17914,-[CRPMultiBackupContainerSelectionListController updateSearchResultsForSearchController:]
CranePrefs,0x402C0,_objc_release,0x17914,-[CRPMultiBackupContainerSelectionListController updateSearchResultsForSearchController:]
CranePrefs,0x402CC,_objc_retain,0x17914,-[CRPMultiBackupContainerSelectionListController updateSearchResultsForSearchController:]
CranePrefs,0x402F0,_objc_retainAutoreleasedReturnValue,0x17914,-[CRPMultiBackupContainerSelectionListController updateSearchResultsForSearchController:]
CranePrefs,0x3FFC0,_dispatch_async,0x179C4,sub_179C4
CranePrefs,0x40290,_objc_msgSend,0x179C4,sub_179C4
CranePrefs,0x402C0,_objc_release,0x179C4,sub_179C4
CranePrefs,0x402F0,_objc_retainAutoreleasedReturnValue,0x179C4,sub_179C4
CranePrefs,0x40290,_objc_msgSend,0x17A80,sub_17A80
CranePrefs,0x40290,_objc_msgSend,0x17AB8,-[CRPMultiBackupContainerSelectionListController loadPreferences]
CranePrefs,0x402C0,_objc_release,0x17AB8,-[CRPMultiBackupContainerSelectionListController loadPreferences]
CranePrefs,0x402F0,_objc_retainAutoreleasedReturnValue,0x17AB8,-[CRPMultiBackupContainerSelectionListController loadPreferences]
CranePrefs,0x40290,_objc_msgSend,0x17BA4,-[CRPMultiBackupContainerSelectionListController savePreferences]
CranePrefs,0x402C0,_objc_release,0x17BA4,-[CRPMultiBackupContainerSelectionListController savePreferences]
CranePrefs,0x402F0,_objc_retainAutoreleasedReturnValue,0x17BA4,-[CRPMultiBackupContainerSelectionListController savePreferences]
CranePrefs,0x40290,_objc_msgSend,0x17C2C,-[CRPMultiBackupContainerSelectionListController tableView:willDisplayCell:forRowAtIndexPath:]
CranePrefs,0x402C0,_objc_release,0x17C2C,-[CRPMultiBackupContainerSelectionListController tableView:willDisplayCell:forRowAtIndexPath:]
CranePrefs,0x402CC,_objc_retain,0x17C2C,-[CRPMultiBackupContainerSelectionListController tableView:willDisplayCell:forRowAtIndexPath:]
CranePrefs,0x402F0,_objc_retainAutoreleasedReturnValue,0x17C2C,-[CRPMultiBackupContainerSelectionListController tableView:willDisplayCell:forRowAtIndexPath:]
CranePrefs,0x17AB8,-[CRPMultiBackupContainerSelectionListController loadPreferences],0x17DDC,-[CRPMultiBackupContainerSelectionListController specifiers]
CranePrefs,0x3FE88,__Block_object_dispose,0x17DDC,-[CRPMultiBackupContainerSelectionListController specifiers]
CranePrefs,0x40290,_objc_msgSend,0x17DDC,-[CRPMultiBackupContainerSelectionListController specifiers]
CranePrefs,0x402C0,_objc_release,0x17DDC,-[CRPMultiBackupContainerSelectionListController specifiers]
CranePrefs,0x402CC,_objc_retain,0x17DDC,-[CRPMultiBackupContainerSelectionListController specifiers]
CranePrefs,0x402F0,_objc_retainAutoreleasedReturnValue,0x17DDC,-[CRPMultiBackupContainerSelectionListController specifiers]
CranePrefs,0x3FE88,__Block_object_dispose,0x17FEC,sub_17FEC
CranePrefs,0x3FEA0,__Unwind_Resume,0x17FEC,sub_17FEC
CranePrefs,0x40290,_objc_msgSend,0x18008,sub_18008
CranePrefs,0x402C0,_objc_release,0x18008,sub_18008
CranePrefs,0x402CC,_objc_retain,0x18008,sub_18008
CranePrefs,0x402F0,_objc_retainAutoreleasedReturnValue,0x18008,sub_18008
CranePrefs,0x232B4,-[CRPBackupContainer initWithContainerIdentifier:ofApplicationWithIdentifier:],0x18100,sub_18100
CranePrefs,0x401D0,_objc_alloc,0x18100,sub_18100
CranePrefs,0x40290,_objc_msgSend,0x18100,sub_18100
CranePrefs,0x402C0,_objc_release,0x18100,sub_18100
CranePrefs,0x402CC,_objc_retain,0x18100,sub_18100
CranePrefs,0x236C8,-[CRPBackupContainer applicationName],0x18178,sub_18178
CranePrefs,0x40290,_objc_msgSend,0x18178,sub_18178
CranePrefs,0x402C0,_objc_release,0x18178,sub_18178
CranePrefs,0x402CC,_objc_retain,0x18178,sub_18178
CranePrefs,0x402F0,_objc_retainAutoreleasedReturnValue,0x18178,sub_18178
CranePrefs,0x40290,_objc_msgSend,0x18228,sub_18228
CranePrefs,0x402C0,_objc_release,0x18228,sub_18228
CranePrefs,0x402CC,_objc_retain,0x18228,sub_18228
CranePrefs,0x402F0,_objc_retainAutoreleasedReturnValue,0x18228,sub_18228
CranePrefs,0x184A8,-[CRPMultiBackupContainerSelectionListController tableView:cellForRowAtIndexPath:],0x184A8,-[CRPMultiBackupContainerSelectionListController tableView:cellForRowAtIndexPath:]
CranePrefs,0x40290,_objc_msgSend,0x184A8,-[CRPMultiBackupContainerSelectionListController tableView:cellForRowAtIndexPath:]
CranePrefs,0x4029C,_objc_msgSendSuper2,0x184A8,-[CRPMultiBackupContainerSelectionListController tableView:cellForRowAtIndexPath:]
CranePrefs,0x402C0,_objc_release,0x184A8,-[CRPMultiBackupContainerSelectionListController tableView:cellForRowAtIndexPath:]
CranePrefs,0x402CC,_objc_retain,0x184A8,-[CRPMultiBackupContainerSelectionListController tableView:cellForRowAtIndexPath:]
CranePrefs,0x402F0,_objc_retainAutoreleasedReturnValue,0x184A8,-[CRPMultiBackupContainerSelectionListController tableView:cellForRowAtIndexPath:]
CranePrefs,0x176E4,-[CRPMultiBackupContainerSelectionListController updateSelectDeselectButton],0x18534,-[CRPMultiBackupContainerSelectionListController tableView:didSelectRowAtIndexPath:]
CranePrefs,0x17BA4,-[CRPMultiBackupContainerSelectionListController savePreferences],0x18534,-[CRPMultiBackupContainerSelectionListController tableView:didSelectRowAtIndexPath:]
CranePrefs,0x40290,_objc_msgSend,0x18534,-[CRPMultiBackupContainerSelectionListController tableView:didSelectRowAtIndexPath:]
CranePrefs,0x402C0,_objc_release,0x18534,-[CRPMultiBackupContainerSelectionListController tableView:didSelectRowAtIndexPath:]
CranePrefs,0x402F0,_objc_retainAutoreleasedReturnValue,0x18534,-[CRPMultiBackupContainerSelectionListController tableView:didSelectRowAtIndexPath:]
CranePrefs,0x176E4,-[CRPMultiBackupContainerSelectionListController updateSelectDeselectButton],0x185F0,-[CRPMultiBackupContainerSelectionListController tableView:didDeselectRowAtIndexPath:]
CranePrefs,0x17BA4,-[CRPMultiBackupContainerSelectionListController savePreferences],0x185F0,-[CRPMultiBackupContainerSelectionListController tableView:didDeselectRowAtIndexPath:]
CranePrefs,0x40290,_objc_msgSend,0x185F0,-[CRPMultiBackupContainerSelectionListController tableView:didDeselectRowAtIndexPath:]
CranePrefs,0x402C0,_objc_release,0x185F0,-[CRPMultiBackupContainerSelectionListController tableView:didDeselectRowAtIndexPath:]
CranePrefs,0x402F0,_objc_retainAutoreleasedReturnValue,0x185F0,-[CRPMultiBackupContainerSelectionListController tableView:didDeselectRowAtIndexPath:]
CranePrefs,0x186AC,-[CRPMultiBackupContainerSelectionListController viewWillDisappear:],0x186AC,-[CRPMultiBackupContainerSelectionListController viewWillDisappear:]
CranePrefs,0x40290,_objc_msgSend,0x186AC,-[CRPMultiBackupContainerSelectionListController viewWillDisappear:]
CranePrefs,0x4029C,_objc_msgSendSuper2,0x186AC,-[CRPMultiBackupContainerSelectionListController viewWillDisappear:]
CranePrefs,0x402C0,_objc_release,0x186AC,-[CRPMultiBackupContainerSelectionListController viewWillDisappear:]
CranePrefs,0x402F0,_objc_retainAutoreleasedReturnValue,0x186AC,-[CRPMultiBackupContainerSelectionListController viewWillDisappear:]
CranePrefs,0x40314,_objc_storeStrong,0x1878C,-[CRPMultiBackupContainerSelectionListController .cxx_destruct]
CranePrefs,0x40290,_objc_msgSend,0x187F4,-[CRPMultiBackupPresetListController loadPreferences]
CranePrefs,0x402C0,_objc_release,0x187F4,-[CRPMultiBackupPresetListController loadPreferences]
CranePrefs,0x402F0,_objc_retainAutoreleasedReturnValue,0x187F4,-[CRPMultiBackupPresetListController loadPreferences]
CranePrefs,0x40290,_objc_msgSend,0x188B8,-[CRPMultiBackupPresetListController savePreferences]
CranePrefs,0x402F0,_objc_retainAutoreleasedReturnValue,0x188B8,-[CRPMultiBackupPresetListController savePreferences]
CranePrefs,0x18A1C,-[CRPMultiBackupPresetListController selectedPresetIdentifier],0x18918,-[CRPMultiBackupPresetListController resetSelection]
CranePrefs,0x40290,_objc_msgSend,0x18918,-[CRPMultiBackupPresetListController resetSelection]
CranePrefs,0x402C0,_objc_release,0x18918,-[CRPMultiBackupPresetListController resetSelection]
CranePrefs,0x402F0,_objc_retainAutoreleasedReturnValue,0x18918,-[CRPMultiBackupPresetListController resetSelection]
CranePrefs,0x40290,_objc_msgSend,0x18A1C,-[CRPMultiBackupPresetListController selectedPresetIdentifier]
CranePrefs,0x402C0,_objc_release,0x18A1C,-[CRPMultiBackupPresetListController selectedPresetIdentifier]
CranePrefs,0x402F0,_objc_retainAutoreleasedReturnValue,0x18A1C,-[CRPMultiBackupPresetListController selectedPresetIdentifier]
CranePrefs,0x40290,_objc_msgSend,0x18A8C,-[CRPMultiBackupPresetListController setSelectedPresetIdentifier:]
CranePrefs,0x402C0,_objc_release,0x18A8C,-[CRPMultiBackupPresetListController setSelectedPresetIdentifier:]
CranePrefs,0x402CC,_objc_retain,0x18A8C,-[CRPMultiBackupPresetListController setSelectedPresetIdentifier:]
CranePrefs,0x402F0,_objc_retainAutoreleasedReturnValue,0x18A8C,-[CRPMultiBackupPresetListController setSelectedPresetIdentifier:]
CranePrefs,0x18A1C,-[CRPMultiBackupPresetListController selectedPresetIdentifier],0x18B00,-[CRPMultiBackupPresetListController tableView:cellForRowAtIndexPath:]
CranePrefs,0x18B00,-[CRPMultiBackupPresetListController tableView:cellForRowAtIndexPath:],0x18B00,-[CRPMultiBackupPresetListController tableView:cellForRowAtIndexPath:]
CranePrefs,0x40290,_objc_msgSend,0x18B00,-[CRPMultiBackupPresetListController tableView:cellForRowAtIndexPath:]
CranePrefs,0x4029C,_objc_msgSendSuper2,0x18B00,-[CRPMultiBackupPresetListController tableView:cellForRowAtIndexPath:]
CranePrefs,0x402C0,_objc_release,0x18B00,-[CRPMultiBackupPresetListController tableView:cellForRowAtIndexPath:]
CranePrefs,0x402CC,_objc_retain,0x18B00,-[CRPMultiBackupPresetListController tableView:cellForRowAtIndexPath:]
CranePrefs,0x402F0,_objc_retainAutoreleasedReturnValue,0x18B00,-[CRPMultiBackupPresetListController tableView:cellForRowAtIndexPath:]
CranePrefs,0x3FED0,___stack_chk_fail,0x18C7C,-[CRPMultiBackupPresetListController presetForPresetIdentifier:]
CranePrefs,0x4023C,_objc_enumerationMutation,0x18C7C,-[CRPMultiBackupPresetListController presetForPresetIdentifier:]
CranePrefs,0x40290,_objc_msgSend,0x18C7C,-[CRPMultiBackupPresetListController presetForPresetIdentifier:]
CranePrefs,0x402C0,_objc_release,0x18C7C,-[CRPMultiBackupPresetListController presetForPresetIdentifier:]
CranePrefs,0x402CC,_objc_retain,0x18C7C,-[CRPMultiBackupPresetListController presetForPresetIdentifier:]
CranePrefs,0x402F0,_objc_retainAutoreleasedReturnValue,0x18C7C,-[CRPMultiBackupPresetListController presetForPresetIdentifier:]
CranePrefs,0x188B8,-[CRPMultiBackupPresetListController savePreferences],0x18E18,-[CRPMultiBackupPresetListController setPreset:forIdentifier:]
CranePrefs,0x3FE88,__Block_object_dispose,0x18E18,-[CRPMultiBackupPresetListController setPreset:forIdentifier:]
CranePrefs,0x40290,_objc_msgSend,0x18E18,-[CRPMultiBackupPresetListController setPreset:forIdentifier:]
CranePrefs,0x402C0,_objc_release,0x18E18,-[CRPMultiBackupPresetListController setPreset:forIdentifier:]
CranePrefs,0x402CC,_objc_retain,0x18E18,-[CRPMultiBackupPresetListController setPreset:forIdentifier:]
CranePrefs,0x3FE88,__Block_object_dispose,0x18F4C,sub_18F4C
CranePrefs,0x3FEA0,__Unwind_Resume,0x18F4C,sub_18F4C
CranePrefs,0x40290,_objc_msgSend,0x18F68,sub_18F68
CranePrefs,0x402C0,_objc_release,0x18F68,sub_18F68
CranePrefs,0x402F0,_objc_retainAutoreleasedReturnValue,0x18F68,sub_18F68
CranePrefs,0x402CC,_objc_retain,0x19030,sub_19030
CranePrefs,0x3FE88,__Block_object_dispose,0x19074,sub_19074
CranePrefs,0x402C0,_objc_release,0x19074,sub_19074
CranePrefs,0x40290,_objc_msgSend,0x190B0,-[CRPMultiBackupPresetListController newSpecifierForPreset:]
CranePrefs,0x402C0,_objc_release,0x190B0,-[CRPMultiBackupPresetListController newSpecifierForPreset:]
CranePrefs,0x402CC,_objc_retain,0x190B0,-[CRPMultiBackupPresetListController newSpecifierForPreset:]
CranePrefs,0x402F0,_objc_retainAutoreleasedReturnValue,0x190B0,-[CRPMultiBackupPresetListController newSpecifierForPreset:]
CranePrefs,0x187F4,-[CRPMultiBackupPresetListController loadPreferences],0x19230,-[CRPMultiBackupPresetListController specifiers]
CranePrefs,0x190B0,-[CRPMultiBackupPresetListController newSpecifierForPreset:],0x19230,-[CRPMultiBackupPresetListController specifiers]
CranePrefs,0x3D6CC,_localize,0x19230,-[CRPMultiBackupPresetListController specifiers]
CranePrefs,0x3FED0,___stack_chk_fail,0x19230,-[CRPMultiBackupPresetListController specifiers]
CranePrefs,0x4023C,_objc_enumerationMutation,0x19230,-[CRPMultiBackupPresetListController specifiers]
CranePrefs,0x40290,_objc_msgSend,0x19230,-[CRPMultiBackupPresetListController specifiers]
CranePrefs,0x402C0,_objc_release,0x19230,-[CRPMultiBackupPresetListController specifiers]
CranePrefs,0x402CC,_objc_retain,0x19230,-[CRPMultiBackupPresetListController specifiers]
CranePrefs,0x402F0,_objc_retainAutoreleasedReturnValue,0x19230,-[CRPMultiBackupPresetListController specifiers]
CranePrefs,0x3FED0,___stack_chk_fail,0x19638,-[CRPMultiBackupPresetListController getCurrentContainerSelection]
CranePrefs,0x4023C,_objc_enumerationMutation,0x19638,-[CRPMultiBackupPresetListController getCurrentContainerSelection]
CranePrefs,0x40290,_objc_msgSend,0x19638,-[CRPMultiBackupPresetListController getCurrentContainerSelection]
CranePrefs,0x402C0,_objc_release,0x19638,-[CRPMultiBackupPresetListController getCurrentContainerSelection]
CranePrefs,0x402F0,_objc_retainAutoreleasedReturnValue,0x19638,-[CRPMultiBackupPresetListController getCurrentContainerSelection]
CranePrefs,0x18A1C,-[CRPMultiBackupPresetListController selectedPresetIdentifier],0x1982C,-[CRPMultiBackupPresetListController saveSelectionIntoPresetButtonPressed]
CranePrefs,0x18C7C,-[CRPMultiBackupPresetListController presetForPresetIdentifier:],0x1982C,-[CRPMultiBackupPresetListController saveSelectionIntoPresetButtonPressed]
CranePrefs,0x18E18,-[CRPMultiBackupPresetListController setPreset:forIdentifier:],0x1982C,-[CRPMultiBackupPresetListController saveSelectionIntoPresetButtonPressed]
CranePrefs,0x19638,-[CRPMultiBackupPresetListController getCurrentContainerSelection],0x1982C,-[CRPMultiBackupPresetListController saveSelectionIntoPresetButtonPressed]
CranePrefs,0x3D6CC,_localize,0x1982C,-[CRPMultiBackupPresetListController saveSelectionIntoPresetButtonPressed]
CranePrefs,0x40290,_objc_msgSend,0x1982C,-[CRPMultiBackupPresetListController saveSelectionIntoPresetButtonPressed]
CranePrefs,0x402C0,_objc_release,0x1982C,-[CRPMultiBackupPresetListController saveSelectionIntoPresetButtonPressed]
CranePrefs,0x402CC,_objc_retain,0x1982C,-[CRPMultiBackupPresetListController saveSelectionIntoPresetButtonPressed]
CranePrefs,0x402F0,_objc_retainAutoreleasedReturnValue,0x1982C,-[CRPMultiBackupPresetListController saveSelectionIntoPresetButtonPressed]
CranePrefs,0x3D6CC,_localize,0x19B74,sub_19B74
CranePrefs,0x40290,_objc_msgSend,0x19B74,sub_19B74
CranePrefs,0x402C0,_objc_release,0x19B74,sub_19B74
CranePrefs,0x402CC,_objc_retain,0x19B74,sub_19B74
CranePrefs,0x402F0,_objc_retainAutoreleasedReturnValue,0x19B74,sub_19B74
CranePrefs,0x3FED0,___stack_chk_fail,0x19BD0,sub_19BD0
CranePrefs,0x40230,_objc_destroyWeak,0x19BD0,sub_19BD0
CranePrefs,0x40278,_objc_initWeak,0x19BD0,sub_19BD0
CranePrefs,0x40290,_objc_msgSend,0x19BD0,sub_19BD0
CranePrefs,0x402C0,_objc_release,0x19BD0,sub_19BD0
CranePrefs,0x402CC,_objc_retain,0x19BD0,sub_19BD0
CranePrefs,0x402F0,_objc_retainAutoreleasedReturnValue,0x19BD0,sub_19BD0
CranePrefs,0x3FEA0,__Unwind_Resume,0x19DF8,sub_19DF8
CranePrefs,0x40230,_objc_destroyWeak,0x19DF8,sub_19DF8
CranePrefs,0x18918,-[CRPMultiBackupPresetListController resetSelection],0x19E1C,-[CRPMultiBackupPresetListController tableView:didSelectRowAtIndexPath:]
CranePrefs,0x18A8C,-[CRPMultiBackupPresetListController setSelectedPresetIdentifier:],0x19E1C,-[CRPMultiBackupPresetListController tableView:didSelectRowAtIndexPath:]
CranePrefs,0x19E1C,-[CRPMultiBackupPresetListController tableView:didSelectRowAtIndexPath:],0x19E1C,-[CRPMultiBackupPresetListController tableView:didSelectRowAtIndexPath:]
CranePrefs,0x40290,_objc_msgSend,0x19E1C,-[CRPMultiBackupPresetListController tableView:didSelectRowAtIndexPath:]
CranePrefs,0x4029C,_objc_msgSendSuper2,0x19E1C,-[CRPMultiBackupPresetListController tableView:didSelectRowAtIndexPath:]
CranePrefs,0x402C0,_objc_release,0x19E1C,-[CRPMultiBackupPresetListController tableView:didSelectRowAtIndexPath:]
CranePrefs,0x402CC,_objc_retain,0x19E1C,-[CRPMultiBackupPresetListController tableView:didSelectRowAtIndexPath:]
CranePrefs,0x402F0,_objc_retainAutoreleasedReturnValue,0x19E1C,-[CRPMultiBackupPresetListController tableView:didSelectRowAtIndexPath:]
CranePrefs,0x40290,_objc_msgSend,0x19FD4,-[CRPMultiBackupPresetListController tableView:canMoveRowAtIndexPath:]
CranePrefs,0x40290,_objc_msgSend,0x19FFC,-[CRPMultiBackupPresetListController tableView:editingStyleForRowAtIndexPath:]
CranePrefs,0x40290,_objc_msgSend,0x1A024,-[CRPMultiBackupPresetListController tableView:canEditRowAtIndexPath:]
CranePrefs,0x40218,_objc_autoreleaseReturnValue,0x1A04C,-[CRPMultiBackupPresetListController tableView:targetIndexPathForMoveFromRowAtIndexPath:toProposedIndexPath:]
CranePrefs,0x40290,_objc_msgSend,0x1A04C,-[CRPMultiBackupPresetListController tableView:targetIndexPathForMoveFromRowAtIndexPath:toProposedIndexPath:]
CranePrefs,0x402C0,_objc_release,0x1A04C,-[CRPMultiBackupPresetListController tableView:targetIndexPathForMoveFromRowAtIndexPath:toProposedIndexPath:]
CranePrefs,0x402CC,_objc_retain,0x1A04C,-[CRPMultiBackupPresetListController tableView:targetIndexPathForMoveFromRowAtIndexPath:toProposedIndexPath:]
CranePrefs,0x188B8,-[CRPMultiBackupPresetListController savePreferences],0x1A0C0,-[CRPMultiBackupPresetListController tableView:moveRowAtIndexPath:toIndexPath:]
CranePrefs,0x40290,_objc_msgSend,0x1A0C0,-[CRPMultiBackupPresetListController tableView:moveRowAtIndexPath:toIndexPath:]
CranePrefs,0x402C0,_objc_release,0x1A0C0,-[CRPMultiBackupPresetListController tableView:moveRowAtIndexPath:toIndexPath:]
CranePrefs,0x402CC,_objc_retain,0x1A0C0,-[CRPMultiBackupPresetListController tableView:moveRowAtIndexPath:toIndexPath:]
CranePrefs,0x402F0,_objc_retainAutoreleasedReturnValue,0x1A0C0,-[CRPMultiBackupPresetListController tableView:moveRowAtIndexPath:toIndexPath:]
CranePrefs,0x18E18,-[CRPMultiBackupPresetListController setPreset:forIdentifier:],0x1A1C8,-[CRPMultiBackupPresetListController performDeletionActionForSpecifier:]
CranePrefs,0x40290,_objc_msgSend,0x1A1C8,-[CRPMultiBackupPresetListController performDeletionActionForSpecifier:]
CranePrefs,0x402C0,_objc_release,0x1A1C8,-[CRPMultiBackupPresetListController performDeletionActionForSpecifier:]
CranePrefs,0x402F0,_objc_retainAutoreleasedReturnValue,0x1A1C8,-[CRPMultiBackupPresetListController performDeletionActionForSpecifier:]
CranePrefs,0x1A224,-[CRPMultiBackupPresetListController viewWillDisappear:],0x1A224,-[CRPMultiBackupPresetListController viewWillDisappear:]
CranePrefs,0x40290,_objc_msgSend,0x1A224,-[CRPMultiBackupPresetListController viewWillDisappear:]
CranePrefs,0x4029C,_objc_msgSendSuper2,0x1A224,-[CRPMultiBackupPresetListController viewWillDisappear:]
CranePrefs,0x402C0,_objc_release,0x1A224,-[CRPMultiBackupPresetListController viewWillDisappear:]
CranePrefs,0x402CC,_objc_retain,0x1A224,-[CRPMultiBackupPresetListController viewWillDisappear:]
CranePrefs,0x402F0,_objc_retainAutoreleasedReturnValue,0x1A224,-[CRPMultiBackupPresetListController viewWillDisappear:]
CranePrefs,0x1A354,-[CRPNewBackupListController init],0x1A354,-[CRPNewBackupListController init]
CranePrefs,0x3D6CC,_localize,0x1A354,-[CRPNewBackupListController init]
CranePrefs,0x401D0,_objc_alloc,0x1A354,-[CRPNewBackupListController init]
CranePrefs,0x40290,_objc_msgSend,0x1A354,-[CRPNewBackupListController init]
CranePrefs,0x4029C,_objc_msgSendSuper2,0x1A354,-[CRPNewBackupListController init]
CranePrefs,0x402C0,_objc_release,0x1A354,-[CRPNewBackupListController init]
CranePrefs,0x402F0,_objc_retainAutoreleasedReturnValue,0x1A354,-[CRPNewBackupListController init]
CranePrefs,0x1A354,-[CRPNewBackupListController init],0x1A4E4,-[CRPNewBackupListController initWithContainer:]
CranePrefs,0x1A664,-[CRPNewBackupListController updateCreateButtonEnabled],0x1A4E4,-[CRPNewBackupListController initWithContainer:]
CranePrefs,0x1A938,-[CRPNewBackupListController refreshContainerName],0x1A4E4,-[CRPNewBackupListController initWithContainer:]
CranePrefs,0x1C9F8,-[CRPNewBackupListController setContainersToBackup:],0x1A4E4,-[CRPNewBackupListController initWithContainer:]
CranePrefs,0x3FED0,___stack_chk_fail,0x1A4E4,-[CRPNewBackupListController initWithContainer:]
CranePrefs,0x40290,_objc_msgSend,0x1A4E4,-[CRPNewBackupListController initWithContainer:]
CranePrefs,0x402C0,_objc_release,0x1A4E4,-[CRPNewBackupListController initWithContainer:]
CranePrefs,0x402CC,_objc_retain,0x1A4E4,-[CRPNewBackupListController initWithContainer:]
CranePrefs,0x402F0,_objc_retainAutoreleasedReturnValue,0x1A4E4,-[CRPNewBackupListController initWithContainer:]
CranePrefs,0x1A354,-[CRPNewBackupListController init],0x1A604,-[CRPNewBackupListController initForMultiContainerSelection]
CranePrefs,0x1A664,-[CRPNewBackupListController updateCreateButtonEnabled],0x1A604,-[CRPNewBackupListController initForMultiContainerSelection]
CranePrefs,0x40290,_objc_msgSend,0x1A604,-[CRPNewBackupListController initForMultiContainerSelection]
CranePrefs,0x1C9E8,-[CRPNewBackupListController containersToBackup],0x1A664,-[CRPNewBackupListController updateCreateButtonEnabled]
CranePrefs,0x40290,_objc_msgSend,0x1A664,-[CRPNewBackupListController updateCreateButtonEnabled]
CranePrefs,0x402C0,_objc_release,0x1A664,-[CRPNewBackupListController updateCreateButtonEnabled]
CranePrefs,0x402F0,_objc_retainAutoreleasedReturnValue,0x1A664,-[CRPNewBackupListController updateCreateButtonEnabled]
CranePrefs,0x1C9E8,-[CRPNewBackupListController containersToBackup],0x1A750,-[CRPNewBackupListController noSelection_containerIdentifier]
CranePrefs,0x40290,_objc_msgSend,0x1A750,-[CRPNewBackupListController noSelection_containerIdentifier]
CranePrefs,0x402C0,_objc_release,0x1A750,-[CRPNewBackupListController noSelection_containerIdentifier]
CranePrefs,0x402F0,_objc_retainAutoreleasedReturnValue,0x1A750,-[CRPNewBackupListController noSelection_containerIdentifier]
CranePrefs,0x1C9E8,-[CRPNewBackupListController containersToBackup],0x1A844,-[CRPNewBackupListController noSelection_applicationIdentifier]
CranePrefs,0x40290,_objc_msgSend,0x1A844,-[CRPNewBackupListController noSelection_applicationIdentifier]
CranePrefs,0x402C0,_objc_release,0x1A844,-[CRPNewBackupListController noSelection_applicationIdentifier]
CranePrefs,0x402F0,_objc_retainAutoreleasedReturnValue,0x1A844,-[CRPNewBackupListController noSelection_applicationIdentifier]
CranePrefs,0x1A750,-[CRPNewBackupListController noSelection_containerIdentifier],0x1A938,-[CRPNewBackupListController refreshContainerName]
CranePrefs,0x1A844,-[CRPNewBackupListController noSelection_applicationIdentifier],0x1A938,-[CRPNewBackupListController refreshContainerName]
CranePrefs,0x40290,_objc_msgSend,0x1A938,-[CRPNewBackupListController refreshContainerName]
CranePrefs,0x402C0,_objc_release,0x1A938,-[CRPNewBackupListController refreshContainerName]
CranePrefs,0x402F0,_objc_retainAutoreleasedReturnValue,0x1A938,-[CRPNewBackupListController refreshContainerName]
CranePrefs,0x1AA08,-[CRPNewBackupListController viewDidLoad],0x1AA08,-[CRPNewBackupListController viewDidLoad]
CranePrefs,0x401D0,_objc_alloc,0x1AA08,-[CRPNewBackupListController viewDidLoad]
CranePrefs,0x40290,_objc_msgSend,0x1AA08,-[CRPNewBackupListController viewDidLoad]
CranePrefs,0x4029C,_objc_msgSendSuper2,0x1AA08,-[CRPNewBackupListController viewDidLoad]
CranePrefs,0x402C0,_objc_release,0x1AA08,-[CRPNewBackupListController viewDidLoad]
CranePrefs,0x402F0,_objc_retainAutoreleasedReturnValue,0x1AA08,-[CRPNewBackupListController viewDidLoad]
CranePrefs,0x1BF7C,-[CRPNewBackupListController setEncryptBackup:specifier:],0x1AB08,-[CRPNewBackupListController setEncryptBackupAndReload:]
CranePrefs,0x40290,_objc_msgSend,0x1AB08,-[CRPNewBackupListController setEncryptBackupAndReload:]
CranePrefs,0x402C0,_objc_release,0x1AB08,-[CRPNewBackupListController setEncryptBackupAndReload:]
CranePrefs,0x402F0,_objc_retainAutoreleasedReturnValue,0x1AB08,-[CRPNewBackupListController setEncryptBackupAndReload:]
CranePrefs,0x1C068,-[CRPNewBackupListController setIncludeKeychain:specifier:],0x1AB88,-[CRPNewBackupListController setIncludeKeychainAndReload:]
CranePrefs,0x40290,_objc_msgSend,0x1AB88,-[CRPNewBackupListController setIncludeKeychainAndReload:]
CranePrefs,0x402C0,_objc_release,0x1AB88,-[CRPNewBackupListController setIncludeKeychainAndReload:]
CranePrefs,0x402F0,_objc_retainAutoreleasedReturnValue,0x1AB88,-[CRPNewBackupListController setIncludeKeychainAndReload:]
CranePrefs,0x3D6CC,_localize,0x1AC08,-[CRPNewBackupListController handleEncryptionWarning]
CranePrefs,0x40290,_objc_msgSend,0x1AC08,-[CRPNewBackupListController handleEncryptionWarning]
CranePrefs,0x402C0,_objc_release,0x1AC08,-[CRPNewBackupListController handleEncryptionWarning]
CranePrefs,0x402F0,_objc_retainAutoreleasedReturnValue,0x1AC08,-[CRPNewBackupListController handleEncryptionWarning]
CranePrefs,0x3FFC0,_dispatch_async,0x1ADF4,sub_1ADF4
CranePrefs,0x3D6CC,_localize,0x1AE64,-[CRPNewBackupListController showNoPasswordError]
CranePrefs,0x40290,_objc_msgSend,0x1AE64,-[CRPNewBackupListController showNoPasswordError]
CranePrefs,0x402C0,_objc_release,0x1AE64,-[CRPNewBackupListController showNoPasswordError]
CranePrefs,0x402F0,_objc_retainAutoreleasedReturnValue,0x1AE64,-[CRPNewBackupListController showNoPasswordError]
CranePrefs,0x3D6CC,_localize,0x1AF84,-[CRPNewBackupListController showPasswordConfirmationAlertIfNeededWithCompletionHandler:comingFromFailure:]
CranePrefs,0x40290,_objc_msgSend,0x1AF84,-[CRPNewBackupListController showPasswordConfirmationAlertIfNeededWithCompletionHandler:comingFromFailure:]
CranePrefs,0x402C0,_objc_release,0x1AF84,-[CRPNewBackupListController showPasswordConfirmationAlertIfNeededWithCompletionHandler:comingFromFailure:]
CranePrefs,0x402CC,_objc_retain,0x1AF84,-[CRPNewBackupListController showPasswordConfirmationAlertIfNeededWithCompletionHandler:comingFromFailure:]
CranePrefs,0x402F0,_objc_retainAutoreleasedReturnValue,0x1AF84,-[CRPNewBackupListController showPasswordConfirmationAlertIfNeededWithCompletionHandler:comingFromFailure:]
CranePrefs,0x3D6CC,_localize,0x1B1E8,sub_1B1E8
CranePrefs,0x40290,_objc_msgSend,0x1B1E8,sub_1B1E8
CranePrefs,0x402C0,_objc_release,0x1B1E8,sub_1B1E8
CranePrefs,0x402CC,_objc_retain,0x1B1E8,sub_1B1E8
CranePrefs,0x402F0,_objc_retainAutoreleasedReturnValue,0x1B1E8,sub_1B1E8
CranePrefs,0x40230,_objc_destroyWeak,0x1B258,sub_1B258
CranePrefs,0x40278,_objc_initWeak,0x1B258,sub_1B258
CranePrefs,0x40290,_objc_msgSend,0x1B258,sub_1B258
CranePrefs,0x402C0,_objc_release,0x1B258,sub_1B258
CranePrefs,0x402CC,_objc_retain,0x1B258,sub_1B258
CranePrefs,0x402F0,_objc_retainAutoreleasedReturnValue,0x1B258,sub_1B258
CranePrefs,0x3FEA0,__Unwind_Resume,0x1B374,sub_1B374
CranePrefs,0x40230,_objc_destroyWeak,0x1B374,sub_1B374
CranePrefs,0x402CC,_objc_retain,0x1B38C,sub_1B38C
CranePrefs,0x40290,_objc_msgSend,0x1B3C8,-[CRPNewBackupListController handleTap:]
CranePrefs,0x402F0,_objc_retainAutoreleasedReturnValue,0x1B3C8,-[CRPNewBackupListController handleTap:]
CranePrefs,0x1AF84,-[CRPNewBackupListController showPasswordConfirmationAlertIfNeededWithCompletionHandler:comingFromFailure:],0x1B420,-[CRPNewBackupListController createButtonPressed]
CranePrefs,0x40290,_objc_msgSend,0x1B420,-[CRPNewBackupListController createButtonPressed]
CranePrefs,0x402C0,_objc_release,0x1B420,-[CRPNewBackupListController createButtonPressed]
CranePrefs,0x402F0,_objc_retainAutoreleasedReturnValue,0x1B420,-[CRPNewBackupListController createButtonPressed]
CranePrefs,0x40290,_objc_msgSend,0x1B510,sub_1B510
CranePrefs,0x40290,_objc_msgSend,0x1B570,sub_1B570
CranePrefs,0x402F0,_objc_retainAutoreleasedReturnValue,0x1B570,sub_1B570
CranePrefs,0x1BAEC,-[CRPNewBackupListController updateBackupNameFooterAndReload:],0x1B5CC,-[CRPNewBackupListController setBackupName:specifier:]
CranePrefs,0x40290,_objc_msgSend,0x1B5CC,-[CRPNewBackupListController setBackupName:specifier:]
CranePrefs,0x402CC,_objc_retain,0x1B5CC,-[CRPNewBackupListController setBackupName:specifier:]
CranePrefs,0x40314,_objc_storeStrong,0x1B5CC,-[CRPNewBackupListController setBackupName:specifier:]
CranePrefs,0x1BAEC,-[CRPNewBackupListController updateBackupNameFooterAndReload:],0x1B624,-[CRPNewBackupListController setContainersToBackup:specifier:]
CranePrefs,0x1C9F8,-[CRPNewBackupListController setContainersToBackup:],0x1B624,-[CRPNewBackupListController setContainersToBackup:specifier:]
CranePrefs,0x40290,_objc_msgSend,0x1B624,-[CRPNewBackupListController setContainersToBackup:specifier:]
CranePrefs,0x402C0,_objc_release,0x1B624,-[CRPNewBackupListController setContainersToBackup:specifier:]
CranePrefs,0x402CC,_objc_retain,0x1B624,-[CRPNewBackupListController setContainersToBackup:specifier:]
CranePrefs,0x402F0,_objc_retainAutoreleasedReturnValue,0x1B624,-[CRPNewBackupListController setContainersToBackup:specifier:]
CranePrefs,0x1C9E8,-[CRPNewBackupListController containersToBackup],0x1B6BC,-[CRPNewBackupListController getContainersToBackup:]
CranePrefs,0x40290,_objc_msgSend,0x1B6BC,-[CRPNewBackupListController getContainersToBackup:]
CranePrefs,0x402C0,_objc_release,0x1B6BC,-[CRPNewBackupListController getContainersToBackup:]
CranePrefs,0x402F0,_objc_retainAutoreleasedReturnValue,0x1B6BC,-[CRPNewBackupListController getContainersToBackup:]
CranePrefs,0x1B624,-[CRPNewBackupListController setContainersToBackup:specifier:],0x1B710,-[CRPNewBackupListController setSelectedPresetIdentifier:specifier:]
CranePrefs,0x23358,-[CRPBackupContainer initWithBackupInfoDictionary:],0x1B710,-[CRPNewBackupListController setSelectedPresetIdentifier:specifier:]
CranePrefs,0x3FED0,___stack_chk_fail,0x1B710,-[CRPNewBackupListController setSelectedPresetIdentifier:specifier:]
CranePrefs,0x401D0,_objc_alloc,0x1B710,-[CRPNewBackupListController setSelectedPresetIdentifier:specifier:]
CranePrefs,0x4023C,_objc_enumerationMutation,0x1B710,-[CRPNewBackupListController setSelectedPresetIdentifier:specifier:]
CranePrefs,0x40290,_objc_msgSend,0x1B710,-[CRPNewBackupListController setSelectedPresetIdentifier:specifier:]
CranePrefs,0x402C0,_objc_release,0x1B710,-[CRPNewBackupListController setSelectedPresetIdentifier:specifier:]
CranePrefs,0x402CC,_objc_retain,0x1B710,-[CRPNewBackupListController setSelectedPresetIdentifier:specifier:]
CranePrefs,0x402F0,_objc_retainAutoreleasedReturnValue,0x1B710,-[CRPNewBackupListController setSelectedPresetIdentifier:specifier:]
CranePrefs,0x40314,_objc_storeStrong,0x1B710,-[CRPNewBackupListController setSelectedPresetIdentifier:specifier:]
CranePrefs,0x40290,_objc_msgSend,0x1BA94,-[CRPNewBackupListController reloadIncludedContainersSpecifier]
CranePrefs,0x402F0,_objc_retainAutoreleasedReturnValue,0x1BA94,-[CRPNewBackupListController reloadIncludedContainersSpecifier]
CranePrefs,0x1A844,-[CRPNewBackupListController noSelection_applicationIdentifier],0x1BAEC,-[CRPNewBackupListController updateBackupNameFooterAndReload:]
CranePrefs,0x1C9E8,-[CRPNewBackupListController containersToBackup],0x1BAEC,-[CRPNewBackupListController updateBackupNameFooterAndReload:]
CranePrefs,0x3D6CC,_localize,0x1BAEC,-[CRPNewBackupListController updateBackupNameFooterAndReload:]
CranePrefs,0x401D0,_objc_alloc,0x1BAEC,-[CRPNewBackupListController updateBackupNameFooterAndReload:]
CranePrefs,0x40290,_objc_msgSend,0x1BAEC,-[CRPNewBackupListController updateBackupNameFooterAndReload:]
CranePrefs,0x402C0,_objc_release,0x1BAEC,-[CRPNewBackupListController updateBackupNameFooterAndReload:]
CranePrefs,0x402F0,_objc_retainAutoreleasedReturnValue,0x1BAEC,-[CRPNewBackupListController updateBackupNameFooterAndReload:]
CranePrefs,0x40290,_objc_msgSend,0x1BF7C,-[CRPNewBackupListController setEncryptBackup:specifier:]
CranePrefs,0x402C0,_objc_release,0x1BF7C,-[CRPNewBackupListController setEncryptBackup:specifier:]
CranePrefs,0x402CC,_objc_retain,0x1BF7C,-[CRPNewBackupListController setEncryptBackup:specifier:]
CranePrefs,0x40290,_objc_msgSend,0x1C068,-[CRPNewBackupListController setIncludeKeychain:specifier:]
CranePrefs,0x402C0,_objc_release,0x1C068,-[CRPNewBackupListController setIncludeKeychain:specifier:]
CranePrefs,0x402CC,_objc_retain,0x1C068,-[CRPNewBackupListController setIncludeKeychain:specifier:]
CranePrefs,0x1BAEC,-[CRPNewBackupListController updateBackupNameFooterAndReload:],0x1C0C8,-[CRPNewBackupListController specifiers]
CranePrefs,0x3D6CC,_localize,0x1C0C8,-[CRPNewBackupListController specifiers]
CranePrefs,0x40290,_objc_msgSend,0x1C0C8,-[CRPNewBackupListController specifiers]
CranePrefs,0x402C0,_objc_release,0x1C0C8,-[CRPNewBackupListController specifiers]
CranePrefs,0x402F0,_objc_retainAutoreleasedReturnValue,0x1C0C8,-[CRPNewBackupListController specifiers]
CranePrefs,0x40314,_objc_storeStrong,0x1CA5C,-[CRPNewBackupListController .cxx_destruct]
CranePrefs,0x1CB8C,-[CRPNonBlueButtonTableCell layoutSubviews],0x1CB8C,-[CRPNonBlueButtonTableCell layoutSubviews]
CranePrefs,0x3FC58,sub_3FC58,0x1CB8C,-[CRPNonBlueButtonTableCell layoutSubviews]
CranePrefs,0x40290,_objc_msgSend,0x1CB8C,-[CRPNonBlueButtonTableCell layoutSubviews]
CranePrefs,0x4029C,_objc_msgSendSuper2,0x1CB8C,-[CRPNonBlueButtonTableCell layoutSubviews]
CranePrefs,0x402C0,_objc_release,0x1CB8C,-[CRPNonBlueButtonTableCell layoutSubviews]
CranePrefs,0x402F0,_objc_retainAutoreleasedReturnValue,0x1CB8C,-[CRPNonBlueButtonTableCell layoutSubviews]
CranePrefs,0x3FD60,sub_3FD60,0x1CD34,sub_1CD34
CranePrefs,0x7070,sub_7070,0x1CD3C,+[CRPPreferenceMigrator litePreferencesIfExist]
CranePrefs,0x3FED0,___stack_chk_fail,0x1CD3C,+[CRPPreferenceMigrator litePreferencesIfExist]
CranePrefs,0x401F4,_objc_autorelease,0x1CD3C,+[CRPPreferenceMigrator litePreferencesIfExist]
CranePrefs,0x40290,_objc_msgSend,0x1CD3C,+[CRPPreferenceMigrator litePreferencesIfExist]
CranePrefs,0x402C0,_objc_release,0x1CD3C,+[CRPPreferenceMigrator litePreferencesIfExist]
CranePrefs,0x402F0,_objc_retainAutoreleasedReturnValue,0x1CD3C,+[CRPPreferenceMigrator litePreferencesIfExist]
CranePrefs,0x3FED0,___stack_chk_fail,0x1CE34,+[CRPPreferenceMigrator migrateLitePreferencesToFullVersion]
CranePrefs,0x4023C,_objc_enumerationMutation,0x1CE34,+[CRPPreferenceMigrator migrateLitePreferencesToFullVersion]
CranePrefs,0x40290,_objc_msgSend,0x1CE34,+[CRPPreferenceMigrator migrateLitePreferencesToFullVersion]
CranePrefs,0x402C0,_objc_release,0x1CE34,+[CRPPreferenceMigrator migrateLitePreferencesToFullVersion]
CranePrefs,0x402CC,_objc_retain,0x1CE34,+[CRPPreferenceMigrator migrateLitePreferencesToFullVersion]
CranePrefs,0x402F0,_objc_retainAutoreleasedReturnValue,0x1CE34,+[CRPPreferenceMigrator migrateLitePreferencesToFullVersion]
CranePrefs,0x7070,sub_7070,0x1D1A4,+[CRPPreferenceMigrator removeLitePreferences]
CranePrefs,0x3FED0,___stack_chk_fail,0x1D1A4,+[CRPPreferenceMigrator removeLitePreferences]
CranePrefs,0x401F4,_objc_autorelease,0x1D1A4,+[CRPPreferenceMigrator removeLitePreferences]
CranePrefs,0x40290,_objc_msgSend,0x1D1A4,+[CRPPreferenceMigrator removeLitePreferences]
CranePrefs,0x402C0,_objc_release,0x1D1A4,+[CRPPreferenceMigrator removeLitePreferences]
CranePrefs,0x402F0,_objc_retainAutoreleasedReturnValue,0x1D1A4,+[CRPPreferenceMigrator removeLitePreferences]
CranePrefs,0x1D2B0,-[CRPPresetSelectionCell setValue:],0x1D2B0,-[CRPPresetSelectionCell setValue:]
CranePrefs,0x3FED0,___stack_chk_fail,0x1D2B0,-[CRPPresetSelectionCell setValue:]
CranePrefs,0x4023C,_objc_enumerationMutation,0x1D2B0,-[CRPPresetSelectionCell setValue:]
CranePrefs,0x40290,_objc_msgSend,0x1D2B0,-[CRPPresetSelectionCell setValue:]
CranePrefs,0x4029C,_objc_msgSendSuper2,0x1D2B0,-[CRPPresetSelectionCell setValue:]
CranePrefs,0x402C0,_objc_release,0x1D2B0,-[CRPPresetSelectionCell setValue:]
CranePrefs,0x402CC,_objc_retain,0x1D2B0,-[CRPPresetSelectionCell setValue:]
CranePrefs,0x402F0,_objc_retainAutoreleasedReturnValue,0x1D2B0,-[CRPPresetSelectionCell setValue:]
CranePrefs,0x3D6CC,_localize,0x1D578,-[CRPRestoreContainerMatchController initWithContainersInBackup:]
CranePrefs,0x3FC58,sub_3FC58,0x1D578,-[CRPRestoreContainerMatchController initWithContainersInBackup:]
CranePrefs,0x401D0,_objc_alloc,0x1D578,-[CRPRestoreContainerMatchController initWithContainersInBackup:]
CranePrefs,0x40290,_objc_msgSend,0x1D578,-[CRPRestoreContainerMatchController initWithContainersInBackup:]
CranePrefs,0x4029C,_objc_msgSendSuper2,0x1D578,-[CRPRestoreContainerMatchController initWithContainersInBackup:]
CranePrefs,0x402C0,_objc_release,0x1D578,-[CRPRestoreContainerMatchController initWithContainersInBackup:]
CranePrefs,0x402CC,_objc_retain,0x1D578,-[CRPRestoreContainerMatchController initWithContainersInBackup:]
CranePrefs,0x402F0,_objc_retainAutoreleasedReturnValue,0x1D578,-[CRPRestoreContainerMatchController initWithContainersInBackup:]
CranePrefs,0x40290,_objc_msgSend,0x1D888,sub_1D888
CranePrefs,0x402C0,_objc_release,0x1D888,sub_1D888
CranePrefs,0x402CC,_objc_retain,0x1D888,sub_1D888
CranePrefs,0x402F0,_objc_retainAutoreleasedReturnValue,0x1D888,sub_1D888
CranePrefs,0x1D950,-[CRPRestoreContainerMatchController viewDidLoad],0x1D950,-[CRPRestoreContainerMatchController viewDidLoad]
CranePrefs,0x401D0,_objc_alloc,0x1D950,-[CRPRestoreContainerMatchController viewDidLoad]
CranePrefs,0x40290,_objc_msgSend,0x1D950,-[CRPRestoreContainerMatchController viewDidLoad]
CranePrefs,0x4029C,_objc_msgSendSuper2,0x1D950,-[CRPRestoreContainerMatchController viewDidLoad]
CranePrefs,0x402C0,_objc_release,0x1D950,-[CRPRestoreContainerMatchController viewDidLoad]
CranePrefs,0x402F0,_objc_retainAutoreleasedReturnValue,0x1D950,-[CRPRestoreContainerMatchController viewDidLoad]
CranePrefs,0x40290,_objc_msgSend,0x1DA1C,-[CRPRestoreContainerMatchController tapGestureReceivedTap:]
CranePrefs,0x402F0,_objc_retainAutoreleasedReturnValue,0x1DA1C,-[CRPRestoreContainerMatchController tapGestureReceivedTap:]
CranePrefs,0x2354C,-[CRPBackupContainer initNonExistantContainerWithName:ofApplicationWithIdentifier:],0x1DA60,-[CRPRestoreContainerMatchController targetContainerMatchingBackupContainer:]
CranePrefs,0x3FE88,__Block_object_dispose,0x1DA60,-[CRPRestoreContainerMatchController targetContainerMatchingBackupContainer:]
CranePrefs,0x401D0,_objc_alloc,0x1DA60,-[CRPRestoreContainerMatchController targetContainerMatchingBackupContainer:]
CranePrefs,0x40290,_objc_msgSend,0x1DA60,-[CRPRestoreContainerMatchController targetContainerMatchingBackupContainer:]
CranePrefs,0x402C0,_objc_release,0x1DA60,-[CRPRestoreContainerMatchController targetContainerMatchingBackupContainer:]
CranePrefs,0x402CC,_objc_retain,0x1DA60,-[CRPRestoreContainerMatchController targetContainerMatchingBackupContainer:]
CranePrefs,0x402F0,_objc_retainAutoreleasedReturnValue,0x1DA60,-[CRPRestoreContainerMatchController targetContainerMatchingBackupContainer:]
CranePrefs,0x3FE88,__Block_object_dispose,0x1DCF0,sub_1DCF0
CranePrefs,0x3FEA0,__Unwind_Resume,0x1DCF0,sub_1DCF0
CranePrefs,0x232B4,-[CRPBackupContainer initWithContainerIdentifier:ofApplicationWithIdentifier:],0x1DD2C,sub_1DD2C
CranePrefs,0x401D0,_objc_alloc,0x1DD2C,sub_1DD2C
CranePrefs,0x40290,_objc_msgSend,0x1DD2C,sub_1DD2C
CranePrefs,0x402C0,_objc_release,0x1DD2C,sub_1DD2C
CranePrefs,0x402CC,_objc_retain,0x1DD2C,sub_1DD2C
CranePrefs,0x402F0,_objc_retainAutoreleasedReturnValue,0x1DD2C,sub_1DD2C
CranePrefs,0x402CC,_objc_retain,0x1DDE8,sub_1DDE8
CranePrefs,0x3FE88,__Block_object_dispose,0x1DE24,sub_1DE24
CranePrefs,0x402C0,_objc_release,0x1DE24,sub_1DE24
CranePrefs,0x232B4,-[CRPBackupContainer initWithContainerIdentifier:ofApplicationWithIdentifier:],0x1DE58,sub_1DE58
CranePrefs,0x401D0,_objc_alloc,0x1DE58,sub_1DE58
CranePrefs,0x40290,_objc_msgSend,0x1DE58,sub_1DE58
CranePrefs,0x402C0,_objc_release,0x1DE58,sub_1DE58
CranePrefs,0x402CC,_objc_retain,0x1DE58,sub_1DE58
CranePrefs,0x402F0,_objc_retainAutoreleasedReturnValue,0x1DE58,sub_1DE58
CranePrefs,0x40290,_objc_msgSend,0x1DF44,-[CRPRestoreContainerMatchController performInitialMatching]
CranePrefs,0x40290,_objc_msgSend,0x1DFAC,sub_1DFAC
CranePrefs,0x402C0,_objc_release,0x1DFAC,sub_1DFAC
CranePrefs,0x402CC,_objc_retain,0x1DFAC,sub_1DFAC
CranePrefs,0x402F0,_objc_retainAutoreleasedReturnValue,0x1DFAC,sub_1DFAC
CranePrefs,0x40290,_objc_msgSend,0x1E034,-[CRPRestoreContainerMatchController labelForContainer:]
CranePrefs,0x402C0,_objc_release,0x1E034,-[CRPRestoreContainerMatchController labelForContainer:]
CranePrefs,0x402CC,_objc_retain,0x1E034,-[CRPRestoreContainerMatchController labelForContainer:]
CranePrefs,0x402F0,_objc_retainAutoreleasedReturnValue,0x1E034,-[CRPRestoreContainerMatchController labelForContainer:]
CranePrefs,0x40290,_objc_msgSend,0x1E0EC,-[CRPRestoreContainerMatchController loadSpecifiersByContainer]
CranePrefs,0x402C0,_objc_release,0x1E0EC,-[CRPRestoreContainerMatchController loadSpecifiersByContainer]
CranePrefs,0x402CC,_objc_retain,0x1E0EC,-[CRPRestoreContainerMatchController loadSpecifiersByContainer]
CranePrefs,0x3D6CC,_localize,0x1E1BC,sub_1E1BC
CranePrefs,0x3FED0,___stack_chk_fail,0x1E1BC,sub_1E1BC
CranePrefs,0x40290,_objc_msgSend,0x1E1BC,sub_1E1BC
CranePrefs,0x402C0,_objc_release,0x1E1BC,sub_1E1BC
CranePrefs,0x402CC,_objc_retain,0x1E1BC,sub_1E1BC
CranePrefs,0x402F0,_objc_retainAutoreleasedReturnValue,0x1E1BC,sub_1E1BC
CranePrefs,0x40290,_objc_msgSend,0x1E5C4,-[CRPRestoreContainerMatchController specifierGroupForContainer:]
CranePrefs,0x402C0,_objc_release,0x1E5C4,-[CRPRestoreContainerMatchController specifierGroupForContainer:]
CranePrefs,0x402CC,_objc_retain,0x1E5C4,-[CRPRestoreContainerMatchController specifierGroupForContainer:]
CranePrefs,0x402F0,_objc_retainAutoreleasedReturnValue,0x1E5C4,-[CRPRestoreContainerMatchController specifierGroupForContainer:]
CranePrefs,0x40290,_objc_msgSend,0x1E7B0,-[CRPRestoreContainerMatchController updateGroupForContainer:animated:]
CranePrefs,0x402C0,_objc_release,0x1E7B0,-[CRPRestoreContainerMatchController updateGroupForContainer:animated:]
CranePrefs,0x402CC,_objc_retain,0x1E7B0,-[CRPRestoreContainerMatchController updateGroupForContainer:animated:]
CranePrefs,0x402F0,_objc_retainAutoreleasedReturnValue,0x1E7B0,-[CRPRestoreContainerMatchController updateGroupForContainer:animated:]
CranePrefs,0x40290,_objc_msgSend,0x1E99C,-[CRPRestoreContainerMatchController backupContainerForSpecifier:]
CranePrefs,0x402C0,_objc_release,0x1E99C,-[CRPRestoreContainerMatchController backupContainerForSpecifier:]
CranePrefs,0x402F0,_objc_retainAutoreleasedReturnValue,0x1E99C,-[CRPRestoreContainerMatchController backupContainerForSpecifier:]
CranePrefs,0x1DA60,-[CRPRestoreContainerMatchController targetContainerMatchingBackupContainer:],0x1E9F8,-[CRPRestoreContainerMatchController setShouldRestoreContainer:specifier:]
CranePrefs,0x1E7B0,-[CRPRestoreContainerMatchController updateGroupForContainer:animated:],0x1E9F8,-[CRPRestoreContainerMatchController setShouldRestoreContainer:specifier:]
CranePrefs,0x1E99C,-[CRPRestoreContainerMatchController backupContainerForSpecifier:],0x1E9F8,-[CRPRestoreContainerMatchController setShouldRestoreContainer:specifier:]
CranePrefs,0x40290,_objc_msgSend,0x1E9F8,-[CRPRestoreContainerMatchController setShouldRestoreContainer:specifier:]
CranePrefs,0x402C0,_objc_release,0x1E9F8,-[CRPRestoreContainerMatchController setShouldRestoreContainer:specifier:]
CranePrefs,0x402CC,_objc_retain,0x1E9F8,-[CRPRestoreContainerMatchController setShouldRestoreContainer:specifier:]
CranePrefs,0x402F0,_objc_retainAutoreleasedReturnValue,0x1E9F8,-[CRPRestoreContainerMatchController setShouldRestoreContainer:specifier:]
CranePrefs,0x1E99C,-[CRPRestoreContainerMatchController backupContainerForSpecifier:],0x1EB18,-[CRPRestoreContainerMatchController readShouldRestoreContainer:]
CranePrefs,0x40290,_objc_msgSend,0x1EB18,-[CRPRestoreContainerMatchController readShouldRestoreContainer:]
CranePrefs,0x402C0,_objc_release,0x1EB18,-[CRPRestoreContainerMatchController readShouldRestoreContainer:]
CranePrefs,0x402F0,_objc_retainAutoreleasedReturnValue,0x1EB18,-[CRPRestoreContainerMatchController readShouldRestoreContainer:]
CranePrefs,0x1E7B0,-[CRPRestoreContainerMatchController updateGroupForContainer:animated:],0x1EBBC,-[CRPRestoreContainerMatchController setTargetContainer:specifier:]
CranePrefs,0x1E99C,-[CRPRestoreContainerMatchController backupContainerForSpecifier:],0x1EBBC,-[CRPRestoreContainerMatchController setTargetContainer:specifier:]
CranePrefs,0x40290,_objc_msgSend,0x1EBBC,-[CRPRestoreContainerMatchController setTargetContainer:specifier:]
CranePrefs,0x402C0,_objc_release,0x1EBBC,-[CRPRestoreContainerMatchController setTargetContainer:specifier:]
CranePrefs,0x402CC,_objc_retain,0x1EBBC,-[CRPRestoreContainerMatchController setTargetContainer:specifier:]
CranePrefs,0x402F0,_objc_retainAutoreleasedReturnValue,0x1EBBC,-[CRPRestoreContainerMatchController setTargetContainer:specifier:]
CranePrefs,0x1E99C,-[CRPRestoreContainerMatchController backupContainerForSpecifier:],0x1EC54,-[CRPRestoreContainerMatchController readTargetContainer:]
CranePrefs,0x40290,_objc_msgSend,0x1EC54,-[CRPRestoreContainerMatchController readTargetContainer:]
CranePrefs,0x402C0,_objc_release,0x1EC54,-[CRPRestoreContainerMatchController readTargetContainer:]
CranePrefs,0x402F0,_objc_retainAutoreleasedReturnValue,0x1EC54,-[CRPRestoreContainerMatchController readTargetContainer:]
CranePrefs,0x1E99C,-[CRPRestoreContainerMatchController backupContainerForSpecifier:],0x1ECBC,-[CRPRestoreContainerMatchController setNewContainerName:specifier:]
CranePrefs,0x40290,_objc_msgSend,0x1ECBC,-[CRPRestoreContainerMatchController setNewContainerName:specifier:]
CranePrefs,0x402C0,_objc_release,0x1ECBC,-[CRPRestoreContainerMatchController setNewContainerName:specifier:]
CranePrefs,0x402CC,_objc_retain,0x1ECBC,-[CRPRestoreContainerMatchController setNewContainerName:specifier:]
CranePrefs,0x402F0,_objc_retainAutoreleasedReturnValue,0x1ECBC,-[CRPRestoreContainerMatchController setNewContainerName:specifier:]
CranePrefs,0x1E99C,-[CRPRestoreContainerMatchController backupContainerForSpecifier:],0x1ED5C,-[CRPRestoreContainerMatchController readNewContainerName:]
CranePrefs,0x40290,_objc_msgSend,0x1ED5C,-[CRPRestoreContainerMatchController readNewContainerName:]
CranePrefs,0x402C0,_objc_release,0x1ED5C,-[CRPRestoreContainerMatchController readNewContainerName:]
CranePrefs,0x402F0,_objc_retainAutoreleasedReturnValue,0x1ED5C,-[CRPRestoreContainerMatchController readNewContainerName:]
CranePrefs,0x1E99C,-[CRPRestoreContainerMatchController backupContainerForSpecifier:],0x1EDB0,-[CRPRestoreContainerMatchController getAvailableContainersForSpecifier:]
CranePrefs,0x2354C,-[CRPBackupContainer initNonExistantContainerWithName:ofApplicationWithIdentifier:],0x1EDB0,-[CRPRestoreContainerMatchController getAvailableContainersForSpecifier:]
CranePrefs,0x401D0,_objc_alloc,0x1EDB0,-[CRPRestoreContainerMatchController getAvailableContainersForSpecifier:]
CranePrefs,0x40290,_objc_msgSend,0x1EDB0,-[CRPRestoreContainerMatchController getAvailableContainersForSpecifier:]
CranePrefs,0x402C0,_objc_release,0x1EDB0,-[CRPRestoreContainerMatchController getAvailableContainersForSpecifier:]
CranePrefs,0x402CC,_objc_retain,0x1EDB0,-[CRPRestoreContainerMatchController getAvailableContainersForSpecifier:]
CranePrefs,0x402E4,_objc_retainAutoreleaseReturnValue,0x1EDB0,-[CRPRestoreContainerMatchController getAvailableContainersForSpecifier:]
CranePrefs,0x402F0,_objc_retainAutoreleasedReturnValue,0x1EDB0,-[CRPRestoreContainerMatchController getAvailableContainersForSpecifier:]
CranePrefs,0x232B4,-[CRPBackupContainer initWithContainerIdentifier:ofApplicationWithIdentifier:],0x1EFD0,sub_1EFD0
CranePrefs,0x401D0,_objc_alloc,0x1EFD0,sub_1EFD0
CranePrefs,0x40290,_objc_msgSend,0x1EFD0,sub_1EFD0
CranePrefs,0x402C0,_objc_release,0x1EFD0,sub_1EFD0
CranePrefs,0x402CC,_objc_retain,0x1EFD0,sub_1EFD0
CranePrefs,0x402F0,_objc_retainAutoreleasedReturnValue,0x1EFD0,sub_1EFD0
CranePrefs,0x1EDB0,-[CRPRestoreContainerMatchController getAvailableContainersForSpecifier:],0x1F080,-[CRPRestoreContainerMatchController getAvailableContainerTitlesForSpecifier:]
CranePrefs,0x3D6CC,_localize,0x1F080,-[CRPRestoreContainerMatchController getAvailableContainerTitlesForSpecifier:]
CranePrefs,0x3FED0,___stack_chk_fail,0x1F080,-[CRPRestoreContainerMatchController getAvailableContainerTitlesForSpecifier:]
CranePrefs,0x4023C,_objc_enumerationMutation,0x1F080,-[CRPRestoreContainerMatchController getAvailableContainerTitlesForSpecifier:]
CranePrefs,0x40290,_objc_msgSend,0x1F080,-[CRPRestoreContainerMatchController getAvailableContainerTitlesForSpecifier:]
CranePrefs,0x402C0,_objc_release,0x1F080,-[CRPRestoreContainerMatchController getAvailableContainerTitlesForSpecifier:]
CranePrefs,0x402CC,_objc_retain,0x1F080,-[CRPRestoreContainerMatchController getAvailableContainerTitlesForSpecifier:]
CranePrefs,0x402F0,_objc_retainAutoreleasedReturnValue,0x1F080,-[CRPRestoreContainerMatchController getAvailableContainerTitlesForSpecifier:]
CranePrefs,0x1DF44,-[CRPRestoreContainerMatchController performInitialMatching],0x1F254,-[CRPRestoreContainerMatchController specifiers]
CranePrefs,0x1E0EC,-[CRPRestoreContainerMatchController loadSpecifiersByContainer],0x1F254,-[CRPRestoreContainerMatchController specifiers]
CranePrefs,0x40290,_objc_msgSend,0x1F254,-[CRPRestoreContainerMatchController specifiers]
CranePrefs,0x402C0,_objc_release,0x1F254,-[CRPRestoreContainerMatchController specifiers]
CranePrefs,0x40290,_objc_msgSend,0x1F330,sub_1F330
CranePrefs,0x402F0,_objc_retainAutoreleasedReturnValue,0x1F330,sub_1F330
CranePrefs,0x40290,_objc_msgSend,0x1F398,-[CRPRestoreContainerMatchController cancelButtonPressed]
CranePrefs,0x40290,_objc_msgSend,0x1F418,-[CRPRestoreContainerMatchController continueButtonPressed]
CranePrefs,0x40290,_objc_msgSend,0x1F474,sub_1F474
CranePrefs,0x40314,_objc_storeStrong,0x1F508,-[CRPRestoreContainerMatchController .cxx_destruct]
CranePrefs,0x1F584,-[CRPRightAlignedEditableTableCell initWithStyle:reuseIdentifier:specifier:],0x1F584,-[CRPRightAlignedEditableTableCell initWithStyle:reuseIdentifier:specifier:]
CranePrefs,0x40290,_objc_msgSend,0x1F584,-[CRPRightAlignedEditableTableCell initWithStyle:reuseIdentifier:specifier:]
CranePrefs,0x4029C,_objc_msgSendSuper2,0x1F584,-[CRPRightAlignedEditableTableCell initWithStyle:reuseIdentifier:specifier:]
CranePrefs,0x402C0,_objc_release,0x1F584,-[CRPRightAlignedEditableTableCell initWithStyle:reuseIdentifier:specifier:]
CranePrefs,0x402CC,_objc_retain,0x1F584,-[CRPRightAlignedEditableTableCell initWithStyle:reuseIdentifier:specifier:]
CranePrefs,0x402F0,_objc_retainAutoreleasedReturnValue,0x1F584,-[CRPRightAlignedEditableTableCell initWithStyle:reuseIdentifier:specifier:]
CranePrefs,0x3FFC0,_dispatch_async,0x1F630,_clearTempPath
CranePrefs,0x3FFCC,_dispatch_get_global_queue,0x1F630,_clearTempPath
CranePrefs,0x402F0,_objc_retainAutoreleasedReturnValue,0x1F630,_clearTempPath
CranePrefs,0x7070,sub_7070,0x1F670,sub_1F670
CranePrefs,0x3FED0,___stack_chk_fail,0x1F670,sub_1F670
CranePrefs,0x401F4,_objc_autorelease,0x1F670,sub_1F670
CranePrefs,0x40290,_objc_msgSend,0x1F670,sub_1F670
CranePrefs,0x402C0,_objc_release,0x1F670,sub_1F670
CranePrefs,0x402F0,_objc_retainAutoreleasedReturnValue,0x1F670,sub_1F670
CranePrefs,0x3FFC0,_dispatch_async,0x1F8FC,_clearOldPath
CranePrefs,0x3FFCC,_dispatch_get_global_queue,0x1F8FC,_clearOldPath
CranePrefs,0x402F0,_objc_retainAutoreleasedReturnValue,0x1F8FC,_clearOldPath
CranePrefs,0x3FE64,_NSTemporaryDirectory,0x1F93C,sub_1F93C
CranePrefs,0x3FED0,___stack_chk_fail,0x1F93C,sub_1F93C
CranePrefs,0x4023C,_objc_enumerationMutation,0x1F93C,sub_1F93C
CranePrefs,0x40290,_objc_msgSend,0x1F93C,sub_1F93C
CranePrefs,0x402C0,_objc_release,0x1F93C,sub_1F93C
CranePrefs,0x402CC,_objc_retain,0x1F93C,sub_1F93C
CranePrefs,0x402F0,_objc_retainAutoreleasedReturnValue,0x1F93C,sub_1F93C
CranePrefs,0x7070,sub_7070,0x1FC04,_initLibraryPath
CranePrefs,0x3FED0,___stack_chk_fail,0x1FC04,_initLibraryPath
CranePrefs,0x401F4,_objc_autorelease,0x1FC04,_initLibraryPath
CranePrefs,0x40290,_objc_msgSend,0x1FC04,_initLibraryPath
CranePrefs,0x402C0,_objc_release,0x1FC04,_initLibraryPath
CranePrefs,0x402F0,_objc_retainAutoreleasedReturnValue,0x1FC04,_initLibraryPath
CranePrefs,0x16B38,+[CRPKeychainManager handleMigrationWithViewController:],0x1FDA4,-[CRPRootListController viewDidLoad]
CranePrefs,0x1F630,_clearTempPath,0x1FDA4,-[CRPRootListController viewDidLoad]
CranePrefs,0x1FDA4,-[CRPRootListController viewDidLoad],0x1FDA4,-[CRPRootListController viewDidLoad]
CranePrefs,0x2202C,_presentCommunicationWarningWhenNeeded,0x1FDA4,-[CRPRootListController viewDidLoad]
CranePrefs,0x25FE4,-[CRPBackupRestoreController initWithPresentationController:],0x1FDA4,-[CRPRootListController viewDidLoad]
CranePrefs,0x401D0,_objc_alloc,0x1FDA4,-[CRPRootListController viewDidLoad]
CranePrefs,0x40290,_objc_msgSend,0x1FDA4,-[CRPRootListController viewDidLoad]
CranePrefs,0x4029C,_objc_msgSendSuper2,0x1FDA4,-[CRPRootListController viewDidLoad]
CranePrefs,0x402C0,_objc_release,0x1FDA4,-[CRPRootListController viewDidLoad]
CranePrefs,0x1F630,_clearTempPath,0x1FE3C,-[CRPRootListController dealloc]
CranePrefs,0x1FE3C,-[CRPRootListController dealloc],0x1FE3C,-[CRPRootListController dealloc]
CranePrefs,0x4029C,_objc_msgSendSuper2,0x1FE3C,-[CRPRootListController dealloc]
CranePrefs,0x21818,+[CRPRootPageSuggestionProvider alertControllerForSpecifierIdentifier:],0x1FE80,-[CRPRootListController tableView:accessoryButtonTappedForRowWithIndexPath:]
CranePrefs,0x40290,_objc_msgSend,0x1FE80,-[CRPRootListController tableView:accessoryButtonTappedForRowWithIndexPath:]
CranePrefs,0x402C0,_objc_release,0x1FE80,-[CRPRootListController tableView:accessoryButtonTappedForRowWithIndexPath:]
CranePrefs,0x402F0,_objc_retainAutoreleasedReturnValue,0x1FE80,-[CRPRootListController tableView:accessoryButtonTappedForRowWithIndexPath:]
CranePrefs,0x16DA0,-[CRPListController localizeSpecifiers:],0x1FF44,-[CRPRootListController specifiers]
CranePrefs,0x20194,-[CRPRootListController handleLiteMigration],0x1FF44,-[CRPRootListController specifiers]
CranePrefs,0x20828,-[CRPRootListController removeDisabledGroups:],0x1FF44,-[CRPRootListController specifiers]
CranePrefs,0x40290,_objc_msgSend,0x1FF44,-[CRPRootListController specifiers]
CranePrefs,0x402C0,_objc_release,0x1FF44,-[CRPRootListController specifiers]
CranePrefs,0x402F0,_objc_retainAutoreleasedReturnValue,0x1FF44,-[CRPRootListController specifiers]
CranePrefs,0x21B40,+[CRPRootPageSuggestionProvider suggestionSpecifiers],0x2005C,sub_2005C
CranePrefs,0x40290,_objc_msgSend,0x2005C,sub_2005C
CranePrefs,0x402C0,_objc_release,0x2005C,sub_2005C
CranePrefs,0x402CC,_objc_retain,0x2005C,sub_2005C
CranePrefs,0x402F0,_objc_retainAutoreleasedReturnValue,0x2005C,sub_2005C
CranePrefs,0x1CD3C,+[CRPPreferenceMigrator litePreferencesIfExist],0x20194,-[CRPRootListController handleLiteMigration]
CranePrefs,0x3D6CC,_localize,0x20194,-[CRPRootListController handleLiteMigration]
CranePrefs,0x40290,_objc_msgSend,0x20194,-[CRPRootListController handleLiteMigration]
CranePrefs,0x402C0,_objc_release,0x20194,-[CRPRootListController handleLiteMigration]
CranePrefs,0x402CC,_objc_retain,0x20194,-[CRPRootListController handleLiteMigration]
CranePrefs,0x402F0,_objc_retainAutoreleasedReturnValue,0x20194,-[CRPRootListController handleLiteMigration]
CranePrefs,0x1CE34,+[CRPPreferenceMigrator migrateLitePreferencesToFullVersion],0x2054C,sub_2054C
CranePrefs,0x40290,_objc_msgSend,0x2054C,sub_2054C
CranePrefs,0x1D1A4,+[CRPPreferenceMigrator removeLitePreferences],0x20584,sub_20584
CranePrefs,0x3FED0,___stack_chk_fail,0x20584,sub_20584
CranePrefs,0x4023C,_objc_enumerationMutation,0x20584,sub_20584
CranePrefs,0x40290,_objc_msgSend,0x20584,sub_20584
CranePrefs,0x402C0,_objc_release,0x20584,sub_20584
CranePrefs,0x402CC,_objc_retain,0x20584,sub_20584
CranePrefs,0x402F0,_objc_retainAutoreleasedReturnValue,0x20584,sub_20584
CranePrefs,0x40290,_objc_msgSend,0x2074C,-[CRPRootListController readPreferenceValue:]
CranePrefs,0x402C0,_objc_release,0x2074C,-[CRPRootListController readPreferenceValue:]
CranePrefs,0x402CC,_objc_retain,0x2074C,-[CRPRootListController readPreferenceValue:]
CranePrefs,0x402F0,_objc_retainAutoreleasedReturnValue,0x2074C,-[CRPRootListController readPreferenceValue:]
CranePrefs,0x2074C,-[CRPRootListController readPreferenceValue:],0x20828,-[CRPRootListController removeDisabledGroups:]
CranePrefs,0x20828,-[CRPRootListController removeDisabledGroups:],0x20828,-[CRPRootListController removeDisabledGroups:]
CranePrefs,0x3FED0,___stack_chk_fail,0x20828,-[CRPRootListController removeDisabledGroups:]
CranePrefs,0x4023C,_objc_enumerationMutation,0x20828,-[CRPRootListController removeDisabledGroups:]
CranePrefs,0x40290,_objc_msgSend,0x20828,-[CRPRootListController removeDisabledGroups:]
CranePrefs,0x402C0,_objc_release,0x20828,-[CRPRootListController removeDisabledGroups:]
CranePrefs,0x402CC,_objc_retain,0x20828,-[CRPRootListController removeDisabledGroups:]
CranePrefs,0x402F0,_objc_retainAutoreleasedReturnValue,0x20828,-[CRPRootListController removeDisabledGroups:]
CranePrefs,0x20828,-[CRPRootListController removeDisabledGroups:],0x20BCC,-[CRPRootListController setPreferenceValue:specifier:]
CranePrefs,0x40290,_objc_msgSend,0x20BCC,-[CRPRootListController setPreferenceValue:specifier:]
CranePrefs,0x402C0,_objc_release,0x20BCC,-[CRPRootListController setPreferenceValue:specifier:]
CranePrefs,0x402CC,_objc_retain,0x20BCC,-[CRPRootListController setPreferenceValue:specifier:]
CranePrefs,0x402F0,_objc_retainAutoreleasedReturnValue,0x20BCC,-[CRPRootListController setPreferenceValue:specifier:]
CranePrefs,0x20BCC,-[CRPRootListController setPreferenceValue:specifier:],0x20DE8,-[CRPRootListController setNotificationsSupportEnabled:specifier:]
CranePrefs,0x2220C,_handleNotificationsSupportUpdate,0x20DE8,-[CRPRootListController setNotificationsSupportEnabled:specifier:]
CranePrefs,0x40290,_objc_msgSend,0x20DE8,-[CRPRootListController setNotificationsSupportEnabled:specifier:]
CranePrefs,0x402C0,_objc_release,0x20DE8,-[CRPRootListController setNotificationsSupportEnabled:specifier:]
CranePrefs,0x402CC,_objc_retain,0x20DE8,-[CRPRootListController setNotificationsSupportEnabled:specifier:]
CranePrefs,0x40290,_objc_msgSend,0x20E98,-[CRPRootListController didFinishBackupAtPath:]
CranePrefs,0x402C0,_objc_release,0x20E98,-[CRPRootListController didFinishBackupAtPath:]
CranePrefs,0x402F0,_objc_retainAutoreleasedReturnValue,0x20E98,-[CRPRootListController didFinishBackupAtPath:]
CranePrefs,0x3FE88,__Block_object_dispose,0x20EFC,-[CRPRootListController openShareMenuWithFile:]
CranePrefs,0x40290,_objc_msgSend,0x20EFC,-[CRPRootListController openShareMenuWithFile:]
CranePrefs,0x402C0,_objc_release,0x20EFC,-[CRPRootListController openShareMenuWithFile:]
CranePrefs,0x402CC,_objc_retain,0x20EFC,-[CRPRootListController openShareMenuWithFile:]
CranePrefs,0x402F0,_objc_retainAutoreleasedReturnValue,0x20EFC,-[CRPRootListController openShareMenuWithFile:]
CranePrefs,0x3FE88,__Block_object_dispose,0x210D4,sub_210D4
CranePrefs,0x3FEA0,__Unwind_Resume,0x210D4,sub_210D4
CranePrefs,0x40290,_objc_msgSend,0x2110C,sub_2110C
CranePrefs,0x402C0,_objc_release,0x2110C,sub_2110C
CranePrefs,0x402CC,_objc_retain,0x2110C,sub_2110C
CranePrefs,0x402F0,_objc_retainAutoreleasedReturnValue,0x2110C,sub_2110C
CranePrefs,0x40314,_objc_storeStrong,0x2110C,sub_2110C
CranePrefs,0x26D7C,-[CRPBackupRestoreController configureAndStartMultiRestoreWithCompletion:],0x211A8,-[CRPRootListController restoreMultiBackupTapped]
CranePrefs,0x40290,_objc_msgSend,0x211A8,-[CRPRootListController restoreMultiBackupTapped]
CranePrefs,0x3D6CC,_localize,0x21210,sub_21210
CranePrefs,0x40290,_objc_msgSend,0x21210,sub_21210
CranePrefs,0x402C0,_objc_release,0x21210,sub_21210
CranePrefs,0x402CC,_objc_retain,0x21210,sub_21210
CranePrefs,0x402F0,_objc_retainAutoreleasedReturnValue,0x21210,sub_21210
CranePrefs,0x40314,_objc_storeStrong,0x213E0,-[CRPRootListController .cxx_destruct]
CranePrefs,0x1FC04,_initLibraryPath,0x2145C,InitFunc_0
CranePrefs,0x7070,sub_7070,0x21470,+[CRPRootPageSuggestionProvider shouldShowChoicyLoaderSuggestion]
CranePrefs,0x3DE40,_getInjectionPlatform,0x21470,+[CRPRootPageSuggestionProvider shouldShowChoicyLoaderSuggestion]
CranePrefs,0x3FED0,___stack_chk_fail,0x21470,+[CRPRootPageSuggestionProvider shouldShowChoicyLoaderSuggestion]
CranePrefs,0x3FF84,_closedir,0x21470,+[CRPRootPageSuggestionProvider shouldShowChoicyLoaderSuggestion]
CranePrefs,0x401F4,_objc_autorelease,0x21470,+[CRPRootPageSuggestionProvider shouldShowChoicyLoaderSuggestion]
CranePrefs,0x40290,_objc_msgSend,0x21470,+[CRPRootPageSuggestionProvider shouldShowChoicyLoaderSuggestion]
CranePrefs,0x402C0,_objc_release,0x21470,+[CRPRootPageSuggestionProvider shouldShowChoicyLoaderSuggestion]
CranePrefs,0x402F0,_objc_retainAutoreleasedReturnValue,0x21470,+[CRPRootPageSuggestionProvider shouldShowChoicyLoaderSuggestion]
CranePrefs,0x40338,_opendir,0x21470,+[CRPRootPageSuggestionProvider shouldShowChoicyLoaderSuggestion]
CranePrefs,0x4035C,_readdir,0x21470,+[CRPRootPageSuggestionProvider shouldShowChoicyLoaderSuggestion]
CranePrefs,0x7070,sub_7070,0x216E0,+[CRPRootPageSuggestionProvider shouldShowActivatorInfoSuggestion]
CranePrefs,0x3FED0,___stack_chk_fail,0x216E0,+[CRPRootPageSuggestionProvider shouldShowActivatorInfoSuggestion]
CranePrefs,0x401F4,_objc_autorelease,0x216E0,+[CRPRootPageSuggestionProvider shouldShowActivatorInfoSuggestion]
CranePrefs,0x40290,_objc_msgSend,0x216E0,+[CRPRootPageSuggestionProvider shouldShowActivatorInfoSuggestion]
CranePrefs,0x402C0,_objc_release,0x216E0,+[CRPRootPageSuggestionProvider shouldShowActivatorInfoSuggestion]
CranePrefs,0x402F0,_objc_retainAutoreleasedReturnValue,0x216E0,+[CRPRootPageSuggestionProvider shouldShowActivatorInfoSuggestion]
CranePrefs,0x40290,_objc_msgSend,0x217BC,+[CRPRootPageSuggestionProvider shouldShowShortcutsInfoSuggestion]
CranePrefs,0x402C0,_objc_release,0x217BC,+[CRPRootPageSuggestionProvider shouldShowShortcutsInfoSuggestion]
CranePrefs,0x402F0,_objc_retainAutoreleasedReturnValue,0x217BC,+[CRPRootPageSuggestionProvider shouldShowShortcutsInfoSuggestion]
CranePrefs,0x3D6CC,_localize,0x21818,+[CRPRootPageSuggestionProvider alertControllerForSpecifierIdentifier:]
CranePrefs,0x40290,_objc_msgSend,0x21818,+[CRPRootPageSuggestionProvider alertControllerForSpecifierIdentifier:]
CranePrefs,0x402C0,_objc_release,0x21818,+[CRPRootPageSuggestionProvider alertControllerForSpecifierIdentifier:]
CranePrefs,0x402CC,_objc_retain,0x21818,+[CRPRootPageSuggestionProvider alertControllerForSpecifierIdentifier:]
CranePrefs,0x402F0,_objc_retainAutoreleasedReturnValue,0x21818,+[CRPRootPageSuggestionProvider alertControllerForSpecifierIdentifier:]
CranePrefs,0x40290,_objc_msgSend,0x21AC0,sub_21AC0
CranePrefs,0x402C0,_objc_release,0x21AC0,sub_21AC0
CranePrefs,0x402F0,_objc_retainAutoreleasedReturnValue,0x21AC0,sub_21AC0
CranePrefs,0x3D6CC,_localize,0x21B40,+[CRPRootPageSuggestionProvider suggestionSpecifiers]
CranePrefs,0x40290,_objc_msgSend,0x21B40,+[CRPRootPageSuggestionProvider suggestionSpecifiers]
CranePrefs,0x402C0,_objc_release,0x21B40,+[CRPRootPageSuggestionProvider suggestionSpecifiers]
CranePrefs,0x402F0,_objc_retainAutoreleasedReturnValue,0x21B40,+[CRPRootPageSuggestionProvider suggestionSpecifiers]
CranePrefs,0x40290,_objc_msgSend,0x21FA0,-[LSApplicationProxy crane_isSupported]
CranePrefs,0x402C0,_objc_release,0x21FA0,-[LSApplicationProxy crane_isSupported]
CranePrefs,0x402F0,_objc_retainAutoreleasedReturnValue,0x21FA0,-[LSApplicationProxy crane_isSupported]
CranePrefs,0x3D6CC,_localize,0x2202C,_presentCommunicationWarningWhenNeeded
CranePrefs,0x40290,_objc_msgSend,0x2202C,_presentCommunicationWarningWhenNeeded
CranePrefs,0x402C0,_objc_release,0x2202C,_presentCommunicationWarningWhenNeeded
CranePrefs,0x402CC,_objc_retain,0x2202C,_presentCommunicationWarningWhenNeeded
CranePrefs,0x402F0,_objc_retainAutoreleasedReturnValue,0x2202C,_presentCommunicationWarningWhenNeeded
CranePrefs,0x3FED0,___stack_chk_fail,0x2220C,_handleNotificationsSupportUpdate
CranePrefs,0x4023C,_objc_enumerationMutation,0x2220C,_handleNotificationsSupportUpdate
CranePrefs,0x40290,_objc_msgSend,0x2220C,_handleNotificationsSupportUpdate
CranePrefs,0x402C0,_objc_release,0x2220C,_handleNotificationsSupportUpdate
CranePrefs,0x402CC,_objc_retain,0x2220C,_handleNotificationsSupportUpdate
CranePrefs,0x402F0,_objc_retainAutoreleasedReturnValue,0x2220C,_handleNotificationsSupportUpdate
CranePrefs,0x401D0,_objc_alloc,0x22528,_initPreferencesXPCConnection
CranePrefs,0x40290,_objc_msgSend,0x22528,_initPreferencesXPCConnection
CranePrefs,0x402C0,_objc_release,0x22528,_initPreferencesXPCConnection
CranePrefs,0x402F0,_objc_retainAutoreleasedReturnValue,0x22528,_initPreferencesXPCConnection
CranePrefs,0x3FFD8,_dispatch_once,0x225C4,_cranehelperdPreferencesRemoteObjectProxy
CranePrefs,0x22528,_initPreferencesXPCConnection,0x22614,sub_22614
CranePrefs,0x3FE28,_CFNotificationCenterGetDarwinNotifyCenter,0x22614,sub_22614
CranePrefs,0x2EBE8,__fileIsSymbolicLink,0x22664,+[SSZipArchive unzipFile:fromArchiveAtPath:toDestination:preserveAttributes:password:error:]
CranePrefs,0x309D4,+[SSZipArchive _filenameStringWithCString:version_made_by:general_purpose_flag:size:],0x22664,+[SSZipArchive unzipFile:fromArchiveAtPath:toDestination:preserveAttributes:password:error:]
CranePrefs,0x316F8,_unzOpen,0x22664,+[SSZipArchive unzipFile:fromArchiveAtPath:toDestination:preserveAttributes:password:error:]
CranePrefs,0x31864,_unzClose,0x22664,+[SSZipArchive unzipFile:fromArchiveAtPath:toDestination:preserveAttributes:password:error:]
CranePrefs,0x31B50,_unzOpenCurrentFile,0x22664,+[SSZipArchive unzipFile:fromArchiveAtPath:toDestination:preserveAttributes:password:error:]
CranePrefs,0x31B64,_unzOpenCurrentFilePassword,0x22664,+[SSZipArchive unzipFile:fromArchiveAtPath:toDestination:preserveAttributes:password:error:]
CranePrefs,0x31B80,_unzReadCurrentFile,0x22664,+[SSZipArchive unzipFile:fromArchiveAtPath:toDestination:preserveAttributes:password:error:]
CranePrefs,0x31BCC,_unzCloseCurrentFile,0x22664,+[SSZipArchive unzipFile:fromArchiveAtPath:toDestination:preserveAttributes:password:error:]
CranePrefs,0x31BE0,_unzGetCurrentFileInfo,0x22664,+[SSZipArchive unzipFile:fromArchiveAtPath:toDestination:preserveAttributes:password:error:]
CranePrefs,0x31EDC,_unzGoToNextFile,0x22664,+[SSZipArchive unzipFile:fromArchiveAtPath:toDestination:preserveAttributes:password:error:]
CranePrefs,0x31F20,_unzLocateFile,0x22664,+[SSZipArchive unzipFile:fromArchiveAtPath:toDestination:preserveAttributes:password:error:]
CranePrefs,0x3FE58,_NSLog,0x22664,+[SSZipArchive unzipFile:fromArchiveAtPath:toDestination:preserveAttributes:password:error:]
CranePrefs,0x3FED0,___stack_chk_fail,0x22664,+[SSZipArchive unzipFile:fromArchiveAtPath:toDestination:preserveAttributes:password:error:]
CranePrefs,0x3FF30,_bzero,0x22664,+[SSZipArchive unzipFile:fromArchiveAtPath:toDestination:preserveAttributes:password:error:]
CranePrefs,0x4005C,_fclose,0x22664,+[SSZipArchive unzipFile:fromArchiveAtPath:toDestination:preserveAttributes:password:error:]
CranePrefs,0x40074,_ferror,0x22664,+[SSZipArchive unzipFile:fromArchiveAtPath:toDestination:preserveAttributes:password:error:]
CranePrefs,0x40080,_fopen,0x22664,+[SSZipArchive unzipFile:fromArchiveAtPath:toDestination:preserveAttributes:password:error:]
CranePrefs,0x400D4,_fwrite,0x22664,+[SSZipArchive unzipFile:fromArchiveAtPath:toDestination:preserveAttributes:password:error:]
CranePrefs,0x401D0,_objc_alloc,0x22664,+[SSZipArchive unzipFile:fromArchiveAtPath:toDestination:preserveAttributes:password:error:]
CranePrefs,0x40290,_objc_msgSend,0x22664,+[SSZipArchive unzipFile:fromArchiveAtPath:toDestination:preserveAttributes:password:error:]
CranePrefs,0x402C0,_objc_release,0x22664,+[SSZipArchive unzipFile:fromArchiveAtPath:toDestination:preserveAttributes:password:error:]
CranePrefs,0x402CC,_objc_retain,0x22664,+[SSZipArchive unzipFile:fromArchiveAtPath:toDestination:preserveAttributes:password:error:]
CranePrefs,0x402D8,_objc_retainAutorelease,0x22664,+[SSZipArchive unzipFile:fromArchiveAtPath:toDestination:preserveAttributes:password:error:]
CranePrefs,0x402F0,_objc_retainAutoreleasedReturnValue,0x22664,+[SSZipArchive unzipFile:fromArchiveAtPath:toDestination:preserveAttributes:password:error:]
CranePrefs,0x3FED0,___stack_chk_fail,0x2301C,+[CRPBackupContainer allWritableFileAttributes]
CranePrefs,0x40290,_objc_msgSend,0x2301C,+[CRPBackupContainer allWritableFileAttributes]
CranePrefs,0x40290,_objc_msgSend,0x23124,+[CRPBackupContainer attributeDictionaryWithNonWritableAttributesFilteredOut:]
CranePrefs,0x402C0,_objc_release,0x23124,+[CRPBackupContainer attributeDictionaryWithNonWritableAttributesFilteredOut:]
CranePrefs,0x402CC,_objc_retain,0x23124,+[CRPBackupContainer attributeDictionaryWithNonWritableAttributesFilteredOut:]
CranePrefs,0x402F0,_objc_retainAutoreleasedReturnValue,0x23124,+[CRPBackupContainer attributeDictionaryWithNonWritableAttributesFilteredOut:]
CranePrefs,0x40290,_objc_msgSend,0x23238,sub_23238
CranePrefs,0x402C0,_objc_release,0x23238,sub_23238
CranePrefs,0x402CC,_objc_retain,0x23238,sub_23238
CranePrefs,0x4029C,_objc_msgSendSuper2,0x232B4,-[CRPBackupContainer initWithContainerIdentifier:ofApplicationWithIdentifier:]
CranePrefs,0x402C0,_objc_release,0x232B4,-[CRPBackupContainer initWithContainerIdentifier:ofApplicationWithIdentifier:]
CranePrefs,0x402CC,_objc_retain,0x232B4,-[CRPBackupContainer initWithContainerIdentifier:ofApplicationWithIdentifier:]
CranePrefs,0x40314,_objc_storeStrong,0x232B4,-[CRPBackupContainer initWithContainerIdentifier:ofApplicationWithIdentifier:]
CranePrefs,0x40290,_objc_msgSend,0x23358,-[CRPBackupContainer initWithBackupInfoDictionary:]
CranePrefs,0x4029C,_objc_msgSendSuper2,0x23358,-[CRPBackupContainer initWithBackupInfoDictionary:]
CranePrefs,0x402C0,_objc_release,0x23358,-[CRPBackupContainer initWithBackupInfoDictionary:]
CranePrefs,0x402CC,_objc_retain,0x23358,-[CRPBackupContainer initWithBackupInfoDictionary:]
CranePrefs,0x402F0,_objc_retainAutoreleasedReturnValue,0x23358,-[CRPBackupContainer initWithBackupInfoDictionary:]
CranePrefs,0x40290,_objc_msgSend,0x2344C,-[CRPBackupContainer initWithBackupContainer:]
CranePrefs,0x4029C,_objc_msgSendSuper2,0x2344C,-[CRPBackupContainer initWithBackupContainer:]
CranePrefs,0x402C0,_objc_release,0x2344C,-[CRPBackupContainer initWithBackupContainer:]
CranePrefs,0x402CC,_objc_retain,0x2344C,-[CRPBackupContainer initWithBackupContainer:]
CranePrefs,0x402F0,_objc_retainAutoreleasedReturnValue,0x2344C,-[CRPBackupContainer initWithBackupContainer:]
CranePrefs,0x4029C,_objc_msgSendSuper2,0x2354C,-[CRPBackupContainer initNonExistantContainerWithName:ofApplicationWithIdentifier:]
CranePrefs,0x402C0,_objc_release,0x2354C,-[CRPBackupContainer initNonExistantContainerWithName:ofApplicationWithIdentifier:]
CranePrefs,0x402CC,_objc_retain,0x2354C,-[CRPBackupContainer initNonExistantContainerWithName:ofApplicationWithIdentifier:]
CranePrefs,0x40314,_objc_storeStrong,0x2354C,-[CRPBackupContainer initNonExistantContainerWithName:ofApplicationWithIdentifier:]
CranePrefs,0x23774,-[CRPBackupContainer containerName],0x235F0,-[CRPBackupContainer dictionaryRepresentation]
CranePrefs,0x40290,_objc_msgSend,0x235F0,-[CRPBackupContainer dictionaryRepresentation]
CranePrefs,0x402C0,_objc_release,0x235F0,-[CRPBackupContainer dictionaryRepresentation]
CranePrefs,0x402F0,_objc_retainAutoreleasedReturnValue,0x235F0,-[CRPBackupContainer dictionaryRepresentation]
CranePrefs,0x23BE0,-[CRPBackupContainer applicationID],0x236C8,-[CRPBackupContainer applicationName]
CranePrefs,0x40290,_objc_msgSend,0x236C8,-[CRPBackupContainer applicationName]
CranePrefs,0x402C0,_objc_release,0x236C8,-[CRPBackupContainer applicationName]
CranePrefs,0x402CC,_objc_retain,0x236C8,-[CRPBackupContainer applicationName]
CranePrefs,0x402F0,_objc_retainAutoreleasedReturnValue,0x236C8,-[CRPBackupContainer applicationName]
CranePrefs,0x23BE0,-[CRPBackupContainer applicationID],0x23774,-[CRPBackupContainer containerName]
CranePrefs,0x23BF4,-[CRPBackupContainer containerID],0x23774,-[CRPBackupContainer containerName]
CranePrefs,0x40290,_objc_msgSend,0x23774,-[CRPBackupContainer containerName]
CranePrefs,0x402C0,_objc_release,0x23774,-[CRPBackupContainer containerName]
CranePrefs,0x402CC,_objc_retain,0x23774,-[CRPBackupContainer containerName]
CranePrefs,0x402F0,_objc_retainAutoreleasedReturnValue,0x23774,-[CRPBackupContainer containerName]
CranePrefs,0x23BE0,-[CRPBackupContainer applicationID],0x23868,-[CRPBackupContainer existsOnDevice]
CranePrefs,0x23BF4,-[CRPBackupContainer containerID],0x23868,-[CRPBackupContainer existsOnDevice]
CranePrefs,0x40290,_objc_msgSend,0x23868,-[CRPBackupContainer existsOnDevice]
CranePrefs,0x402C0,_objc_release,0x23868,-[CRPBackupContainer existsOnDevice]
CranePrefs,0x402F0,_objc_retainAutoreleasedReturnValue,0x23868,-[CRPBackupContainer existsOnDevice]
CranePrefs,0x23868,-[CRPBackupContainer existsOnDevice],0x23950,-[CRPBackupContainer createIfNotExists]
CranePrefs,0x40290,_objc_msgSend,0x23950,-[CRPBackupContainer createIfNotExists]
CranePrefs,0x402C0,_objc_release,0x23950,-[CRPBackupContainer createIfNotExists]
CranePrefs,0x402F0,_objc_retainAutoreleasedReturnValue,0x23950,-[CRPBackupContainer createIfNotExists]
CranePrefs,0x40290,_objc_msgSend,0x239D4,-[CRPBackupContainer isApplicationInstalledOnDevice]
CranePrefs,0x402C0,_objc_release,0x239D4,-[CRPBackupContainer isApplicationInstalledOnDevice]
CranePrefs,0x402F0,_objc_retainAutoreleasedReturnValue,0x239D4,-[CRPBackupContainer isApplicationInstalledOnDevice]
CranePrefs,0x40290,_objc_msgSend,0x23A30,-[CRPBackupContainer reloadApplicationIfContainerActive]
CranePrefs,0x402F0,_objc_retainAutoreleasedReturnValue,0x23A30,-[CRPBackupContainer reloadApplicationIfContainerActive]
CranePrefs,0x23B20,-[CRPBackupContainer hash],0x23A80,-[CRPBackupContainer isEqual:]
CranePrefs,0x40290,_objc_msgSend,0x23A80,-[CRPBackupContainer isEqual:]
CranePrefs,0x402C0,_objc_release,0x23A80,-[CRPBackupContainer isEqual:]
CranePrefs,0x402CC,_objc_retain,0x23A80,-[CRPBackupContainer isEqual:]
CranePrefs,0x23B6C,-[CRPBackupContainer description],0x23B20,-[CRPBackupContainer hash]
CranePrefs,0x40290,_objc_msgSend,0x23B20,-[CRPBackupContainer hash]
CranePrefs,0x402C0,_objc_release,0x23B20,-[CRPBackupContainer hash]
CranePrefs,0x402F0,_objc_retainAutoreleasedReturnValue,0x23B20,-[CRPBackupContainer hash]
CranePrefs,0x40290,_objc_msgSend,0x23B6C,-[CRPBackupContainer description]
CranePrefs,0x401D0,_objc_alloc,0x23BAC,-[CRPBackupContainer copyWithZone:]
CranePrefs,0x40314,_objc_storeStrong,0x23C08,-[CRPBackupContainer .cxx_destruct]
CranePrefs,0x23C50,-[CRPBackupOperation init],0x23C50,-[CRPBackupOperation init]
CranePrefs,0x25DF4,-[CRPBackupOperation setCurrentSuboperationIndex:],0x23C50,-[CRPBackupOperation init]
CranePrefs,0x40290,_objc_msgSend,0x23C50,-[CRPBackupOperation init]
CranePrefs,0x4029C,_objc_msgSendSuper2,0x23C50,-[CRPBackupOperation init]
CranePrefs,0x23C50,-[CRPBackupOperation init],0x23CB8,-[CRPBackupOperation initWithTargetPath:]
CranePrefs,0x40290,_objc_msgSend,0x23CB8,-[CRPBackupOperation initWithTargetPath:]
CranePrefs,0x402C0,_objc_release,0x23CB8,-[CRPBackupOperation initWithTargetPath:]
CranePrefs,0x402CC,_objc_retain,0x23CB8,-[CRPBackupOperation initWithTargetPath:]
CranePrefs,0x40314,_objc_storeStrong,0x23CB8,-[CRPBackupOperation initWithTargetPath:]
CranePrefs,0x40290,_objc_msgSend,0x23D2C,-[CRPBackupOperation setContainersToBackup:]
CranePrefs,0x402F0,_objc_retainAutoreleasedReturnValue,0x23D2C,-[CRPBackupOperation setContainersToBackup:]
CranePrefs,0x25D7C,-[CRPBackupOperation handlerDelegate],0x23D78,-[CRPBackupOperation pauseBackupWithEvent:withParameters:]
CranePrefs,0x27B50,-[CRPBackupRestoreController operation:didPauseWithEvent:withParameters:completion:],0x23D78,-[CRPBackupOperation pauseBackupWithEvent:withParameters:]
CranePrefs,0x3FE88,__Block_object_dispose,0x23D78,-[CRPBackupOperation pauseBackupWithEvent:withParameters:]
CranePrefs,0x40008,_dispatch_semaphore_create,0x23D78,-[CRPBackupOperation pauseBackupWithEvent:withParameters:]
CranePrefs,0x40020,_dispatch_semaphore_wait,0x23D78,-[CRPBackupOperation pauseBackupWithEvent:withParameters:]
CranePrefs,0x40290,_objc_msgSend,0x23D78,-[CRPBackupOperation pauseBackupWithEvent:withParameters:]
CranePrefs,0x402C0,_objc_release,0x23D78,-[CRPBackupOperation pauseBackupWithEvent:withParameters:]
CranePrefs,0x402CC,_objc_retain,0x23D78,-[CRPBackupOperation pauseBackupWithEvent:withParameters:]
CranePrefs,0x402FC,_objc_retainBlock,0x23D78,-[CRPBackupOperation pauseBackupWithEvent:withParameters:]
CranePrefs,0x3FE88,__Block_object_dispose,0x23ED4,sub_23ED4
CranePrefs,0x3FEA0,__Unwind_Resume,0x23ED4,sub_23ED4
CranePrefs,0x40014,_dispatch_semaphore_signal,0x23F08,sub_23F08
CranePrefs,0x402CC,_objc_retain,0x23F08,sub_23F08
CranePrefs,0x40314,_objc_storeStrong,0x23F08,sub_23F08
CranePrefs,0x7070,sub_7070,0x23F60,-[CRPBackupOperation handleFreeSpaceCheck]
CranePrefs,0x25E80,-[CRPBackupOperation setError:],0x23F60,-[CRPBackupOperation handleFreeSpaceCheck]
CranePrefs,0x3D6CC,_localize,0x23F60,-[CRPBackupOperation handleFreeSpaceCheck]
CranePrefs,0x3FE88,__Block_object_dispose,0x23F60,-[CRPBackupOperation handleFreeSpaceCheck]
CranePrefs,0x3FED0,___stack_chk_fail,0x23F60,-[CRPBackupOperation handleFreeSpaceCheck]
CranePrefs,0x401F4,_objc_autorelease,0x23F60,-[CRPBackupOperation handleFreeSpaceCheck]
CranePrefs,0x40290,_objc_msgSend,0x23F60,-[CRPBackupOperation handleFreeSpaceCheck]
CranePrefs,0x402C0,_objc_release,0x23F60,-[CRPBackupOperation handleFreeSpaceCheck]
CranePrefs,0x402CC,_objc_retain,0x23F60,-[CRPBackupOperation handleFreeSpaceCheck]
CranePrefs,0x402F0,_objc_retainAutoreleasedReturnValue,0x23F60,-[CRPBackupOperation handleFreeSpaceCheck]
CranePrefs,0x3FE88,__Block_object_dispose,0x24288,sub_24288
CranePrefs,0x3FEA0,__Unwind_Resume,0x24288,sub_24288
CranePrefs,0x40008,_dispatch_semaphore_create,0x242B0,sub_242B0
CranePrefs,0x40020,_dispatch_semaphore_wait,0x242B0,sub_242B0
CranePrefs,0x40290,_objc_msgSend,0x242B0,sub_242B0
CranePrefs,0x402C0,_objc_release,0x242B0,sub_242B0
CranePrefs,0x402CC,_objc_retain,0x242B0,sub_242B0
CranePrefs,0x402F0,_objc_retainAutoreleasedReturnValue,0x242B0,sub_242B0
CranePrefs,0x25DC4,-[CRPBackupOperation totalSuboperationsCount],0x2440C,-[CRPBackupOperation prepareBackup]
CranePrefs,0x25DD4,-[CRPBackupOperation setTotalSuboperationsCount:],0x2440C,-[CRPBackupOperation prepareBackup]
CranePrefs,0x40290,_objc_msgSend,0x2440C,-[CRPBackupOperation prepareBackup]
CranePrefs,0x40290,_objc_msgSend,0x244C0,sub_244C0
CranePrefs,0x402C0,_objc_release,0x244C0,sub_244C0
CranePrefs,0x402CC,_objc_retain,0x244C0,sub_244C0
CranePrefs,0x402F0,_objc_retainAutoreleasedReturnValue,0x244C0,sub_244C0
CranePrefs,0x40290,_objc_msgSend,0x2462C,sub_2462C
CranePrefs,0x402C0,_objc_release,0x2462C,sub_2462C
CranePrefs,0x402CC,_objc_retain,0x2462C,sub_2462C
CranePrefs,0x402F0,_objc_retainAutoreleasedReturnValue,0x2462C,sub_2462C
CranePrefs,0x40290,_objc_msgSend,0x246F8,sub_246F8
CranePrefs,0x25E5C,-[CRPBackupOperation setProcessedIdentifier:],0x24774,-[CRPBackupOperation processBackupOfPath:withIdentifier:pathPrefix:collectAttributes:]
CranePrefs,0x40290,_objc_msgSend,0x24774,-[CRPBackupOperation processBackupOfPath:withIdentifier:pathPrefix:collectAttributes:]
CranePrefs,0x402C0,_objc_release,0x24774,-[CRPBackupOperation processBackupOfPath:withIdentifier:pathPrefix:collectAttributes:]
CranePrefs,0x402CC,_objc_retain,0x24774,-[CRPBackupOperation processBackupOfPath:withIdentifier:pathPrefix:collectAttributes:]
CranePrefs,0x402F0,_objc_retainAutoreleasedReturnValue,0x24774,-[CRPBackupOperation processBackupOfPath:withIdentifier:pathPrefix:collectAttributes:]
CranePrefs,0x23124,+[CRPBackupContainer attributeDictionaryWithNonWritableAttributesFilteredOut:],0x24948,sub_24948
CranePrefs,0x401D0,_objc_alloc,0x24948,sub_24948
CranePrefs,0x40290,_objc_msgSend,0x24948,sub_24948
CranePrefs,0x402C0,_objc_release,0x24948,sub_24948
CranePrefs,0x402CC,_objc_retain,0x24948,sub_24948
CranePrefs,0x402F0,_objc_retainAutoreleasedReturnValue,0x24948,sub_24948
CranePrefs,0x225C4,_cranehelperdPreferencesRemoteObjectProxy,0x24CF8,-[CRPBackupOperation processBackupOfContainer:]
CranePrefs,0x23F50,-[CRPBackupOperation pauseBackupWithEvent:],0x24CF8,-[CRPBackupOperation processBackupOfContainer:]
CranePrefs,0x25DE4,-[CRPBackupOperation currentSuboperationIndex],0x24CF8,-[CRPBackupOperation processBackupOfContainer:]
CranePrefs,0x25DF4,-[CRPBackupOperation setCurrentSuboperationIndex:],0x24CF8,-[CRPBackupOperation processBackupOfContainer:]
CranePrefs,0x25E14,-[CRPBackupOperation setProcessedFile:],0x24CF8,-[CRPBackupOperation processBackupOfContainer:]
CranePrefs,0x25E38,-[CRPBackupOperation setProcessedContainer:],0x24CF8,-[CRPBackupOperation processBackupOfContainer:]
CranePrefs,0x307C4,-[SSZipArchive writeData:filename:compressionLevel:password:AES:],0x24CF8,-[CRPBackupOperation processBackupOfContainer:]
CranePrefs,0x3FE88,__Block_object_dispose,0x24CF8,-[CRPBackupOperation processBackupOfContainer:]
CranePrefs,0x40290,_objc_msgSend,0x24CF8,-[CRPBackupOperation processBackupOfContainer:]
CranePrefs,0x402C0,_objc_release,0x24CF8,-[CRPBackupOperation processBackupOfContainer:]
CranePrefs,0x402CC,_objc_retain,0x24CF8,-[CRPBackupOperation processBackupOfContainer:]
CranePrefs,0x402F0,_objc_retainAutoreleasedReturnValue,0x24CF8,-[CRPBackupOperation processBackupOfContainer:]
CranePrefs,0x3FE88,__Block_object_dispose,0x256E4,sub_256E4
CranePrefs,0x3FEA0,__Unwind_Resume,0x256E4,sub_256E4
CranePrefs,0x40290,_objc_msgSend,0x25720,sub_25720
CranePrefs,0x402C0,_objc_release,0x25720,sub_25720
CranePrefs,0x402CC,_objc_retain,0x25720,sub_25720
CranePrefs,0x25DE4,-[CRPBackupOperation currentSuboperationIndex],0x257AC,-[CRPBackupOperation addMultiBackupInformation]
CranePrefs,0x25DF4,-[CRPBackupOperation setCurrentSuboperationIndex:],0x257AC,-[CRPBackupOperation addMultiBackupInformation]
CranePrefs,0x25E14,-[CRPBackupOperation setProcessedFile:],0x257AC,-[CRPBackupOperation addMultiBackupInformation]
CranePrefs,0x307C4,-[SSZipArchive writeData:filename:compressionLevel:password:AES:],0x257AC,-[CRPBackupOperation addMultiBackupInformation]
CranePrefs,0x40290,_objc_msgSend,0x257AC,-[CRPBackupOperation addMultiBackupInformation]
CranePrefs,0x402C0,_objc_release,0x257AC,-[CRPBackupOperation addMultiBackupInformation]
CranePrefs,0x402CC,_objc_retain,0x257AC,-[CRPBackupOperation addMultiBackupInformation]
CranePrefs,0x402F0,_objc_retainAutoreleasedReturnValue,0x257AC,-[CRPBackupOperation addMultiBackupInformation]
CranePrefs,0x40290,_objc_msgSend,0x25984,sub_25984
CranePrefs,0x402C0,_objc_release,0x25984,sub_25984
CranePrefs,0x402CC,_objc_retain,0x25984,sub_25984
CranePrefs,0x402F0,_objc_retainAutoreleasedReturnValue,0x25984,sub_25984
CranePrefs,0x40290,_objc_msgSend,0x25A18,-[CRPBackupOperation handleCancellation]
CranePrefs,0x402F0,_objc_retainAutoreleasedReturnValue,0x25A18,-[CRPBackupOperation handleCancellation]
CranePrefs,0x23F60,-[CRPBackupOperation handleFreeSpaceCheck],0x25A8C,-[CRPBackupOperation main]
CranePrefs,0x2440C,-[CRPBackupOperation prepareBackup],0x25A8C,-[CRPBackupOperation main]
CranePrefs,0x257AC,-[CRPBackupOperation addMultiBackupInformation],0x25A8C,-[CRPBackupOperation main]
CranePrefs,0x25A18,-[CRPBackupOperation handleCancellation],0x25A8C,-[CRPBackupOperation main]
CranePrefs,0x25DB0,-[CRPBackupOperation setStatus:],0x25A8C,-[CRPBackupOperation main]
CranePrefs,0x30008,-[SSZipArchive initWithPath:],0x25A8C,-[CRPBackupOperation main]
CranePrefs,0x30088,-[SSZipArchive open],0x25A8C,-[CRPBackupOperation main]
CranePrefs,0x3D6CC,_localize,0x25A8C,-[CRPBackupOperation main]
CranePrefs,0x401D0,_objc_alloc,0x25A8C,-[CRPBackupOperation main]
CranePrefs,0x40290,_objc_msgSend,0x25A8C,-[CRPBackupOperation main]
CranePrefs,0x402C0,_objc_release,0x25A8C,-[CRPBackupOperation main]
CranePrefs,0x402F0,_objc_retainAutoreleasedReturnValue,0x25A8C,-[CRPBackupOperation main]
CranePrefs,0x40290,_objc_msgSend,0x25C68,sub_25C68
CranePrefs,0x402CC,_objc_retain,0x25C68,sub_25C68
CranePrefs,0x40314,_objc_storeStrong,0x25E94,-[CRPBackupOperation .cxx_destruct]
CranePrefs,0x25F74,-[CRPBackupRestoreController init],0x25F74,-[CRPBackupRestoreController init]
CranePrefs,0x401D0,_objc_alloc,0x25F74,-[CRPBackupRestoreController init]
CranePrefs,0x40290,_objc_msgSend,0x25F74,-[CRPBackupRestoreController init]
CranePrefs,0x4029C,_objc_msgSendSuper2,0x25F74,-[CRPBackupRestoreController init]
CranePrefs,0x402C0,_objc_release,0x25F74,-[CRPBackupRestoreController init]
CranePrefs,0x25F74,-[CRPBackupRestoreController init],0x25FE4,-[CRPBackupRestoreController initWithPresentationController:]
CranePrefs,0x40290,_objc_msgSend,0x25FE4,-[CRPBackupRestoreController initWithPresentationController:]
CranePrefs,0x402C0,_objc_release,0x25FE4,-[CRPBackupRestoreController initWithPresentationController:]
CranePrefs,0x402CC,_objc_retain,0x25FE4,-[CRPBackupRestoreController initWithPresentationController:]
CranePrefs,0x40314,_objc_storeStrong,0x25FE4,-[CRPBackupRestoreController initWithPresentationController:]
CranePrefs,0x401D0,_objc_alloc,0x26048,-[CRPBackupRestoreController _configureAndStartBackupWithConfigurationListController:]
CranePrefs,0x40290,_objc_msgSend,0x26048,-[CRPBackupRestoreController _configureAndStartBackupWithConfigurationListController:]
CranePrefs,0x402C0,_objc_release,0x26048,-[CRPBackupRestoreController _configureAndStartBackupWithConfigurationListController:]
CranePrefs,0x402CC,_objc_retain,0x26048,-[CRPBackupRestoreController _configureAndStartBackupWithConfigurationListController:]
CranePrefs,0x1A4E4,-[CRPNewBackupListController initWithContainer:],0x260D8,-[CRPBackupRestoreController configureAndStartSingleBackupForContainer:]
CranePrefs,0x26048,-[CRPBackupRestoreController _configureAndStartBackupWithConfigurationListController:],0x260D8,-[CRPBackupRestoreController configureAndStartSingleBackupForContainer:]
CranePrefs,0x401D0,_objc_alloc,0x260D8,-[CRPBackupRestoreController configureAndStartSingleBackupForContainer:]
CranePrefs,0x40290,_objc_msgSend,0x260D8,-[CRPBackupRestoreController configureAndStartSingleBackupForContainer:]
CranePrefs,0x402C0,_objc_release,0x260D8,-[CRPBackupRestoreController configureAndStartSingleBackupForContainer:]
CranePrefs,0x402CC,_objc_retain,0x260D8,-[CRPBackupRestoreController configureAndStartSingleBackupForContainer:]
CranePrefs,0x1A604,-[CRPNewBackupListController initForMultiContainerSelection],0x2614C,-[CRPBackupRestoreController configureAndStartMultiBackup]
CranePrefs,0x26048,-[CRPBackupRestoreController _configureAndStartBackupWithConfigurationListController:],0x2614C,-[CRPBackupRestoreController configureAndStartMultiBackup]
CranePrefs,0x401D0,_objc_alloc,0x2614C,-[CRPBackupRestoreController configureAndStartMultiBackup]
CranePrefs,0x40290,_objc_msgSend,0x2614C,-[CRPBackupRestoreController configureAndStartMultiBackup]
CranePrefs,0x7070,sub_7070,0x2619C,-[CRPBackupRestoreController didFinishConfiguringBackupWithListController:]
CranePrefs,0x23CB8,-[CRPBackupOperation initWithTargetPath:],0x2619C,-[CRPBackupRestoreController didFinishConfiguringBackupWithListController:]
CranePrefs,0x23D2C,-[CRPBackupOperation setContainersToBackup:],0x2619C,-[CRPBackupRestoreController didFinishConfiguringBackupWithListController:]
CranePrefs,0x25D08,-[CRPBackupOperation setPasswordToUse:],0x2619C,-[CRPBackupRestoreController didFinishConfiguringBackupWithListController:]
CranePrefs,0x25D2C,-[CRPBackupOperation setShouldIncludeKeychain:],0x2619C,-[CRPBackupRestoreController didFinishConfiguringBackupWithListController:]
CranePrefs,0x25D6C,-[CRPBackupOperation setIsMultiContainerBackup:],0x2619C,-[CRPBackupRestoreController didFinishConfiguringBackupWithListController:]
CranePrefs,0x27660,-[CRPBackupRestoreController processOperation:completion:],0x2619C,-[CRPBackupRestoreController didFinishConfiguringBackupWithListController:]
CranePrefs,0x3FED0,___stack_chk_fail,0x2619C,-[CRPBackupRestoreController didFinishConfiguringBackupWithListController:]
CranePrefs,0x401D0,_objc_alloc,0x2619C,-[CRPBackupRestoreController didFinishConfiguringBackupWithListController:]
CranePrefs,0x401F4,_objc_autorelease,0x2619C,-[CRPBackupRestoreController didFinishConfiguringBackupWithListController:]
CranePrefs,0x40290,_objc_msgSend,0x2619C,-[CRPBackupRestoreController didFinishConfiguringBackupWithListController:]
CranePrefs,0x402C0,_objc_release,0x2619C,-[CRPBackupRestoreController didFinishConfiguringBackupWithListController:]
CranePrefs,0x402CC,_objc_retain,0x2619C,-[CRPBackupRestoreController didFinishConfiguringBackupWithListController:]
CranePrefs,0x402F0,_objc_retainAutoreleasedReturnValue,0x2619C,-[CRPBackupRestoreController didFinishConfiguringBackupWithListController:]
CranePrefs,0x3FED0,___stack_chk_fail,0x26468,-[CRPBackupRestoreController _openFilePickerForBackupWithExtension:completion:]
CranePrefs,0x401D0,_objc_alloc,0x26468,-[CRPBackupRestoreController _openFilePickerForBackupWithExtension:completion:]
CranePrefs,0x40290,_objc_msgSend,0x26468,-[CRPBackupRestoreController _openFilePickerForBackupWithExtension:completion:]
CranePrefs,0x402C0,_objc_release,0x26468,-[CRPBackupRestoreController _openFilePickerForBackupWithExtension:completion:]
CranePrefs,0x402CC,_objc_retain,0x26468,-[CRPBackupRestoreController _openFilePickerForBackupWithExtension:completion:]
CranePrefs,0x402F0,_objc_retainAutoreleasedReturnValue,0x26468,-[CRPBackupRestoreController _openFilePickerForBackupWithExtension:completion:]
CranePrefs,0x402FC,_objc_retainBlock,0x26468,-[CRPBackupRestoreController _openFilePickerForBackupWithExtension:completion:]
CranePrefs,0x3D6CC,_localize,0x26638,sub_26638
CranePrefs,0x40290,_objc_msgSend,0x26638,sub_26638
CranePrefs,0x402C0,_objc_release,0x26638,sub_26638
CranePrefs,0x402CC,_objc_retain,0x26638,sub_26638
CranePrefs,0x402F0,_objc_retainAutoreleasedReturnValue,0x26638,sub_26638
CranePrefs,0x3FE7C,__Block_object_assign,0x26A30,sub_26A30
CranePrefs,0x40290,_objc_msgSend,0x26A60,sub_26A60
CranePrefs,0x402F0,_objc_retainAutoreleasedReturnValue,0x26A60,sub_26A60
CranePrefs,0x3FE7C,__Block_object_assign,0x26AB4,sub_26AB4
CranePrefs,0x402CC,_objc_retain,0x26AB4,sub_26AB4
CranePrefs,0x40290,_objc_msgSend,0x26AF0,-[CRPBackupRestoreController documentPicker:didPickDocumentsAtURLs:]
CranePrefs,0x402F0,_objc_retainAutoreleasedReturnValue,0x26AF0,-[CRPBackupRestoreController documentPicker:didPickDocumentsAtURLs:]
CranePrefs,0x26468,-[CRPBackupRestoreController _openFilePickerForBackupWithExtension:completion:],0x26B3C,-[CRPBackupRestoreController configureAndStartSingleRestoreForContainer:completion:]
CranePrefs,0x40290,_objc_msgSend,0x26B3C,-[CRPBackupRestoreController configureAndStartSingleRestoreForContainer:completion:]
CranePrefs,0x402C0,_objc_release,0x26B3C,-[CRPBackupRestoreController configureAndStartSingleRestoreForContainer:completion:]
CranePrefs,0x402CC,_objc_retain,0x26B3C,-[CRPBackupRestoreController configureAndStartSingleRestoreForContainer:completion:]
CranePrefs,0x28D10,-[CRPRestoreOperation initWithBackupPath:],0x26C08,sub_26C08
CranePrefs,0x2C0F4,-[CRPRestoreOperation setSingle_targetContainer:],0x26C08,sub_26C08
CranePrefs,0x401D0,_objc_alloc,0x26C08,sub_26C08
CranePrefs,0x40290,_objc_msgSend,0x26C08,sub_26C08
CranePrefs,0x402C0,_objc_release,0x26C08,sub_26C08
CranePrefs,0x402CC,_objc_retain,0x26C08,sub_26C08
CranePrefs,0x402F0,_objc_retainAutoreleasedReturnValue,0x26C08,sub_26C08
CranePrefs,0x40290,_objc_msgSend,0x26D28,sub_26D28
CranePrefs,0x26468,-[CRPBackupRestoreController _openFilePickerForBackupWithExtension:completion:],0x26D7C,-[CRPBackupRestoreController configureAndStartMultiRestoreWithCompletion:]
CranePrefs,0x40290,_objc_msgSend,0x26D7C,-[CRPBackupRestoreController configureAndStartMultiRestoreWithCompletion:]
CranePrefs,0x402C0,_objc_release,0x26D7C,-[CRPBackupRestoreController configureAndStartMultiRestoreWithCompletion:]
CranePrefs,0x402CC,_objc_retain,0x26D7C,-[CRPBackupRestoreController configureAndStartMultiRestoreWithCompletion:]
CranePrefs,0x28D10,-[CRPRestoreOperation initWithBackupPath:],0x26E18,sub_26E18
CranePrefs,0x401D0,_objc_alloc,0x26E18,sub_26E18
CranePrefs,0x40290,_objc_msgSend,0x26E18,sub_26E18
CranePrefs,0x402C0,_objc_release,0x26E18,sub_26E18
CranePrefs,0x402CC,_objc_retain,0x26E18,sub_26E18
CranePrefs,0x402F0,_objc_retainAutoreleasedReturnValue,0x26E18,sub_26E18
CranePrefs,0x40290,_objc_msgSend,0x26F24,sub_26F24
CranePrefs,0x402CC,_objc_retain,0x26F78,sub_26F78
CranePrefs,0x3D6CC,_localize,0x26FAC,-[CRPBackupRestoreController showErrorForOperation:]
CranePrefs,0x40290,_objc_msgSend,0x26FAC,-[CRPBackupRestoreController showErrorForOperation:]
CranePrefs,0x402C0,_objc_release,0x26FAC,-[CRPBackupRestoreController showErrorForOperation:]
CranePrefs,0x402CC,_objc_retain,0x26FAC,-[CRPBackupRestoreController showErrorForOperation:]
CranePrefs,0x402F0,_objc_retainAutoreleasedReturnValue,0x26FAC,-[CRPBackupRestoreController showErrorForOperation:]
CranePrefs,0x40290,_objc_msgSend,0x27178,-[CRPBackupRestoreController presentProgressAlertWithCompletion:]
CranePrefs,0x402F0,_objc_retainAutoreleasedReturnValue,0x27178,-[CRPBackupRestoreController presentProgressAlertWithCompletion:]
CranePrefs,0x40290,_objc_msgSend,0x271FC,-[CRPBackupRestoreController dismissProgressAlertWithCompletion:]
CranePrefs,0x402C0,_objc_release,0x271FC,-[CRPBackupRestoreController dismissProgressAlertWithCompletion:]
CranePrefs,0x402CC,_objc_retain,0x271FC,-[CRPBackupRestoreController dismissProgressAlertWithCompletion:]
CranePrefs,0x40290,_objc_msgSend,0x2729C,sub_2729C
CranePrefs,0x402C0,_objc_release,0x2729C,sub_2729C
CranePrefs,0x402F0,_objc_retainAutoreleasedReturnValue,0x2729C,sub_2729C
CranePrefs,0x3FFC0,_dispatch_async,0x27308,-[CRPBackupRestoreController dismissProgressAlertAndPresentViewController:completion:]
CranePrefs,0x402C0,_objc_release,0x27308,-[CRPBackupRestoreController dismissProgressAlertAndPresentViewController:completion:]
CranePrefs,0x402CC,_objc_retain,0x27308,-[CRPBackupRestoreController dismissProgressAlertAndPresentViewController:completion:]
CranePrefs,0x40290,_objc_msgSend,0x273CC,sub_273CC
CranePrefs,0x402C0,_objc_release,0x273CC,sub_273CC
CranePrefs,0x402CC,_objc_retain,0x273CC,sub_273CC
CranePrefs,0x40290,_objc_msgSend,0x2747C,-[CRPBackupRestoreController observeValueForKeyPath:ofObject:change:context:]
CranePrefs,0x402C0,_objc_release,0x2747C,-[CRPBackupRestoreController observeValueForKeyPath:ofObject:change:context:]
CranePrefs,0x402CC,_objc_retain,0x2747C,-[CRPBackupRestoreController observeValueForKeyPath:ofObject:change:context:]
CranePrefs,0x402F0,_objc_retainAutoreleasedReturnValue,0x2747C,-[CRPBackupRestoreController observeValueForKeyPath:ofObject:change:context:]
CranePrefs,0xCFC4,-[CRPBackupRestoreProgressAlertController init],0x27660,-[CRPBackupRestoreController processOperation:completion:]
CranePrefs,0xD36C,-[CRPBackupRestoreProgressAlertController setShowsCancelButton:],0x27660,-[CRPBackupRestoreController processOperation:completion:]
CranePrefs,0xDE90,-[CRPBackupRestoreProgressAlertController setCancelHandler:],0x27660,-[CRPBackupRestoreController processOperation:completion:]
CranePrefs,0x27178,-[CRPBackupRestoreController presentProgressAlertWithCompletion:],0x27660,-[CRPBackupRestoreController processOperation:completion:]
CranePrefs,0x401D0,_objc_alloc,0x27660,-[CRPBackupRestoreController processOperation:completion:]
CranePrefs,0x40224,_objc_copyWeak,0x27660,-[CRPBackupRestoreController processOperation:completion:]
CranePrefs,0x40230,_objc_destroyWeak,0x27660,-[CRPBackupRestoreController processOperation:completion:]
CranePrefs,0x40278,_objc_initWeak,0x27660,-[CRPBackupRestoreController processOperation:completion:]
CranePrefs,0x40284,_objc_loadWeakRetained,0x27660,-[CRPBackupRestoreController processOperation:completion:]
CranePrefs,0x40290,_objc_msgSend,0x27660,-[CRPBackupRestoreController processOperation:completion:]
CranePrefs,0x402C0,_objc_release,0x27660,-[CRPBackupRestoreController processOperation:completion:]
CranePrefs,0x402CC,_objc_retain,0x27660,-[CRPBackupRestoreController processOperation:completion:]
CranePrefs,0x3FEA0,__Unwind_Resume,0x27904,sub_27904
CranePrefs,0x40230,_objc_destroyWeak,0x27904,sub_27904
CranePrefs,0x3FFC0,_dispatch_async,0x27934,sub_27934
CranePrefs,0x40284,_objc_loadWeakRetained,0x27934,sub_27934
CranePrefs,0x40290,_objc_msgSend,0x27934,sub_27934
CranePrefs,0x402C0,_objc_release,0x27934,sub_27934
CranePrefs,0x402CC,_objc_retain,0x27934,sub_27934
CranePrefs,0x40290,_objc_msgSend,0x27A0C,sub_27A0C
CranePrefs,0x402C0,_objc_release,0x27A0C,sub_27A0C
CranePrefs,0x402CC,_objc_retain,0x27A0C,sub_27A0C
CranePrefs,0x402C0,_objc_release,0x27A90,sub_27A90
CranePrefs,0x3FE7C,__Block_object_assign,0x27AE0,sub_27AE0
CranePrefs,0x402CC,_objc_retain,0x27AE0,sub_27AE0
CranePrefs,0x40230,_objc_destroyWeak,0x27B20,sub_27B20
CranePrefs,0x402C0,_objc_release,0x27B20,sub_27B20
CranePrefs,0x3FFC0,_dispatch_async,0x27B50,-[CRPBackupRestoreController operation:didPauseWithEvent:withParameters:completion:]
CranePrefs,0x402C0,_objc_release,0x27B50,-[CRPBackupRestoreController operation:didPauseWithEvent:withParameters:completion:]
CranePrefs,0x402CC,_objc_retain,0x27B50,-[CRPBackupRestoreController operation:didPauseWithEvent:withParameters:completion:]
CranePrefs,0x1D578,-[CRPRestoreContainerMatchController initWithContainersInBackup:],0x27C58,sub_27C58
CranePrefs,0x3D6CC,_localize,0x27C58,sub_27C58
CranePrefs,0x401D0,_objc_alloc,0x27C58,sub_27C58
CranePrefs,0x40290,_objc_msgSend,0x27C58,sub_27C58
CranePrefs,0x402C0,_objc_release,0x27C58,sub_27C58
CranePrefs,0x402CC,_objc_retain,0x27C58,sub_27C58
CranePrefs,0x402F0,_objc_retainAutoreleasedReturnValue,0x27C58,sub_27C58
CranePrefs,0x40290,_objc_msgSend,0x28674,sub_28674
CranePrefs,0x402C0,_objc_release,0x28674,sub_28674
CranePrefs,0x402CC,_objc_retain,0x28674,sub_28674
CranePrefs,0x40290,_objc_msgSend,0x286E8,sub_286E8
CranePrefs,0x402F0,_objc_retainAutoreleasedReturnValue,0x286E8,sub_286E8
CranePrefs,0x40290,_objc_msgSend,0x2873C,sub_2873C
CranePrefs,0x402F0,_objc_retainAutoreleasedReturnValue,0x2873C,sub_2873C
CranePrefs,0x3D6CC,_localize,0x28790,sub_28790
CranePrefs,0x40290,_objc_msgSend,0x28790,sub_28790
CranePrefs,0x402C0,_objc_release,0x28790,sub_28790
CranePrefs,0x402CC,_objc_retain,0x28790,sub_28790
CranePrefs,0x402F0,_objc_retainAutoreleasedReturnValue,0x28790,sub_28790
CranePrefs,0x40230,_objc_destroyWeak,0x28800,sub_28800
CranePrefs,0x40278,_objc_initWeak,0x28800,sub_28800
CranePrefs,0x40290,_objc_msgSend,0x28800,sub_28800
CranePrefs,0x402C0,_objc_release,0x28800,sub_28800
CranePrefs,0x402CC,_objc_retain,0x28800,sub_28800
CranePrefs,0x402F0,_objc_retainAutoreleasedReturnValue,0x28800,sub_28800
CranePrefs,0x3FEA0,__Unwind_Resume,0x28940,sub_28940
CranePrefs,0x40230,_objc_destroyWeak,0x28940,sub_28940
CranePrefs,0x40290,_objc_msgSend,0x28968,sub_28968
CranePrefs,0x40290,_objc_msgSend,0x289A0,sub_289A0
CranePrefs,0x402C0,_objc_release,0x289A0,sub_289A0
CranePrefs,0x402CC,_objc_retain,0x289A0,sub_289A0
CranePrefs,0x40290,_objc_msgSend,0x28A70,sub_28A70
CranePrefs,0x402C0,_objc_release,0x28A70,sub_28A70
CranePrefs,0x402CC,_objc_retain,0x28A70,sub_28A70
CranePrefs,0x40290,_objc_msgSend,0x28AE4,sub_28AE4
CranePrefs,0x402F0,_objc_retainAutoreleasedReturnValue,0x28AE4,sub_28AE4
CranePrefs,0x40290,_objc_msgSend,0x28B38,sub_28B38
CranePrefs,0x402F0,_objc_retainAutoreleasedReturnValue,0x28B38,sub_28B38
CranePrefs,0x3FE7C,__Block_object_assign,0x28B8C,sub_28B8C
CranePrefs,0x402CC,_objc_retain,0x28B8C,sub_28B8C
CranePrefs,0x40290,_objc_msgSend,0x28BD0,-[CRPBackupRestoreController operationDidFinish:]
CranePrefs,0x402CC,_objc_retain,0x28BD0,-[CRPBackupRestoreController operationDidFinish:]
CranePrefs,0x40314,_objc_storeStrong,0x28CB0,-[CRPBackupRestoreController .cxx_destruct]
CranePrefs,0x4029C,_objc_msgSendSuper2,0x28D10,-[CRPRestoreOperation initWithBackupPath:]
CranePrefs,0x402C0,_objc_release,0x28D10,-[CRPRestoreOperation initWithBackupPath:]
CranePrefs,0x402CC,_objc_retain,0x28D10,-[CRPRestoreOperation initWithBackupPath:]
CranePrefs,0x40314,_objc_storeStrong,0x28D10,-[CRPRestoreOperation initWithBackupPath:]
CranePrefs,0x40290,_objc_msgSend,0x28D90,-[CRPRestoreOperation isMultiContainerBackup]
CranePrefs,0x402C0,_objc_release,0x28D90,-[CRPRestoreOperation isMultiContainerBackup]
CranePrefs,0x402F0,_objc_retainAutoreleasedReturnValue,0x28D90,-[CRPRestoreOperation isMultiContainerBackup]
CranePrefs,0x27B50,-[CRPBackupRestoreController operation:didPauseWithEvent:withParameters:completion:],0x28DF8,-[CRPRestoreOperation pauseRestoreWithEvent:withParameters:]
CranePrefs,0x2C108,-[CRPRestoreOperation handlerDelegate],0x28DF8,-[CRPRestoreOperation pauseRestoreWithEvent:withParameters:]
CranePrefs,0x3FE88,__Block_object_dispose,0x28DF8,-[CRPRestoreOperation pauseRestoreWithEvent:withParameters:]
CranePrefs,0x40008,_dispatch_semaphore_create,0x28DF8,-[CRPRestoreOperation pauseRestoreWithEvent:withParameters:]
CranePrefs,0x40020,_dispatch_semaphore_wait,0x28DF8,-[CRPRestoreOperation pauseRestoreWithEvent:withParameters:]
CranePrefs,0x40290,_objc_msgSend,0x28DF8,-[CRPRestoreOperation pauseRestoreWithEvent:withParameters:]
CranePrefs,0x402C0,_objc_release,0x28DF8,-[CRPRestoreOperation pauseRestoreWithEvent:withParameters:]
CranePrefs,0x402CC,_objc_retain,0x28DF8,-[CRPRestoreOperation pauseRestoreWithEvent:withParameters:]
CranePrefs,0x402FC,_objc_retainBlock,0x28DF8,-[CRPRestoreOperation pauseRestoreWithEvent:withParameters:]
CranePrefs,0x3FE88,__Block_object_dispose,0x28F54,sub_28F54
CranePrefs,0x3FEA0,__Unwind_Resume,0x28F54,sub_28F54
CranePrefs,0x40014,_dispatch_semaphore_signal,0x28F88,sub_28F88
CranePrefs,0x402CC,_objc_retain,0x28F88,sub_28F88
CranePrefs,0x40314,_objc_storeStrong,0x28F88,sub_28F88
CranePrefs,0x7070,sub_7070,0x28FE0,-[CRPRestoreOperation handleFreeSpaceCheck]
CranePrefs,0x2C20C,-[CRPRestoreOperation setError:],0x28FE0,-[CRPRestoreOperation handleFreeSpaceCheck]
CranePrefs,0x3D6CC,_localize,0x28FE0,-[CRPRestoreOperation handleFreeSpaceCheck]
CranePrefs,0x3FED0,___stack_chk_fail,0x28FE0,-[CRPRestoreOperation handleFreeSpaceCheck]
CranePrefs,0x401F4,_objc_autorelease,0x28FE0,-[CRPRestoreOperation handleFreeSpaceCheck]
CranePrefs,0x40290,_objc_msgSend,0x28FE0,-[CRPRestoreOperation handleFreeSpaceCheck]
CranePrefs,0x402C0,_objc_release,0x28FE0,-[CRPRestoreOperation handleFreeSpaceCheck]
CranePrefs,0x402F0,_objc_retainAutoreleasedReturnValue,0x28FE0,-[CRPRestoreOperation handleFreeSpaceCheck]
CranePrefs,0x28DF8,-[CRPRestoreOperation pauseRestoreWithEvent:withParameters:],0x292EC,-[CRPRestoreOperation retrievePasswordIfNeeded]
CranePrefs,0x2C328,+[SSZipArchive isFilePasswordProtectedAtPath:],0x292EC,-[CRPRestoreOperation retrievePasswordIfNeeded]
CranePrefs,0x2C430,+[SSZipArchive isPasswordValidForArchiveAtPath:password:error:],0x292EC,-[CRPRestoreOperation retrievePasswordIfNeeded]
CranePrefs,0x40290,_objc_msgSend,0x292EC,-[CRPRestoreOperation retrievePasswordIfNeeded]
CranePrefs,0x402C0,_objc_release,0x292EC,-[CRPRestoreOperation retrievePasswordIfNeeded]
CranePrefs,0x402CC,_objc_retain,0x292EC,-[CRPRestoreOperation retrievePasswordIfNeeded]
CranePrefs,0x402F0,_objc_retainAutoreleasedReturnValue,0x292EC,-[CRPRestoreOperation retrievePasswordIfNeeded]
CranePrefs,0x40314,_objc_storeStrong,0x292EC,-[CRPRestoreOperation retrievePasswordIfNeeded]
CranePrefs,0x22664,+[SSZipArchive unzipFile:fromArchiveAtPath:toDestination:preserveAttributes:password:error:],0x29504,-[CRPRestoreOperation loadBackupInfo]
CranePrefs,0x23358,-[CRPBackupContainer initWithBackupInfoDictionary:],0x29504,-[CRPRestoreOperation loadBackupInfo]
CranePrefs,0x28D90,-[CRPRestoreOperation isMultiContainerBackup],0x29504,-[CRPRestoreOperation loadBackupInfo]
CranePrefs,0x2C20C,-[CRPRestoreOperation setError:],0x29504,-[CRPRestoreOperation loadBackupInfo]
CranePrefs,0x3D6CC,_localize,0x29504,-[CRPRestoreOperation loadBackupInfo]
CranePrefs,0x3FED0,___stack_chk_fail,0x29504,-[CRPRestoreOperation loadBackupInfo]
CranePrefs,0x401D0,_objc_alloc,0x29504,-[CRPRestoreOperation loadBackupInfo]
CranePrefs,0x40290,_objc_msgSend,0x29504,-[CRPRestoreOperation loadBackupInfo]
CranePrefs,0x402C0,_objc_release,0x29504,-[CRPRestoreOperation loadBackupInfo]
CranePrefs,0x402CC,_objc_retain,0x29504,-[CRPRestoreOperation loadBackupInfo]
CranePrefs,0x402F0,_objc_retainAutoreleasedReturnValue,0x29504,-[CRPRestoreOperation loadBackupInfo]
CranePrefs,0x23358,-[CRPBackupContainer initWithBackupInfoDictionary:],0x299A0,sub_299A0
CranePrefs,0x239D4,-[CRPBackupContainer isApplicationInstalledOnDevice],0x299A0,sub_299A0
CranePrefs,0x23BE0,-[CRPBackupContainer applicationID],0x299A0,sub_299A0
CranePrefs,0x401D0,_objc_alloc,0x299A0,sub_299A0
CranePrefs,0x40290,_objc_msgSend,0x299A0,sub_299A0
CranePrefs,0x402C0,_objc_release,0x299A0,sub_299A0
CranePrefs,0x402CC,_objc_retain,0x299A0,sub_299A0
CranePrefs,0x402F0,_objc_retainAutoreleasedReturnValue,0x299A0,sub_299A0
CranePrefs,0x28D90,-[CRPRestoreOperation isMultiContainerBackup],0x29A84,-[CRPRestoreOperation determineBackupsToRestore]
CranePrefs,0x28DF8,-[CRPRestoreOperation pauseRestoreWithEvent:withParameters:],0x29A84,-[CRPRestoreOperation determineBackupsToRestore]
CranePrefs,0x2C09C,-[CRPRestoreOperation containedBackups],0x29A84,-[CRPRestoreOperation determineBackupsToRestore]
CranePrefs,0x2C0C0,-[CRPRestoreOperation backupsToRestore],0x29A84,-[CRPRestoreOperation determineBackupsToRestore]
CranePrefs,0x2C0D0,-[CRPRestoreOperation setBackupsToRestore:],0x29A84,-[CRPRestoreOperation determineBackupsToRestore]
CranePrefs,0x2C0E4,-[CRPRestoreOperation single_targetContainer],0x29A84,-[CRPRestoreOperation determineBackupsToRestore]
CranePrefs,0x3FED0,___stack_chk_fail,0x29A84,-[CRPRestoreOperation determineBackupsToRestore]
CranePrefs,0x40290,_objc_msgSend,0x29A84,-[CRPRestoreOperation determineBackupsToRestore]
CranePrefs,0x402C0,_objc_release,0x29A84,-[CRPRestoreOperation determineBackupsToRestore]
CranePrefs,0x402F0,_objc_retainAutoreleasedReturnValue,0x29A84,-[CRPRestoreOperation determineBackupsToRestore]
CranePrefs,0x28D90,-[CRPRestoreOperation isMultiContainerBackup],0x29CAC,-[CRPRestoreOperation handleAppIdentifierCheck]
CranePrefs,0x2C0C0,-[CRPRestoreOperation backupsToRestore],0x29CAC,-[CRPRestoreOperation handleAppIdentifierCheck]
CranePrefs,0x2C20C,-[CRPRestoreOperation setError:],0x29CAC,-[CRPRestoreOperation handleAppIdentifierCheck]
CranePrefs,0x3D6CC,_localize,0x29CAC,-[CRPRestoreOperation handleAppIdentifierCheck]
CranePrefs,0x3FED0,___stack_chk_fail,0x29CAC,-[CRPRestoreOperation handleAppIdentifierCheck]
CranePrefs,0x40290,_objc_msgSend,0x29CAC,-[CRPRestoreOperation handleAppIdentifierCheck]
CranePrefs,0x402C0,_objc_release,0x29CAC,-[CRPRestoreOperation handleAppIdentifierCheck]
CranePrefs,0x402F0,_objc_retainAutoreleasedReturnValue,0x29CAC,-[CRPRestoreOperation handleAppIdentifierCheck]
CranePrefs,0x2CD5C,+[SSZipArchive unzipFileAtPath:toDestination:overwrite:password:progressHandler:completionHandler:],0x29F54,-[CRPRestoreOperation extractBackup]
CranePrefs,0x3FE88,__Block_object_dispose,0x29F54,-[CRPRestoreOperation extractBackup]
CranePrefs,0x40290,_objc_msgSend,0x29F54,-[CRPRestoreOperation extractBackup]
CranePrefs,0x3FE88,__Block_object_dispose,0x2A034,sub_2A034
CranePrefs,0x3FEA0,__Unwind_Resume,0x2A034,sub_2A034
CranePrefs,0x40290,_objc_msgSend,0x2A050,sub_2A050
CranePrefs,0x40290,_objc_msgSend,0x2A0D8,sub_2A0D8
CranePrefs,0x402C0,_objc_release,0x2A0D8,sub_2A0D8
CranePrefs,0x402CC,_objc_retain,0x2A0D8,sub_2A0D8
CranePrefs,0x402F0,_objc_retainAutoreleasedReturnValue,0x2A0D8,sub_2A0D8
CranePrefs,0x28D90,-[CRPRestoreOperation isMultiContainerBackup],0x2A17C,-[CRPRestoreOperation pathOfContainerInExtractedBackup:]
CranePrefs,0x40290,_objc_msgSend,0x2A17C,-[CRPRestoreOperation pathOfContainerInExtractedBackup:]
CranePrefs,0x402C0,_objc_release,0x2A17C,-[CRPRestoreOperation pathOfContainerInExtractedBackup:]
CranePrefs,0x402CC,_objc_retain,0x2A17C,-[CRPRestoreOperation pathOfContainerInExtractedBackup:]
CranePrefs,0x402F0,_objc_retainAutoreleasedReturnValue,0x2A17C,-[CRPRestoreOperation pathOfContainerInExtractedBackup:]
CranePrefs,0x28DF8,-[CRPRestoreOperation pauseRestoreWithEvent:withParameters:],0x2A298,-[CRPRestoreOperation handleGroupIdentifierCheckForBackupContainer:targetContainer:]
CranePrefs,0x2A17C,-[CRPRestoreOperation pathOfContainerInExtractedBackup:],0x2A298,-[CRPRestoreOperation handleGroupIdentifierCheckForBackupContainer:targetContainer:]
CranePrefs,0x2C20C,-[CRPRestoreOperation setError:],0x2A298,-[CRPRestoreOperation handleGroupIdentifierCheckForBackupContainer:targetContainer:]
CranePrefs,0x3D6CC,_localize,0x2A298,-[CRPRestoreOperation handleGroupIdentifierCheckForBackupContainer:targetContainer:]
CranePrefs,0x3FE88,__Block_object_dispose,0x2A298,-[CRPRestoreOperation handleGroupIdentifierCheckForBackupContainer:targetContainer:]
CranePrefs,0x3FED0,___stack_chk_fail,0x2A298,-[CRPRestoreOperation handleGroupIdentifierCheckForBackupContainer:targetContainer:]
CranePrefs,0x40290,_objc_msgSend,0x2A298,-[CRPRestoreOperation handleGroupIdentifierCheckForBackupContainer:targetContainer:]
CranePrefs,0x402C0,_objc_release,0x2A298,-[CRPRestoreOperation handleGroupIdentifierCheckForBackupContainer:targetContainer:]
CranePrefs,0x402CC,_objc_retain,0x2A298,-[CRPRestoreOperation handleGroupIdentifierCheckForBackupContainer:targetContainer:]
CranePrefs,0x402F0,_objc_retainAutoreleasedReturnValue,0x2A298,-[CRPRestoreOperation handleGroupIdentifierCheckForBackupContainer:targetContainer:]
CranePrefs,0x3FE88,__Block_object_dispose,0x2A7A8,sub_2A7A8
CranePrefs,0x3FEA0,__Unwind_Resume,0x2A7A8,sub_2A7A8
CranePrefs,0x40290,_objc_msgSend,0x2A7CC,sub_2A7CC
CranePrefs,0x402C0,_objc_release,0x2A7CC,sub_2A7CC
CranePrefs,0x402CC,_objc_retain,0x2A7CC,sub_2A7CC
CranePrefs,0x402F0,_objc_retainAutoreleasedReturnValue,0x2A7CC,sub_2A7CC
CranePrefs,0x2301C,+[CRPBackupContainer allWritableFileAttributes],0x2A848,-[CRPRestoreOperation restoreMetadataOfContainer:]
CranePrefs,0x2A17C,-[CRPRestoreOperation pathOfContainerInExtractedBackup:],0x2A848,-[CRPRestoreOperation restoreMetadataOfContainer:]
CranePrefs,0x3FED0,___stack_chk_fail,0x2A848,-[CRPRestoreOperation restoreMetadataOfContainer:]
CranePrefs,0x4023C,_objc_enumerationMutation,0x2A848,-[CRPRestoreOperation restoreMetadataOfContainer:]
CranePrefs,0x40290,_objc_msgSend,0x2A848,-[CRPRestoreOperation restoreMetadataOfContainer:]
CranePrefs,0x402C0,_objc_release,0x2A848,-[CRPRestoreOperation restoreMetadataOfContainer:]
CranePrefs,0x402CC,_objc_retain,0x2A848,-[CRPRestoreOperation restoreMetadataOfContainer:]
CranePrefs,0x402F0,_objc_retainAutoreleasedReturnValue,0x2A848,-[CRPRestoreOperation restoreMetadataOfContainer:]
CranePrefs,0x225C4,_cranehelperdPreferencesRemoteObjectProxy,0x2ADA0,-[CRPRestoreOperation restoreBackupContainer:intoContainer:]
CranePrefs,0x2A17C,-[CRPRestoreOperation pathOfContainerInExtractedBackup:],0x2ADA0,-[CRPRestoreOperation restoreBackupContainer:intoContainer:]
CranePrefs,0x40290,_objc_msgSend,0x2ADA0,-[CRPRestoreOperation restoreBackupContainer:intoContainer:]
CranePrefs,0x402C0,_objc_release,0x2ADA0,-[CRPRestoreOperation restoreBackupContainer:intoContainer:]
CranePrefs,0x402CC,_objc_retain,0x2ADA0,-[CRPRestoreOperation restoreBackupContainer:intoContainer:]
CranePrefs,0x402F0,_objc_retainAutoreleasedReturnValue,0x2ADA0,-[CRPRestoreOperation restoreBackupContainer:intoContainer:]
CranePrefs,0x40290,_objc_msgSend,0x2B228,sub_2B228
CranePrefs,0x402C0,_objc_release,0x2B228,sub_2B228
CranePrefs,0x402CC,_objc_retain,0x2B228,sub_2B228
CranePrefs,0x402F0,_objc_retainAutoreleasedReturnValue,0x2B228,sub_2B228
CranePrefs,0x2A17C,-[CRPRestoreOperation pathOfContainerInExtractedBackup:],0x2B31C,-[CRPRestoreOperation updatePathsOfContainer:withBackupContainer:]
CranePrefs,0x40290,_objc_msgSend,0x2B31C,-[CRPRestoreOperation updatePathsOfContainer:withBackupContainer:]
CranePrefs,0x402C0,_objc_release,0x2B31C,-[CRPRestoreOperation updatePathsOfContainer:withBackupContainer:]
CranePrefs,0x402CC,_objc_retain,0x2B31C,-[CRPRestoreOperation updatePathsOfContainer:withBackupContainer:]
CranePrefs,0x402F0,_objc_retainAutoreleasedReturnValue,0x2B31C,-[CRPRestoreOperation updatePathsOfContainer:withBackupContainer:]
CranePrefs,0x40290,_objc_msgSend,0x2B720,sub_2B720
CranePrefs,0x402C0,_objc_release,0x2B720,sub_2B720
CranePrefs,0x402CC,_objc_retain,0x2B720,sub_2B720
CranePrefs,0x402F0,_objc_retainAutoreleasedReturnValue,0x2B720,sub_2B720
CranePrefs,0x40290,_objc_msgSend,0x2B858,sub_2B858
CranePrefs,0x402C0,_objc_release,0x2B858,sub_2B858
CranePrefs,0x402CC,_objc_retain,0x2B858,sub_2B858
CranePrefs,0x402F0,_objc_retainAutoreleasedReturnValue,0x2B858,sub_2B858
CranePrefs,0x40290,_objc_msgSend,0x2B904,-[CRPRestoreOperation handleFinish]
CranePrefs,0x402C0,_objc_release,0x2B904,-[CRPRestoreOperation handleFinish]
CranePrefs,0x402F0,_objc_retainAutoreleasedReturnValue,0x2B904,-[CRPRestoreOperation handleFinish]
CranePrefs,0x7070,sub_7070,0x2B9B0,-[CRPRestoreOperation main]
CranePrefs,0x28D90,-[CRPRestoreOperation isMultiContainerBackup],0x2B9B0,-[CRPRestoreOperation main]
CranePrefs,0x28FE0,-[CRPRestoreOperation handleFreeSpaceCheck],0x2B9B0,-[CRPRestoreOperation main]
CranePrefs,0x292EC,-[CRPRestoreOperation retrievePasswordIfNeeded],0x2B9B0,-[CRPRestoreOperation main]
CranePrefs,0x29504,-[CRPRestoreOperation loadBackupInfo],0x2B9B0,-[CRPRestoreOperation main]
CranePrefs,0x29A84,-[CRPRestoreOperation determineBackupsToRestore],0x2B9B0,-[CRPRestoreOperation main]
CranePrefs,0x29CAC,-[CRPRestoreOperation handleAppIdentifierCheck],0x2B9B0,-[CRPRestoreOperation main]
CranePrefs,0x29F54,-[CRPRestoreOperation extractBackup],0x2B9B0,-[CRPRestoreOperation main]
CranePrefs,0x2B904,-[CRPRestoreOperation handleFinish],0x2B9B0,-[CRPRestoreOperation main]
CranePrefs,0x2C0C0,-[CRPRestoreOperation backupsToRestore],0x2B9B0,-[CRPRestoreOperation main]
CranePrefs,0x2C0E4,-[CRPRestoreOperation single_targetContainer],0x2B9B0,-[CRPRestoreOperation main]
CranePrefs,0x2C13C,-[CRPRestoreOperation setStatus:],0x2B9B0,-[CRPRestoreOperation main]
CranePrefs,0x2C160,-[CRPRestoreOperation setTotalSuboperationsCount:],0x2B9B0,-[CRPRestoreOperation main]
CranePrefs,0x2C180,-[CRPRestoreOperation setCurrentSuboperationIndex:],0x2B9B0,-[CRPRestoreOperation main]
CranePrefs,0x2C1A0,-[CRPRestoreOperation setProcessedFile:],0x2B9B0,-[CRPRestoreOperation main]
CranePrefs,0x2C1C4,-[CRPRestoreOperation setProcessedContainer:],0x2B9B0,-[CRPRestoreOperation main]
CranePrefs,0x2C1E8,-[CRPRestoreOperation setProcessedIdentifier:],0x2B9B0,-[CRPRestoreOperation main]
CranePrefs,0x2C20C,-[CRPRestoreOperation setError:],0x2B9B0,-[CRPRestoreOperation main]
CranePrefs,0x3D6CC,_localize,0x2B9B0,-[CRPRestoreOperation main]
CranePrefs,0x3FED0,___stack_chk_fail,0x2B9B0,-[CRPRestoreOperation main]
CranePrefs,0x401F4,_objc_autorelease,0x2B9B0,-[CRPRestoreOperation main]
CranePrefs,0x40290,_objc_msgSend,0x2B9B0,-[CRPRestoreOperation main]
CranePrefs,0x402C0,_objc_release,0x2B9B0,-[CRPRestoreOperation main]
CranePrefs,0x402F0,_objc_retainAutoreleasedReturnValue,0x2B9B0,-[CRPRestoreOperation main]
CranePrefs,0x40290,_objc_msgSend,0x2BF14,sub_2BF14
CranePrefs,0x402C0,_objc_release,0x2BF14,sub_2BF14
CranePrefs,0x402CC,_objc_retain,0x2BF14,sub_2BF14
CranePrefs,0x40290,_objc_msgSend,0x2BF9C,sub_2BF9C
CranePrefs,0x402C0,_objc_release,0x2BF9C,sub_2BF9C
CranePrefs,0x402CC,_objc_retain,0x2BF9C,sub_2BF9C
CranePrefs,0x40314,_objc_storeStrong,0x2C220,-[CRPRestoreOperation .cxx_destruct]
CranePrefs,0x316F8,_unzOpen,0x2C328,+[SSZipArchive isFilePasswordProtectedAtPath:]
CranePrefs,0x31864,_unzClose,0x2C328,+[SSZipArchive isFilePasswordProtectedAtPath:]
CranePrefs,0x31B50,_unzOpenCurrentFile,0x2C328,+[SSZipArchive isFilePasswordProtectedAtPath:]
CranePrefs,0x31B64,_unzOpenCurrentFilePassword,0x2C328,+[SSZipArchive isFilePasswordProtectedAtPath:]
CranePrefs,0x31BCC,_unzCloseCurrentFile,0x2C328,+[SSZipArchive isFilePasswordProtectedAtPath:]
CranePrefs,0x31BE0,_unzGetCurrentFileInfo,0x2C328,+[SSZipArchive isFilePasswordProtectedAtPath:]
CranePrefs,0x31EC4,_unzGoToFirstFile,0x2C328,+[SSZipArchive isFilePasswordProtectedAtPath:]
CranePrefs,0x31EDC,_unzGoToNextFile,0x2C328,+[SSZipArchive isFilePasswordProtectedAtPath:]
CranePrefs,0x40290,_objc_msgSend,0x2C328,+[SSZipArchive isFilePasswordProtectedAtPath:]
CranePrefs,0x402C0,_objc_release,0x2C328,+[SSZipArchive isFilePasswordProtectedAtPath:]
CranePrefs,0x402CC,_objc_retain,0x2C328,+[SSZipArchive isFilePasswordProtectedAtPath:]
CranePrefs,0x402D8,_objc_retainAutorelease,0x2C328,+[SSZipArchive isFilePasswordProtectedAtPath:]
CranePrefs,0x316F8,_unzOpen,0x2C430,+[SSZipArchive isPasswordValidForArchiveAtPath:password:error:]
CranePrefs,0x31864,_unzClose,0x2C430,+[SSZipArchive isPasswordValidForArchiveAtPath:password:error:]
CranePrefs,0x31B50,_unzOpenCurrentFile,0x2C430,+[SSZipArchive isPasswordValidForArchiveAtPath:password:error:]
CranePrefs,0x31B64,_unzOpenCurrentFilePassword,0x2C430,+[SSZipArchive isPasswordValidForArchiveAtPath:password:error:]
CranePrefs,0x31B80,_unzReadCurrentFile,0x2C430,+[SSZipArchive isPasswordValidForArchiveAtPath:password:error:]
CranePrefs,0x31BCC,_unzCloseCurrentFile,0x2C430,+[SSZipArchive isPasswordValidForArchiveAtPath:password:error:]
CranePrefs,0x31BE0,_unzGetCurrentFileInfo,0x2C430,+[SSZipArchive isPasswordValidForArchiveAtPath:password:error:]
CranePrefs,0x31EC4,_unzGoToFirstFile,0x2C430,+[SSZipArchive isPasswordValidForArchiveAtPath:password:error:]
CranePrefs,0x31EDC,_unzGoToNextFile,0x2C430,+[SSZipArchive isPasswordValidForArchiveAtPath:password:error:]
CranePrefs,0x3FED0,___stack_chk_fail,0x2C430,+[SSZipArchive isPasswordValidForArchiveAtPath:password:error:]
CranePrefs,0x401F4,_objc_autorelease,0x2C430,+[SSZipArchive isPasswordValidForArchiveAtPath:password:error:]
CranePrefs,0x40290,_objc_msgSend,0x2C430,+[SSZipArchive isPasswordValidForArchiveAtPath:password:error:]
CranePrefs,0x402C0,_objc_release,0x2C430,+[SSZipArchive isPasswordValidForArchiveAtPath:password:error:]
CranePrefs,0x402CC,_objc_retain,0x2C430,+[SSZipArchive isPasswordValidForArchiveAtPath:password:error:]
CranePrefs,0x402D8,_objc_retainAutorelease,0x2C430,+[SSZipArchive isPasswordValidForArchiveAtPath:password:error:]
CranePrefs,0x402F0,_objc_retainAutoreleasedReturnValue,0x2C430,+[SSZipArchive isPasswordValidForArchiveAtPath:password:error:]
CranePrefs,0x316F8,_unzOpen,0x2C828,+[SSZipArchive payloadSizeForArchiveAtPath:error:]
CranePrefs,0x31864,_unzClose,0x2C828,+[SSZipArchive payloadSizeForArchiveAtPath:error:]
CranePrefs,0x31B50,_unzOpenCurrentFile,0x2C828,+[SSZipArchive payloadSizeForArchiveAtPath:error:]
CranePrefs,0x31BCC,_unzCloseCurrentFile,0x2C828,+[SSZipArchive payloadSizeForArchiveAtPath:error:]
CranePrefs,0x31BE0,_unzGetCurrentFileInfo,0x2C828,+[SSZipArchive payloadSizeForArchiveAtPath:error:]
CranePrefs,0x31EC4,_unzGoToFirstFile,0x2C828,+[SSZipArchive payloadSizeForArchiveAtPath:error:]
CranePrefs,0x31EDC,_unzGoToNextFile,0x2C828,+[SSZipArchive payloadSizeForArchiveAtPath:error:]
CranePrefs,0x3FED0,___stack_chk_fail,0x2C828,+[SSZipArchive payloadSizeForArchiveAtPath:error:]
CranePrefs,0x401F4,_objc_autorelease,0x2C828,+[SSZipArchive payloadSizeForArchiveAtPath:error:]
CranePrefs,0x40290,_objc_msgSend,0x2C828,+[SSZipArchive payloadSizeForArchiveAtPath:error:]
CranePrefs,0x402C0,_objc_release,0x2C828,+[SSZipArchive payloadSizeForArchiveAtPath:error:]
CranePrefs,0x402CC,_objc_retain,0x2C828,+[SSZipArchive payloadSizeForArchiveAtPath:error:]
CranePrefs,0x402D8,_objc_retainAutorelease,0x2C828,+[SSZipArchive payloadSizeForArchiveAtPath:error:]
CranePrefs,0x402F0,_objc_retainAutoreleasedReturnValue,0x2C828,+[SSZipArchive payloadSizeForArchiveAtPath:error:]
CranePrefs,0x40290,_objc_msgSend,0x2CB00,+[SSZipArchive unzipFileAtPath:toDestination:]
CranePrefs,0x402C0,_objc_release,0x2CB00,+[SSZipArchive unzipFileAtPath:toDestination:]
CranePrefs,0x402CC,_objc_retain,0x2CB00,+[SSZipArchive unzipFileAtPath:toDestination:]
CranePrefs,0x40290,_objc_msgSend,0x2CB60,+[SSZipArchive unzipFileAtPath:toDestination:overwrite:password:error:]
CranePrefs,0x402C0,_objc_release,0x2CB60,+[SSZipArchive unzipFileAtPath:toDestination:overwrite:password:error:]
CranePrefs,0x402CC,_objc_retain,0x2CB60,+[SSZipArchive unzipFileAtPath:toDestination:overwrite:password:error:]
CranePrefs,0x40290,_objc_msgSend,0x2CC04,+[SSZipArchive unzipFileAtPath:toDestination:delegate:]
CranePrefs,0x402C0,_objc_release,0x2CC04,+[SSZipArchive unzipFileAtPath:toDestination:delegate:]
CranePrefs,0x402CC,_objc_retain,0x2CC04,+[SSZipArchive unzipFileAtPath:toDestination:delegate:]
CranePrefs,0x40290,_objc_msgSend,0x2CC98,+[SSZipArchive unzipFileAtPath:toDestination:overwrite:password:error:delegate:]
CranePrefs,0x402C0,_objc_release,0x2CC98,+[SSZipArchive unzipFileAtPath:toDestination:overwrite:password:error:delegate:]
CranePrefs,0x402CC,_objc_retain,0x2CC98,+[SSZipArchive unzipFileAtPath:toDestination:overwrite:password:error:delegate:]
CranePrefs,0x40290,_objc_msgSend,0x2CD5C,+[SSZipArchive unzipFileAtPath:toDestination:overwrite:password:progressHandler:completionHandler:]
CranePrefs,0x402C0,_objc_release,0x2CD5C,+[SSZipArchive unzipFileAtPath:toDestination:overwrite:password:progressHandler:completionHandler:]
CranePrefs,0x402CC,_objc_retain,0x2CD5C,+[SSZipArchive unzipFileAtPath:toDestination:overwrite:password:progressHandler:completionHandler:]
CranePrefs,0x40290,_objc_msgSend,0x2CE34,+[SSZipArchive unzipFileAtPath:toDestination:progressHandler:completionHandler:]
CranePrefs,0x402C0,_objc_release,0x2CE34,+[SSZipArchive unzipFileAtPath:toDestination:progressHandler:completionHandler:]
CranePrefs,0x402CC,_objc_retain,0x2CE34,+[SSZipArchive unzipFileAtPath:toDestination:progressHandler:completionHandler:]
CranePrefs,0x40290,_objc_msgSend,0x2CEE8,+[SSZipArchive unzipFileAtPath:toDestination:preserveAttributes:overwrite:password:error:delegate:]
CranePrefs,0x402C0,_objc_release,0x2CEE8,+[SSZipArchive unzipFileAtPath:toDestination:preserveAttributes:overwrite:password:error:delegate:]
CranePrefs,0x402CC,_objc_retain,0x2CEE8,+[SSZipArchive unzipFileAtPath:toDestination:preserveAttributes:overwrite:password:error:delegate:]
CranePrefs,0x40290,_objc_msgSend,0x2CFB0,+[SSZipArchive unzipFileAtPath:toDestination:preserveAttributes:overwrite:password:error:delegate:progressHandler:completionHandler:]
CranePrefs,0x402C0,_objc_release,0x2CFB0,+[SSZipArchive unzipFileAtPath:toDestination:preserveAttributes:overwrite:password:error:delegate:progressHandler:completionHandler:]
CranePrefs,0x402CC,_objc_retain,0x2CFB0,+[SSZipArchive unzipFileAtPath:toDestination:preserveAttributes:overwrite:password:error:delegate:progressHandler:completionHandler:]
CranePrefs,0x309D4,+[SSZipArchive _filenameStringWithCString:version_made_by:general_purpose_flag:size:],0x2D0AC,+[SSZipArchive unzipFileAtPath:toDestination:preserveAttributes:overwrite:nestedZipLevel:password:error:delegate:progressHandler:completionHandler:]
CranePrefs,0x316F8,_unzOpen,0x2D0AC,+[SSZipArchive unzipFileAtPath:toDestination:preserveAttributes:overwrite:nestedZipLevel:password:error:delegate:progressHandler:completionHandler:]
CranePrefs,0x31864,_unzClose,0x2D0AC,+[SSZipArchive unzipFileAtPath:toDestination:preserveAttributes:overwrite:nestedZipLevel:password:error:delegate:progressHandler:completionHandler:]
CranePrefs,0x31918,_unzGetGlobalInfo,0x2D0AC,+[SSZipArchive unzipFileAtPath:toDestination:preserveAttributes:overwrite:nestedZipLevel:password:error:delegate:progressHandler:completionHandler:]
CranePrefs,0x31B50,_unzOpenCurrentFile,0x2D0AC,+[SSZipArchive unzipFileAtPath:toDestination:preserveAttributes:overwrite:nestedZipLevel:password:error:delegate:progressHandler:completionHandler:]
CranePrefs,0x31B64,_unzOpenCurrentFilePassword,0x2D0AC,+[SSZipArchive unzipFileAtPath:toDestination:preserveAttributes:overwrite:nestedZipLevel:password:error:delegate:progressHandler:completionHandler:]
CranePrefs,0x31B80,_unzReadCurrentFile,0x2D0AC,+[SSZipArchive unzipFileAtPath:toDestination:preserveAttributes:overwrite:nestedZipLevel:password:error:delegate:progressHandler:completionHandler:]
CranePrefs,0x31BCC,_unzCloseCurrentFile,0x2D0AC,+[SSZipArchive unzipFileAtPath:toDestination:preserveAttributes:overwrite:nestedZipLevel:password:error:delegate:progressHandler:completionHandler:]
CranePrefs,0x31BE0,_unzGetCurrentFileInfo,0x2D0AC,+[SSZipArchive unzipFileAtPath:toDestination:preserveAttributes:overwrite:nestedZipLevel:password:error:delegate:progressHandler:completionHandler:]
CranePrefs,0x31EC4,_unzGoToFirstFile,0x2D0AC,+[SSZipArchive unzipFileAtPath:toDestination:preserveAttributes:overwrite:nestedZipLevel:password:error:delegate:progressHandler:completionHandler:]
CranePrefs,0x31EDC,_unzGoToNextFile,0x2D0AC,+[SSZipArchive unzipFileAtPath:toDestination:preserveAttributes:overwrite:nestedZipLevel:password:error:delegate:progressHandler:completionHandler:]
CranePrefs,0x3FE58,_NSLog,0x2D0AC,+[SSZipArchive unzipFileAtPath:toDestination:preserveAttributes:overwrite:nestedZipLevel:password:error:delegate:progressHandler:completionHandler:]
CranePrefs,0x3FEAC,___error,0x2D0AC,+[SSZipArchive unzipFileAtPath:toDestination:preserveAttributes:overwrite:nestedZipLevel:password:error:delegate:progressHandler:completionHandler:]
CranePrefs,0x3FED0,___stack_chk_fail,0x2D0AC,+[SSZipArchive unzipFileAtPath:toDestination:preserveAttributes:overwrite:nestedZipLevel:password:error:delegate:progressHandler:completionHandler:]
CranePrefs,0x3FF30,_bzero,0x2D0AC,+[SSZipArchive unzipFileAtPath:toDestination:preserveAttributes:overwrite:nestedZipLevel:password:error:delegate:progressHandler:completionHandler:]
CranePrefs,0x4005C,_fclose,0x2D0AC,+[SSZipArchive unzipFileAtPath:toDestination:preserveAttributes:overwrite:nestedZipLevel:password:error:delegate:progressHandler:completionHandler:]
CranePrefs,0x40074,_ferror,0x2D0AC,+[SSZipArchive unzipFileAtPath:toDestination:preserveAttributes:overwrite:nestedZipLevel:password:error:delegate:progressHandler:completionHandler:]
CranePrefs,0x40080,_fopen,0x2D0AC,+[SSZipArchive unzipFileAtPath:toDestination:preserveAttributes:overwrite:nestedZipLevel:password:error:delegate:progressHandler:completionHandler:]
CranePrefs,0x40098,_free,0x2D0AC,+[SSZipArchive unzipFileAtPath:toDestination:preserveAttributes:overwrite:nestedZipLevel:password:error:delegate:progressHandler:completionHandler:]
CranePrefs,0x400D4,_fwrite,0x2D0AC,+[SSZipArchive unzipFileAtPath:toDestination:preserveAttributes:overwrite:nestedZipLevel:password:error:delegate:progressHandler:completionHandler:]
CranePrefs,0x40140,_malloc,0x2D0AC,+[SSZipArchive unzipFileAtPath:toDestination:preserveAttributes:overwrite:nestedZipLevel:password:error:delegate:progressHandler:completionHandler:]
CranePrefs,0x401D0,_objc_alloc,0x2D0AC,+[SSZipArchive unzipFileAtPath:toDestination:preserveAttributes:overwrite:nestedZipLevel:password:error:delegate:progressHandler:completionHandler:]
CranePrefs,0x40200,_objc_autoreleasePoolPop,0x2D0AC,+[SSZipArchive unzipFileAtPath:toDestination:preserveAttributes:overwrite:nestedZipLevel:password:error:delegate:progressHandler:completionHandler:]
CranePrefs,0x4020C,_objc_autoreleasePoolPush,0x2D0AC,+[SSZipArchive unzipFileAtPath:toDestination:preserveAttributes:overwrite:nestedZipLevel:password:error:delegate:progressHandler:completionHandler:]
CranePrefs,0x4023C,_objc_enumerationMutation,0x2D0AC,+[SSZipArchive unzipFileAtPath:toDestination:preserveAttributes:overwrite:nestedZipLevel:password:error:delegate:progressHandler:completionHandler:]
CranePrefs,0x40290,_objc_msgSend,0x2D0AC,+[SSZipArchive unzipFileAtPath:toDestination:preserveAttributes:overwrite:nestedZipLevel:password:error:delegate:progressHandler:completionHandler:]
CranePrefs,0x402C0,_objc_release,0x2D0AC,+[SSZipArchive unzipFileAtPath:toDestination:preserveAttributes:overwrite:nestedZipLevel:password:error:delegate:progressHandler:completionHandler:]
CranePrefs,0x402CC,_objc_retain,0x2D0AC,+[SSZipArchive unzipFileAtPath:toDestination:preserveAttributes:overwrite:nestedZipLevel:password:error:delegate:progressHandler:completionHandler:]
CranePrefs,0x402D8,_objc_retainAutorelease,0x2D0AC,+[SSZipArchive unzipFileAtPath:toDestination:preserveAttributes:overwrite:nestedZipLevel:password:error:delegate:progressHandler:completionHandler:]
CranePrefs,0x402F0,_objc_retainAutoreleasedReturnValue,0x2D0AC,+[SSZipArchive unzipFileAtPath:toDestination:preserveAttributes:overwrite:nestedZipLevel:password:error:delegate:progressHandler:completionHandler:]
CranePrefs,0x40404,_symlink,0x2D0AC,+[SSZipArchive unzipFileAtPath:toDestination:preserveAttributes:overwrite:nestedZipLevel:password:error:delegate:progressHandler:completionHandler:]
CranePrefs,0x2ED2C,+[SSZipArchive createZipFileAtPath:withFilesAtPaths:withPassword:],0x2EC14,+[SSZipArchive createZipFileAtPath:withFilesAtPaths:]
CranePrefs,0x40290,_objc_msgSend,0x2EC14,+[SSZipArchive createZipFileAtPath:withFilesAtPaths:]
CranePrefs,0x402C0,_objc_release,0x2EC14,+[SSZipArchive createZipFileAtPath:withFilesAtPaths:]
CranePrefs,0x402CC,_objc_retain,0x2EC14,+[SSZipArchive createZipFileAtPath:withFilesAtPaths:]
CranePrefs,0x2EFC4,+[SSZipArchive createZipFileAtPath:withContentsOfDirectory:withPassword:],0x2EC6C,+[SSZipArchive createZipFileAtPath:withContentsOfDirectory:]
CranePrefs,0x40290,_objc_msgSend,0x2EC6C,+[SSZipArchive createZipFileAtPath:withContentsOfDirectory:]
CranePrefs,0x402C0,_objc_release,0x2EC6C,+[SSZipArchive createZipFileAtPath:withContentsOfDirectory:]
CranePrefs,0x402CC,_objc_retain,0x2EC6C,+[SSZipArchive createZipFileAtPath:withContentsOfDirectory:]
CranePrefs,0x2F040,+[SSZipArchive createZipFileAtPath:withContentsOfDirectory:keepParentDirectory:withPassword:],0x2ECC4,+[SSZipArchive createZipFileAtPath:withContentsOfDirectory:keepParentDirectory:]
CranePrefs,0x40290,_objc_msgSend,0x2ECC4,+[SSZipArchive createZipFileAtPath:withContentsOfDirectory:keepParentDirectory:]
CranePrefs,0x402C0,_objc_release,0x2ECC4,+[SSZipArchive createZipFileAtPath:withContentsOfDirectory:keepParentDirectory:]
CranePrefs,0x402CC,_objc_retain,0x2ECC4,+[SSZipArchive createZipFileAtPath:withContentsOfDirectory:keepParentDirectory:]
CranePrefs,0x40290,_objc_msgSend,0x2ED2C,+[SSZipArchive createZipFileAtPath:withFilesAtPaths:withPassword:]
CranePrefs,0x402C0,_objc_release,0x2ED2C,+[SSZipArchive createZipFileAtPath:withFilesAtPaths:withPassword:]
CranePrefs,0x402CC,_objc_retain,0x2ED2C,+[SSZipArchive createZipFileAtPath:withFilesAtPaths:withPassword:]
CranePrefs,0x30008,-[SSZipArchive initWithPath:],0x2EDA8,+[SSZipArchive createZipFileAtPath:withFilesAtPaths:withPassword:progressHandler:]
CranePrefs,0x30088,-[SSZipArchive open],0x2EDA8,+[SSZipArchive createZipFileAtPath:withFilesAtPaths:withPassword:progressHandler:]
CranePrefs,0x30454,-[SSZipArchive writeFile:withPassword:],0x2EDA8,+[SSZipArchive createZipFileAtPath:withFilesAtPaths:withPassword:progressHandler:]
CranePrefs,0x30938,-[SSZipArchive close],0x2EDA8,+[SSZipArchive createZipFileAtPath:withFilesAtPaths:withPassword:progressHandler:]
CranePrefs,0x3FED0,___stack_chk_fail,0x2EDA8,+[SSZipArchive createZipFileAtPath:withFilesAtPaths:withPassword:progressHandler:]
CranePrefs,0x401D0,_objc_alloc,0x2EDA8,+[SSZipArchive createZipFileAtPath:withFilesAtPaths:withPassword:progressHandler:]
CranePrefs,0x4023C,_objc_enumerationMutation,0x2EDA8,+[SSZipArchive createZipFileAtPath:withFilesAtPaths:withPassword:progressHandler:]
CranePrefs,0x40290,_objc_msgSend,0x2EDA8,+[SSZipArchive createZipFileAtPath:withFilesAtPaths:withPassword:progressHandler:]
CranePrefs,0x402C0,_objc_release,0x2EDA8,+[SSZipArchive createZipFileAtPath:withFilesAtPaths:withPassword:progressHandler:]
CranePrefs,0x402CC,_objc_retain,0x2EDA8,+[SSZipArchive createZipFileAtPath:withFilesAtPaths:withPassword:progressHandler:]
CranePrefs,0x2F040,+[SSZipArchive createZipFileAtPath:withContentsOfDirectory:keepParentDirectory:withPassword:],0x2EFC4,+[SSZipArchive createZipFileAtPath:withContentsOfDirectory:withPassword:]
CranePrefs,0x40290,_objc_msgSend,0x2EFC4,+[SSZipArchive createZipFileAtPath:withContentsOfDirectory:withPassword:]
CranePrefs,0x402C0,_objc_release,0x2EFC4,+[SSZipArchive createZipFileAtPath:withContentsOfDirectory:withPassword:]
CranePrefs,0x402CC,_objc_retain,0x2EFC4,+[SSZipArchive createZipFileAtPath:withContentsOfDirectory:withPassword:]
CranePrefs,0x2F0C4,+[SSZipArchive createZipFileAtPath:withContentsOfDirectory:keepParentDirectory:withPassword:andProgressHandler:],0x2F040,+[SSZipArchive createZipFileAtPath:withContentsOfDirectory:keepParentDirectory:withPassword:]
CranePrefs,0x40290,_objc_msgSend,0x2F040,+[SSZipArchive createZipFileAtPath:withContentsOfDirectory:keepParentDirectory:withPassword:]
CranePrefs,0x402C0,_objc_release,0x2F040,+[SSZipArchive createZipFileAtPath:withContentsOfDirectory:keepParentDirectory:withPassword:]
CranePrefs,0x402CC,_objc_retain,0x2F040,+[SSZipArchive createZipFileAtPath:withContentsOfDirectory:keepParentDirectory:withPassword:]
CranePrefs,0x40290,_objc_msgSend,0x2F0C4,+[SSZipArchive createZipFileAtPath:withContentsOfDirectory:keepParentDirectory:withPassword:andProgressHandler:]
CranePrefs,0x402C0,_objc_release,0x2F0C4,+[SSZipArchive createZipFileAtPath:withContentsOfDirectory:keepParentDirectory:withPassword:andProgressHandler:]
CranePrefs,0x402CC,_objc_retain,0x2F0C4,+[SSZipArchive createZipFileAtPath:withContentsOfDirectory:keepParentDirectory:withPassword:andProgressHandler:]
CranePrefs,0x30008,-[SSZipArchive initWithPath:],0x2F178,+[SSZipArchive createZipFileAtPath:withContentsOfDirectory:keepParentDirectory:compressionLevel:password:AES:progressHandler:]
CranePrefs,0x30088,-[SSZipArchive open],0x2F178,+[SSZipArchive createZipFileAtPath:withContentsOfDirectory:keepParentDirectory:compressionLevel:password:AES:progressHandler:]
CranePrefs,0x301D8,-[SSZipArchive writeFolderAtPath:withFolderName:withPassword:],0x2F178,+[SSZipArchive createZipFileAtPath:withContentsOfDirectory:keepParentDirectory:compressionLevel:password:AES:progressHandler:]
CranePrefs,0x30534,-[SSZipArchive writeFileAtPath:withFileName:compressionLevel:password:AES:],0x2F178,+[SSZipArchive createZipFileAtPath:withContentsOfDirectory:keepParentDirectory:compressionLevel:password:AES:progressHandler:]
CranePrefs,0x30938,-[SSZipArchive close],0x2F178,+[SSZipArchive createZipFileAtPath:withContentsOfDirectory:keepParentDirectory:compressionLevel:password:AES:progressHandler:]
CranePrefs,0x3FE58,_NSLog,0x2F178,+[SSZipArchive createZipFileAtPath:withContentsOfDirectory:keepParentDirectory:compressionLevel:password:AES:progressHandler:]
CranePrefs,0x3FED0,___stack_chk_fail,0x2F178,+[SSZipArchive createZipFileAtPath:withContentsOfDirectory:keepParentDirectory:compressionLevel:password:AES:progressHandler:]
CranePrefs,0x401D0,_objc_alloc,0x2F178,+[SSZipArchive createZipFileAtPath:withContentsOfDirectory:keepParentDirectory:compressionLevel:password:AES:progressHandler:]
CranePrefs,0x4023C,_objc_enumerationMutation,0x2F178,+[SSZipArchive createZipFileAtPath:withContentsOfDirectory:keepParentDirectory:compressionLevel:password:AES:progressHandler:]
CranePrefs,0x40290,_objc_msgSend,0x2F178,+[SSZipArchive createZipFileAtPath:withContentsOfDirectory:keepParentDirectory:compressionLevel:password:AES:progressHandler:]
CranePrefs,0x402C0,_objc_release,0x2F178,+[SSZipArchive createZipFileAtPath:withContentsOfDirectory:keepParentDirectory:compressionLevel:password:AES:progressHandler:]
CranePrefs,0x402CC,_objc_retain,0x2F178,+[SSZipArchive createZipFileAtPath:withContentsOfDirectory:keepParentDirectory:compressionLevel:password:AES:progressHandler:]
CranePrefs,0x402F0,_objc_retainAutoreleasedReturnValue,0x2F178,+[SSZipArchive createZipFileAtPath:withContentsOfDirectory:keepParentDirectory:compressionLevel:password:AES:progressHandler:]
CranePrefs,0x2ED2C,+[SSZipArchive createZipFileAtPath:withFilesAtPaths:withPassword:],0x2F608,+[SSZipArchive createZipFileAtPath:withFilesAtPaths:withPassword:keepSymlinks:]
CranePrefs,0x2FD40,-[SSZipArchive writeSymlinkFileAtPath:withFileName:compressionLevel:password:AES:],0x2F608,+[SSZipArchive createZipFileAtPath:withFilesAtPaths:withPassword:keepSymlinks:]
CranePrefs,0x30008,-[SSZipArchive initWithPath:],0x2F608,+[SSZipArchive createZipFileAtPath:withFilesAtPaths:withPassword:keepSymlinks:]
CranePrefs,0x30088,-[SSZipArchive open],0x2F608,+[SSZipArchive createZipFileAtPath:withFilesAtPaths:withPassword:keepSymlinks:]
CranePrefs,0x30454,-[SSZipArchive writeFile:withPassword:],0x2F608,+[SSZipArchive createZipFileAtPath:withFilesAtPaths:withPassword:keepSymlinks:]
CranePrefs,0x30938,-[SSZipArchive close],0x2F608,+[SSZipArchive createZipFileAtPath:withFilesAtPaths:withPassword:keepSymlinks:]
CranePrefs,0x339D0,_mz_os_is_symlink,0x2F608,+[SSZipArchive createZipFileAtPath:withFilesAtPaths:withPassword:keepSymlinks:]
CranePrefs,0x3FED0,___stack_chk_fail,0x2F608,+[SSZipArchive createZipFileAtPath:withFilesAtPaths:withPassword:keepSymlinks:]
CranePrefs,0x401D0,_objc_alloc,0x2F608,+[SSZipArchive createZipFileAtPath:withFilesAtPaths:withPassword:keepSymlinks:]
CranePrefs,0x4023C,_objc_enumerationMutation,0x2F608,+[SSZipArchive createZipFileAtPath:withFilesAtPaths:withPassword:keepSymlinks:]
CranePrefs,0x40290,_objc_msgSend,0x2F608,+[SSZipArchive createZipFileAtPath:withFilesAtPaths:withPassword:keepSymlinks:]
CranePrefs,0x402C0,_objc_release,0x2F608,+[SSZipArchive createZipFileAtPath:withFilesAtPaths:withPassword:keepSymlinks:]
CranePrefs,0x402CC,_objc_retain,0x2F608,+[SSZipArchive createZipFileAtPath:withFilesAtPaths:withPassword:keepSymlinks:]
CranePrefs,0x402D8,_objc_retainAutorelease,0x2F608,+[SSZipArchive createZipFileAtPath:withFilesAtPaths:withPassword:keepSymlinks:]
CranePrefs,0x2F178,+[SSZipArchive createZipFileAtPath:withContentsOfDirectory:keepParentDirectory:compressionLevel:password:AES:progressHandler:],0x2F84C,+[SSZipArchive createZipFileAtPath:withContentsOfDirectory:keepParentDirectory:compressionLevel:password:AES:progressHandler:keepSymlinks:]
CranePrefs,0x2FD40,-[SSZipArchive writeSymlinkFileAtPath:withFileName:compressionLevel:password:AES:],0x2F84C,+[SSZipArchive createZipFileAtPath:withContentsOfDirectory:keepParentDirectory:compressionLevel:password:AES:progressHandler:keepSymlinks:]
CranePrefs,0x30008,-[SSZipArchive initWithPath:],0x2F84C,+[SSZipArchive createZipFileAtPath:withContentsOfDirectory:keepParentDirectory:compressionLevel:password:AES:progressHandler:keepSymlinks:]
CranePrefs,0x30088,-[SSZipArchive open],0x2F84C,+[SSZipArchive createZipFileAtPath:withContentsOfDirectory:keepParentDirectory:compressionLevel:password:AES:progressHandler:keepSymlinks:]
CranePrefs,0x301D8,-[SSZipArchive writeFolderAtPath:withFolderName:withPassword:],0x2F84C,+[SSZipArchive createZipFileAtPath:withContentsOfDirectory:keepParentDirectory:compressionLevel:password:AES:progressHandler:keepSymlinks:]
CranePrefs,0x30938,-[SSZipArchive close],0x2F84C,+[SSZipArchive createZipFileAtPath:withContentsOfDirectory:keepParentDirectory:compressionLevel:password:AES:progressHandler:keepSymlinks:]
CranePrefs,0x339D0,_mz_os_is_symlink,0x2F84C,+[SSZipArchive createZipFileAtPath:withContentsOfDirectory:keepParentDirectory:compressionLevel:password:AES:progressHandler:keepSymlinks:]
CranePrefs,0x3FED0,___stack_chk_fail,0x2F84C,+[SSZipArchive createZipFileAtPath:withContentsOfDirectory:keepParentDirectory:compressionLevel:password:AES:progressHandler:keepSymlinks:]
CranePrefs,0x401D0,_objc_alloc,0x2F84C,+[SSZipArchive createZipFileAtPath:withContentsOfDirectory:keepParentDirectory:compressionLevel:password:AES:progressHandler:keepSymlinks:]
CranePrefs,0x4023C,_objc_enumerationMutation,0x2F84C,+[SSZipArchive createZipFileAtPath:withContentsOfDirectory:keepParentDirectory:compressionLevel:password:AES:progressHandler:keepSymlinks:]
CranePrefs,0x40290,_objc_msgSend,0x2F84C,+[SSZipArchive createZipFileAtPath:withContentsOfDirectory:keepParentDirectory:compressionLevel:password:AES:progressHandler:keepSymlinks:]
CranePrefs,0x402C0,_objc_release,0x2F84C,+[SSZipArchive createZipFileAtPath:withContentsOfDirectory:keepParentDirectory:compressionLevel:password:AES:progressHandler:keepSymlinks:]
CranePrefs,0x402CC,_objc_retain,0x2F84C,+[SSZipArchive createZipFileAtPath:withContentsOfDirectory:keepParentDirectory:compressionLevel:password:AES:progressHandler:keepSymlinks:]
CranePrefs,0x402D8,_objc_retainAutorelease,0x2F84C,+[SSZipArchive createZipFileAtPath:withContentsOfDirectory:keepParentDirectory:compressionLevel:password:AES:progressHandler:keepSymlinks:]
CranePrefs,0x402F0,_objc_retainAutoreleasedReturnValue,0x2F84C,+[SSZipArchive createZipFileAtPath:withContentsOfDirectory:keepParentDirectory:compressionLevel:password:AES:progressHandler:keepSymlinks:]
CranePrefs,0x30B18,+[SSZipArchive zipInfo:setAttributesOfItemAtPath:],0x2FD40,-[SSZipArchive writeSymlinkFileAtPath:withFileName:compressionLevel:password:AES:]
CranePrefs,0x3143C,_zipOpenNewFileInZip5,0x2FD40,-[SSZipArchive writeSymlinkFileAtPath:withFileName:compressionLevel:password:AES:]
CranePrefs,0x31570,_zipWriteInFileInZip,0x2FD40,-[SSZipArchive writeSymlinkFileAtPath:withFileName:compressionLevel:password:AES:]
CranePrefs,0x315F4,_zipCloseFileInZip,0x2FD40,-[SSZipArchive writeSymlinkFileAtPath:withFileName:compressionLevel:password:AES:]
CranePrefs,0x33894,_mz_os_get_file_attribs,0x2FD40,-[SSZipArchive writeSymlinkFileAtPath:withFileName:compressionLevel:password:AES:]
CranePrefs,0x33A48,_mz_os_read_symlink,0x2FD40,-[SSZipArchive writeSymlinkFileAtPath:withFileName:compressionLevel:password:AES:]
CranePrefs,0x3AA44,_mz_zip_attrib_convert,0x2FD40,-[SSZipArchive writeSymlinkFileAtPath:withFileName:compressionLevel:password:AES:]
CranePrefs,0x3FE58,_NSLog,0x2FD40,-[SSZipArchive writeSymlinkFileAtPath:withFileName:compressionLevel:password:AES:]
CranePrefs,0x3FED0,___stack_chk_fail,0x2FD40,-[SSZipArchive writeSymlinkFileAtPath:withFileName:compressionLevel:password:AES:]
CranePrefs,0x40290,_objc_msgSend,0x2FD40,-[SSZipArchive writeSymlinkFileAtPath:withFileName:compressionLevel:password:AES:]
CranePrefs,0x402C0,_objc_release,0x2FD40,-[SSZipArchive writeSymlinkFileAtPath:withFileName:compressionLevel:password:AES:]
CranePrefs,0x402CC,_objc_retain,0x2FD40,-[SSZipArchive writeSymlinkFileAtPath:withFileName:compressionLevel:password:AES:]
CranePrefs,0x402D8,_objc_retainAutorelease,0x2FD40,-[SSZipArchive writeSymlinkFileAtPath:withFileName:compressionLevel:password:AES:]
CranePrefs,0x402F0,_objc_retainAutoreleasedReturnValue,0x2FD40,-[SSZipArchive writeSymlinkFileAtPath:withFileName:compressionLevel:password:AES:]
CranePrefs,0x403D4,_strlen,0x2FD40,-[SSZipArchive writeSymlinkFileAtPath:withFileName:compressionLevel:password:AES:]
CranePrefs,0x40248,_objc_exception_throw,0x2FFF8,-[SSZipArchive init]
CranePrefs,0x2FFF8,-[SSZipArchive init],0x30008,-[SSZipArchive initWithPath:]
CranePrefs,0x40290,_objc_msgSend,0x30008,-[SSZipArchive initWithPath:]
CranePrefs,0x4029C,_objc_msgSendSuper2,0x30008,-[SSZipArchive initWithPath:]
CranePrefs,0x402C0,_objc_release,0x30008,-[SSZipArchive initWithPath:]
CranePrefs,0x402CC,_objc_retain,0x30008,-[SSZipArchive initWithPath:]
CranePrefs,0x31264,_zipOpen,0x30088,-[SSZipArchive open]
CranePrefs,0x40290,_objc_msgSend,0x30088,-[SSZipArchive open]
CranePrefs,0x402C0,_objc_release,0x30088,-[SSZipArchive open]
CranePrefs,0x402F0,_objc_retainAutoreleasedReturnValue,0x30088,-[SSZipArchive open]
CranePrefs,0x31264,_zipOpen,0x30130,-[SSZipArchive openForAppending]
CranePrefs,0x40290,_objc_msgSend,0x30130,-[SSZipArchive openForAppending]
CranePrefs,0x402C0,_objc_release,0x30130,-[SSZipArchive openForAppending]
CranePrefs,0x402F0,_objc_retainAutoreleasedReturnValue,0x30130,-[SSZipArchive openForAppending]
CranePrefs,0x30350,__zipOpenEntry,0x301D8,-[SSZipArchive writeFolderAtPath:withFolderName:withPassword:]
CranePrefs,0x30B18,+[SSZipArchive zipInfo:setAttributesOfItemAtPath:],0x301D8,-[SSZipArchive writeFolderAtPath:withFolderName:withPassword:]
CranePrefs,0x31570,_zipWriteInFileInZip,0x301D8,-[SSZipArchive writeFolderAtPath:withFolderName:withPassword:]
CranePrefs,0x315F4,_zipCloseFileInZip,0x301D8,-[SSZipArchive writeFolderAtPath:withFolderName:withPassword:]
CranePrefs,0x40290,_objc_msgSend,0x301D8,-[SSZipArchive writeFolderAtPath:withFolderName:withPassword:]
CranePrefs,0x402C0,_objc_release,0x301D8,-[SSZipArchive writeFolderAtPath:withFolderName:withPassword:]
CranePrefs,0x402CC,_objc_retain,0x301D8,-[SSZipArchive writeFolderAtPath:withFolderName:withPassword:]
CranePrefs,0x402F0,_objc_retainAutoreleasedReturnValue,0x301D8,-[SSZipArchive writeFolderAtPath:withFolderName:withPassword:]
CranePrefs,0x3143C,_zipOpenNewFileInZip5,0x30350,__zipOpenEntry
CranePrefs,0x40290,_objc_msgSend,0x30350,__zipOpenEntry
CranePrefs,0x402C0,_objc_release,0x30350,__zipOpenEntry
CranePrefs,0x402CC,_objc_retain,0x30350,__zipOpenEntry
CranePrefs,0x402D8,_objc_retainAutorelease,0x30350,__zipOpenEntry
CranePrefs,0x304B4,-[SSZipArchive writeFileAtPath:withFileName:withPassword:],0x30454,-[SSZipArchive writeFile:withPassword:]
CranePrefs,0x40290,_objc_msgSend,0x30454,-[SSZipArchive writeFile:withPassword:]
CranePrefs,0x402C0,_objc_release,0x30454,-[SSZipArchive writeFile:withPassword:]
CranePrefs,0x402CC,_objc_retain,0x30454,-[SSZipArchive writeFile:withPassword:]
CranePrefs,0x30534,-[SSZipArchive writeFileAtPath:withFileName:compressionLevel:password:AES:],0x304B4,-[SSZipArchive writeFileAtPath:withFileName:withPassword:]
CranePrefs,0x40290,_objc_msgSend,0x304B4,-[SSZipArchive writeFileAtPath:withFileName:withPassword:]
CranePrefs,0x402C0,_objc_release,0x304B4,-[SSZipArchive writeFileAtPath:withFileName:withPassword:]
CranePrefs,0x402CC,_objc_retain,0x304B4,-[SSZipArchive writeFileAtPath:withFileName:withPassword:]
CranePrefs,0x30350,__zipOpenEntry,0x30534,-[SSZipArchive writeFileAtPath:withFileName:compressionLevel:password:AES:]
CranePrefs,0x30B18,+[SSZipArchive zipInfo:setAttributesOfItemAtPath:],0x30534,-[SSZipArchive writeFileAtPath:withFileName:compressionLevel:password:AES:]
CranePrefs,0x31570,_zipWriteInFileInZip,0x30534,-[SSZipArchive writeFileAtPath:withFileName:compressionLevel:password:AES:]
CranePrefs,0x315F4,_zipCloseFileInZip,0x30534,-[SSZipArchive writeFileAtPath:withFileName:compressionLevel:password:AES:]
CranePrefs,0x4005C,_fclose,0x30534,-[SSZipArchive writeFileAtPath:withFileName:compressionLevel:password:AES:]
CranePrefs,0x40068,_feof,0x30534,-[SSZipArchive writeFileAtPath:withFileName:compressionLevel:password:AES:]
CranePrefs,0x40074,_ferror,0x30534,-[SSZipArchive writeFileAtPath:withFileName:compressionLevel:password:AES:]
CranePrefs,0x40080,_fopen,0x30534,-[SSZipArchive writeFileAtPath:withFileName:compressionLevel:password:AES:]
CranePrefs,0x4008C,_fread,0x30534,-[SSZipArchive writeFileAtPath:withFileName:compressionLevel:password:AES:]
CranePrefs,0x40098,_free,0x30534,-[SSZipArchive writeFileAtPath:withFileName:compressionLevel:password:AES:]
CranePrefs,0x40140,_malloc,0x30534,-[SSZipArchive writeFileAtPath:withFileName:compressionLevel:password:AES:]
CranePrefs,0x40290,_objc_msgSend,0x30534,-[SSZipArchive writeFileAtPath:withFileName:compressionLevel:password:AES:]
CranePrefs,0x402C0,_objc_release,0x30534,-[SSZipArchive writeFileAtPath:withFileName:compressionLevel:password:AES:]
CranePrefs,0x402CC,_objc_retain,0x30534,-[SSZipArchive writeFileAtPath:withFileName:compressionLevel:password:AES:]
CranePrefs,0x402D8,_objc_retainAutorelease,0x30534,-[SSZipArchive writeFileAtPath:withFileName:compressionLevel:password:AES:]
CranePrefs,0x402F0,_objc_retainAutoreleasedReturnValue,0x30534,-[SSZipArchive writeFileAtPath:withFileName:compressionLevel:password:AES:]
CranePrefs,0x307C4,-[SSZipArchive writeData:filename:compressionLevel:password:AES:],0x30744,-[SSZipArchive writeData:filename:withPassword:]
CranePrefs,0x40290,_objc_msgSend,0x30744,-[SSZipArchive writeData:filename:withPassword:]
CranePrefs,0x402C0,_objc_release,0x30744,-[SSZipArchive writeData:filename:withPassword:]
CranePrefs,0x402CC,_objc_retain,0x30744,-[SSZipArchive writeData:filename:withPassword:]
CranePrefs,0x30350,__zipOpenEntry,0x307C4,-[SSZipArchive writeData:filename:compressionLevel:password:AES:]
CranePrefs,0x30C8C,+[SSZipArchive zipInfo:setDate:],0x307C4,-[SSZipArchive writeData:filename:compressionLevel:password:AES:]
CranePrefs,0x31570,_zipWriteInFileInZip,0x307C4,-[SSZipArchive writeData:filename:compressionLevel:password:AES:]
CranePrefs,0x315F4,_zipCloseFileInZip,0x307C4,-[SSZipArchive writeData:filename:compressionLevel:password:AES:]
CranePrefs,0x40290,_objc_msgSend,0x307C4,-[SSZipArchive writeData:filename:compressionLevel:password:AES:]
CranePrefs,0x402C0,_objc_release,0x307C4,-[SSZipArchive writeData:filename:compressionLevel:password:AES:]
CranePrefs,0x402CC,_objc_retain,0x307C4,-[SSZipArchive writeData:filename:compressionLevel:password:AES:]
CranePrefs,0x402D8,_objc_retainAutorelease,0x307C4,-[SSZipArchive writeData:filename:compressionLevel:password:AES:]
CranePrefs,0x402F0,_objc_retainAutoreleasedReturnValue,0x307C4,-[SSZipArchive writeData:filename:compressionLevel:password:AES:]
CranePrefs,0x3161C,_zipClose,0x30938,-[SSZipArchive close]
CranePrefs,0x40290,_objc_msgSend,0x30938,-[SSZipArchive close]
CranePrefs,0x402C0,_objc_release,0x30938,-[SSZipArchive close]
CranePrefs,0x402F0,_objc_retainAutoreleasedReturnValue,0x30938,-[SSZipArchive close]
CranePrefs,0x30FEC,-[NSData _hexString],0x309D4,+[SSZipArchive _filenameStringWithCString:version_made_by:general_purpose_flag:size:]
CranePrefs,0x3FE40,_CFStringConvertEncodingToNSStringEncoding,0x309D4,+[SSZipArchive _filenameStringWithCString:version_made_by:general_purpose_flag:size:]
CranePrefs,0x40290,_objc_msgSend,0x309D4,+[SSZipArchive _filenameStringWithCString:version_made_by:general_purpose_flag:size:]
CranePrefs,0x402C0,_objc_release,0x309D4,+[SSZipArchive _filenameStringWithCString:version_made_by:general_purpose_flag:size:]
CranePrefs,0x402CC,_objc_retain,0x309D4,+[SSZipArchive _filenameStringWithCString:version_made_by:general_purpose_flag:size:]
CranePrefs,0x402F0,_objc_retainAutoreleasedReturnValue,0x309D4,+[SSZipArchive _filenameStringWithCString:version_made_by:general_purpose_flag:size:]
CranePrefs,0x40290,_objc_msgSend,0x30B18,+[SSZipArchive zipInfo:setAttributesOfItemAtPath:]
CranePrefs,0x402C0,_objc_release,0x30B18,+[SSZipArchive zipInfo:setAttributesOfItemAtPath:]
CranePrefs,0x402CC,_objc_retain,0x30B18,+[SSZipArchive zipInfo:setAttributesOfItemAtPath:]
CranePrefs,0x402F0,_objc_retainAutoreleasedReturnValue,0x30B18,+[SSZipArchive zipInfo:setAttributesOfItemAtPath:]
CranePrefs,0x30DB0,+[SSZipArchive _gregorian],0x30C8C,+[SSZipArchive zipInfo:setDate:]
CranePrefs,0x3AEA0,_mz_zip_tm_to_dosdate,0x30C8C,+[SSZipArchive zipInfo:setDate:]
CranePrefs,0x40290,_objc_msgSend,0x30C8C,+[SSZipArchive zipInfo:setDate:]
CranePrefs,0x402C0,_objc_release,0x30C8C,+[SSZipArchive zipInfo:setDate:]
CranePrefs,0x402CC,_objc_retain,0x30C8C,+[SSZipArchive zipInfo:setDate:]
CranePrefs,0x402F0,_objc_retainAutoreleasedReturnValue,0x30C8C,+[SSZipArchive zipInfo:setDate:]
CranePrefs,0x3FFD8,_dispatch_once,0x30DB0,+[SSZipArchive _gregorian]
CranePrefs,0x401D0,_objc_alloc,0x30DF0,sub_30DF0
CranePrefs,0x40290,_objc_msgSend,0x30DF0,sub_30DF0
CranePrefs,0x401D0,_objc_alloc,0x30E34,+[SSZipArchive _dateWithMSDOSFormat:]
CranePrefs,0x40290,_objc_msgSend,0x30E34,+[SSZipArchive _dateWithMSDOSFormat:]
CranePrefs,0x402C0,_objc_release,0x30E34,+[SSZipArchive _dateWithMSDOSFormat:]
CranePrefs,0x402F0,_objc_retainAutoreleasedReturnValue,0x30E34,+[SSZipArchive _dateWithMSDOSFormat:]
CranePrefs,0x40290,_objc_msgSend,0x30F48,-[NSData _base64RFC4648]
CranePrefs,0x402C0,_objc_release,0x30F48,-[NSData _base64RFC4648]
CranePrefs,0x402F0,_objc_retainAutoreleasedReturnValue,0x30F48,-[NSData _base64RFC4648]
CranePrefs,0x40140,_malloc,0x30FEC,-[NSData _hexString]
CranePrefs,0x401D0,_objc_alloc,0x30FEC,-[NSData _hexString]
CranePrefs,0x40290,_objc_msgSend,0x30FEC,-[NSData _hexString]
CranePrefs,0x402D8,_objc_retainAutorelease,0x30FEC,-[NSData _hexString]
CranePrefs,0x40290,_objc_msgSend,0x310E0,-[NSString _sanitizedPath]
CranePrefs,0x402C0,_objc_release,0x310E0,-[NSString _sanitizedPath]
CranePrefs,0x402F0,_objc_retainAutoreleasedReturnValue,0x310E0,-[NSString _sanitizedPath]
CranePrefs,0x312F0,_zipOpen2_64,0x31264,_zipOpen
CranePrefs,0x356E4,_mz_stream_os_get_interface,0x31264,_zipOpen
CranePrefs,0x312F0,_zipOpen2_64,0x312AC,_zipOpen64
CranePrefs,0x356E4,_mz_stream_os_get_interface,0x312AC,_zipOpen64
CranePrefs,0x3139C,_zipOpen_MZ,0x312F0,_zipOpen2_64
CranePrefs,0x33AFC,_mz_stream_open,0x312F0,_zipOpen2_64
CranePrefs,0x347C4,_mz_stream_create,0x312F0,_zipOpen2_64
CranePrefs,0x347E0,_mz_stream_delete,0x312F0,_zipOpen2_64
CranePrefs,0x35674,_mz_stream_os_create,0x312F0,_zipOpen2_64
CranePrefs,0x371C4,_mz_zip_create,0x3139C,_zipOpen_MZ
CranePrefs,0x37238,_mz_zip_delete,0x3139C,_zipOpen_MZ
CranePrefs,0x37268,_mz_zip_open,0x3139C,_zipOpen_MZ
CranePrefs,0x38064,_mz_zip_get_comment,0x3139C,_zipOpen_MZ
CranePrefs,0x40140,_malloc,0x3139C,_zipOpen_MZ
CranePrefs,0x38F10,_mz_zip_entry_write_open,0x3143C,_zipOpenNewFileInZip5
CranePrefs,0x3ADCC,_mz_zip_dosdate_to_time_t,0x3143C,_zipOpenNewFileInZip5
CranePrefs,0x3AEA0,_mz_zip_tm_to_dosdate,0x3143C,_zipOpenNewFileInZip5
CranePrefs,0x39C48,_mz_zip_entry_write,0x31570,_zipWriteInFileInZip
CranePrefs,0x31684,_zipClose2_MZ,0x3162C,_zipClose2_64
CranePrefs,0x346E4,_mz_stream_close,0x3162C,_zipClose2_64
CranePrefs,0x347E0,_mz_stream_delete,0x3162C,_zipClose2_64
CranePrefs,0x40098,_free,0x3162C,_zipClose2_64
CranePrefs,0x37238,_mz_zip_delete,0x31684,_zipClose2_MZ
CranePrefs,0x37C24,_mz_zip_close,0x31684,_zipClose2_MZ
CranePrefs,0x38090,_mz_zip_set_comment,0x31684,_zipClose2_MZ
CranePrefs,0x38150,_mz_zip_set_version_madeby,0x31684,_zipClose2_MZ
CranePrefs,0x3176C,_unzOpen2_64,0x316F8,_unzOpen
CranePrefs,0x356E4,_mz_stream_os_get_interface,0x316F8,_unzOpen
CranePrefs,0x3176C,_unzOpen2_64,0x31730,_unzOpen64
CranePrefs,0x356E4,_mz_stream_os_get_interface,0x31730,_unzOpen64
CranePrefs,0x317E4,_unzOpen_MZ,0x3176C,_unzOpen2_64
CranePrefs,0x33AFC,_mz_stream_open,0x3176C,_unzOpen2_64
CranePrefs,0x347C4,_mz_stream_create,0x3176C,_unzOpen2_64
CranePrefs,0x347E0,_mz_stream_delete,0x3176C,_unzOpen2_64
CranePrefs,0x35674,_mz_stream_os_create,0x3176C,_unzOpen2_64
CranePrefs,0x371C4,_mz_zip_create,0x317E4,_unzOpen_MZ
CranePrefs,0x37238,_mz_zip_delete,0x317E4,_unzOpen_MZ
CranePrefs,0x37268,_mz_zip_open,0x317E4,_unzOpen_MZ
CranePrefs,0x3A7CC,_mz_zip_goto_first_entry,0x317E4,_unzOpen_MZ
CranePrefs,0x40140,_malloc,0x317E4,_unzOpen_MZ
CranePrefs,0x346E4,_mz_stream_close,0x31864,_unzClose
CranePrefs,0x347E0,_mz_stream_delete,0x31864,_unzClose
CranePrefs,0x37238,_mz_zip_delete,0x31864,_unzClose
CranePrefs,0x37C24,_mz_zip_close,0x31864,_unzClose
CranePrefs,0x40098,_free,0x31864,_unzClose
CranePrefs,0x37238,_mz_zip_delete,0x318D8,_unzClose_MZ
CranePrefs,0x37C24,_mz_zip_close,0x318D8,_unzClose_MZ
CranePrefs,0x31974,_unzGetGlobalInfo64,0x31918,_unzGetGlobalInfo
CranePrefs,0x38064,_mz_zip_get_comment,0x31974,_unzGetGlobalInfo64
CranePrefs,0x38234,_mz_zip_get_number_entry,0x31974,_unzGetGlobalInfo64
CranePrefs,0x38270,_mz_zip_get_disk_number_with_cd,0x31974,_unzGetGlobalInfo64
CranePrefs,0x403D4,_strlen,0x31974,_unzGetGlobalInfo64
CranePrefs,0x38064,_mz_zip_get_comment,0x319F0,_unzGetGlobalComment
CranePrefs,0x403EC,_strncpy,0x319F0,_unzGetGlobalComment
CranePrefs,0x3419C,_mz_stream_tell,0x31A58,_unzOpenCurrentFile3
CranePrefs,0x381A4,_mz_zip_get_stream,0x31A58,_unzOpenCurrentFile3
CranePrefs,0x38290,_mz_zip_entry_read_open,0x31A58,_unzOpenCurrentFile3
CranePrefs,0x3A69C,_mz_zip_entry_get_info,0x31A58,_unzOpenCurrentFile3
CranePrefs,0x39BD0,_mz_zip_entry_read,0x31B80,_unzReadCurrentFile
CranePrefs,0x392C0,_mz_zip_time_t_to_dos_date,0x31BE0,_unzGetCurrentFileInfo
CranePrefs,0x3A69C,_mz_zip_entry_get_info,0x31BE0,_unzGetCurrentFileInfo
CranePrefs,0x40158,_memcpy,0x31BE0,_unzGetCurrentFileInfo
CranePrefs,0x392C0,_mz_zip_time_t_to_dos_date,0x31D54,_unzGetCurrentFileInfo64
CranePrefs,0x3A69C,_mz_zip_entry_get_info,0x31D54,_unzGetCurrentFileInfo64
CranePrefs,0x40158,_memcpy,0x31D54,_unzGetCurrentFileInfo64
CranePrefs,0x3A7E4,_mz_zip_goto_next_entry,0x31EDC,_unzGoToNextFile
CranePrefs,0x3A69C,_mz_zip_entry_get_info,0x31F20,_unzLocateFile
CranePrefs,0x3A7CC,_mz_zip_goto_first_entry,0x31F20,_unzLocateFile
CranePrefs,0x3A7E4,_mz_zip_goto_next_entry,0x31F20,_unzLocateFile
CranePrefs,0x403BC,_strcmp,0x31F20,_unzLocateFile
CranePrefs,0x3A718,_mz_zip_get_entry,0x31FC8,_unzGetFilePos
CranePrefs,0x3A718,_mz_zip_get_entry,0x32010,_unzGetOffset
CranePrefs,0x3A72C,_mz_zip_goto_entry,0x32034,_unzGoToFilePos
CranePrefs,0x3A72C,_mz_zip_goto_entry,0x32074,_unzGoToFilePos64
CranePrefs,0x3A718,_mz_zip_get_entry,0x320B8,_unzGetFilePos64
CranePrefs,0x3A6C8,_mz_zip_entry_get_local_info,0x32140,_unzGetLocalExtrafield
CranePrefs,0x40158,_memcpy,0x32140,_unzGetLocalExtrafield
CranePrefs,0x34204,_mz_stream_seek,0x32200,_unzSeek64
CranePrefs,0x381A4,_mz_zip_get_stream,0x32200,_unzSeek64
CranePrefs,0x3A69C,_mz_zip_entry_get_info,0x32200,_unzSeek64
CranePrefs,0x3A69C,_mz_zip_entry_get_info,0x322C8,_unzEndOfFile
CranePrefs,0x356E4,_mz_stream_os_get_interface,0x3232C,_fill_fopen_filefunc
CranePrefs,0x356E4,_mz_stream_os_get_interface,0x32354,_fill_fopen64_filefunc
CranePrefs,0x356E4,_mz_stream_os_get_interface,0x3237C,_fill_win32_filefunc
CranePrefs,0x356E4,_mz_stream_os_get_interface,0x323A4,_fill_win32_filefunc64
CranePrefs,0x356E4,_mz_stream_os_get_interface,0x323CC,_fill_win32_filefunc64A
CranePrefs,0x356E4,_mz_stream_os_get_interface,0x323F4,_fill_win32_filefunc64W
CranePrefs,0x35418,_mz_stream_mem_get_interface,0x3241C,_fill_memory_filefunc
CranePrefs,0x3FF90,_crc32,0x32444,_mz_crypt_crc32_update
CranePrefs,0x32BE4,_mz_crypt_hmac_init,0x3245C,_mz_crypt_pbkdf2
CranePrefs,0x32C78,_mz_crypt_hmac_update,0x3245C,_mz_crypt_pbkdf2
CranePrefs,0x32CA8,_mz_crypt_hmac_end,0x3245C,_mz_crypt_pbkdf2
CranePrefs,0x32CF4,_mz_crypt_hmac_set_algorithm,0x3245C,_mz_crypt_pbkdf2
CranePrefs,0x32CFC,_mz_crypt_hmac_copy,0x3245C,_mz_crypt_pbkdf2
CranePrefs,0x32D30,_mz_crypt_hmac_create,0x3245C,_mz_crypt_pbkdf2
CranePrefs,0x32DA4,_mz_crypt_hmac_delete,0x3245C,_mz_crypt_pbkdf2
CranePrefs,0x3FED0,___stack_chk_fail,0x3245C,_mz_crypt_pbkdf2
CranePrefs,0x3FF30,_bzero,0x3245C,_mz_crypt_pbkdf2
CranePrefs,0x3FE70,_SecRandomCopyBytes,0x326F4,_mz_crypt_rand
CranePrefs,0x3FDD4,_CC_SHA1_Init,0x32738,_mz_crypt_sha_begin
CranePrefs,0x3FDF8,_CC_SHA256_Init,0x32738,_mz_crypt_sha_begin
CranePrefs,0x3FDE0,_CC_SHA1_Update,0x327A8,_mz_crypt_sha_update
CranePrefs,0x3FE04,_CC_SHA256_Update,0x327A8,_mz_crypt_sha_update
CranePrefs,0x3FDC8,_CC_SHA1_Final,0x3281C,_mz_crypt_sha_end
CranePrefs,0x3FDEC,_CC_SHA256_Final,0x3281C,_mz_crypt_sha_end
CranePrefs,0x40140,_malloc,0x328B0,_mz_crypt_sha_create
CranePrefs,0x40098,_free,0x32908,_mz_crypt_sha_delete
CranePrefs,0x3FD8C,_CCCryptorRelease,0x32938,_mz_crypt_aes_reset
CranePrefs,0x3FD98,_CCCryptorUpdate,0x32964,_mz_crypt_aes_encrypt
CranePrefs,0x3FD98,_CCCryptorUpdate,0x329CC,_mz_crypt_aes_decrypt
CranePrefs,0x3FD80,_CCCryptorCreate,0x32A34,_mz_crypt_aes_set_encrypt_key
CranePrefs,0x3FD8C,_CCCryptorRelease,0x32A34,_mz_crypt_aes_set_encrypt_key
CranePrefs,0x3FD80,_CCCryptorCreate,0x32AB0,_mz_crypt_aes_set_decrypt_key
CranePrefs,0x3FD8C,_CCCryptorRelease,0x32AB0,_mz_crypt_aes_set_decrypt_key
CranePrefs,0x40140,_malloc,0x32B34,_mz_crypt_aes_create
CranePrefs,0x3FD8C,_CCCryptorRelease,0x32B68,_mz_crypt_aes_delete
CranePrefs,0x40098,_free,0x32B68,_mz_crypt_aes_delete
CranePrefs,0x3FDB0,_CCHmacInit,0x32BE4,_mz_crypt_hmac_init
CranePrefs,0x3FDBC,_CCHmacUpdate,0x32C78,_mz_crypt_hmac_update
CranePrefs,0x3FDA4,_CCHmacFinal,0x32CA8,_mz_crypt_hmac_end
CranePrefs,0x40158,_memcpy,0x32CFC,_mz_crypt_hmac_copy
CranePrefs,0x40140,_malloc,0x32D30,_mz_crypt_hmac_create
CranePrefs,0x40098,_free,0x32DA4,_mz_crypt_hmac_delete
CranePrefs,0x32EA4,_mz_path_append_slash,0x32E08,_mz_path_combine
CranePrefs,0x3FEF4,___strncat_chk,0x32E08,_mz_path_combine
CranePrefs,0x403D4,_strlen,0x32E08,_mz_path_combine
CranePrefs,0x403EC,_strncpy,0x32E08,_mz_path_combine
CranePrefs,0x403D4,_strlen,0x32EA4,_mz_path_append_slash
CranePrefs,0x403D4,_strlen,0x32F30,_mz_path_remove_slash
CranePrefs,0x403D4,_strlen,0x32F8C,_mz_path_has_slash
CranePrefs,0x403D4,_strlen,0x32FD8,_mz_path_convert_slashes
CranePrefs,0x33040,_mz_path_compare_wc,0x33040,_mz_path_compare_wc
CranePrefs,0x3FF00,___tolower,0x33040,_mz_path_compare_wc
CranePrefs,0x403D4,_strlen,0x332E0,_mz_path_remove_filename
CranePrefs,0x403D4,_strlen,0x33354,_mz_path_remove_extension
CranePrefs,0x32F30,_mz_path_remove_slash,0x33424,_mz_dir_make
CranePrefs,0x33910,_mz_os_make_dir,0x33424,_mz_dir_make
CranePrefs,0x40098,_free,0x33424,_mz_dir_make
CranePrefs,0x40140,_malloc,0x33424,_mz_dir_make
CranePrefs,0x403C8,_strcpy,0x33424,_mz_dir_make
CranePrefs,0x403D4,_strlen,0x33424,_mz_dir_make
CranePrefs,0x32444,_mz_crypt_crc32_update,0x334E8,_mz_file_get_crc
CranePrefs,0x35424,_mz_stream_os_open,0x334E8,_mz_file_get_crc
CranePrefs,0x35520,_mz_stream_os_read,0x334E8,_mz_file_get_crc
CranePrefs,0x3562C,_mz_stream_os_close,0x334E8,_mz_file_get_crc
CranePrefs,0x35674,_mz_stream_os_create,0x334E8,_mz_file_get_crc
CranePrefs,0x356B4,_mz_stream_os_delete,0x334E8,_mz_file_get_crc
CranePrefs,0x3FED0,___stack_chk_fail,0x334E8,_mz_file_get_crc
CranePrefs,0x40140,_malloc,0x335C0,_mz_os_utf8_string_create
CranePrefs,0x403D4,_strlen,0x335C0,_mz_os_utf8_string_create
CranePrefs,0x403EC,_strncpy,0x335C0,_mz_os_utf8_string_create
CranePrefs,0x40098,_free,0x33604,_mz_os_utf8_string_delete
CranePrefs,0x40350,_rand,0x33630,_mz_os_rand
CranePrefs,0x4038C,_srand,0x33630,_mz_os_rand
CranePrefs,0x40410,_time,0x33630,_mz_os_rand
CranePrefs,0x40374,_rename,0x336A8,_mz_os_rename
CranePrefs,0x4041C,_unlink,0x336C8,_mz_os_unlink
CranePrefs,0x403A4,_stat,0x336E8,_mz_os_file_exists
CranePrefs,0x403A4,_stat,0x3372C,_mz_os_get_file_size
CranePrefs,0x32F30,_mz_path_remove_slash,0x33784,_mz_os_get_file_date
CranePrefs,0x40098,_free,0x33784,_mz_os_get_file_date
CranePrefs,0x40140,_malloc,0x33784,_mz_os_get_file_date
CranePrefs,0x403A4,_stat,0x33784,_mz_os_get_file_date
CranePrefs,0x403BC,_strcmp,0x33784,_mz_os_get_file_date
CranePrefs,0x403D4,_strlen,0x33784,_mz_os_get_file_date
CranePrefs,0x403EC,_strncpy,0x33784,_mz_os_get_file_date
CranePrefs,0x40428,_utime,0x33864,_mz_os_set_file_date
CranePrefs,0x4011C,_lstat,0x33894,_mz_os_get_file_attribs
CranePrefs,0x3FF3C,_chmod,0x338EC,_mz_os_set_file_attribs
CranePrefs,0x3FEAC,___error,0x33910,_mz_os_make_dir
CranePrefs,0x401AC,_mkdir,0x33910,_mz_os_make_dir
CranePrefs,0x3FF84,_closedir,0x33958,_mz_os_close_dir
CranePrefs,0x403A4,_stat,0x33984,_mz_os_is_dir
CranePrefs,0x4011C,_lstat,0x339D0,_mz_os_is_symlink
CranePrefs,0x40404,_symlink,0x33A1C,_mz_os_make_symlink
CranePrefs,0x40368,_readlink,0x33A48,_mz_os_read_symlink
CranePrefs,0x3FF78,_clock_get_time,0x33A8C,_mz_os_ms_time
CranePrefs,0x400E0,_host_get_clock_service,0x33A8C,_mz_os_ms_time
CranePrefs,0x40128,_mach_host_self,0x33A8C,_mz_os_ms_time
CranePrefs,0x40134,_mach_port_deallocate,0x33A8C,_mz_os_ms_time
CranePrefs,0x33C04,sub_33C04,0x33BC0,_mz_stream_read_uint8
CranePrefs,0x33B3C,_mz_stream_read,0x33C04,sub_33C04
CranePrefs,0x3FED0,___stack_chk_fail,0x33C04,sub_33C04
CranePrefs,0x33C04,sub_33C04,0x33CEC,_mz_stream_read_uint16
CranePrefs,0x33C04,sub_33C04,0x33D30,_mz_stream_read_uint32
CranePrefs,0x33D84,_mz_stream_write,0x33E1C,sub_33E1C
CranePrefs,0x3FED0,___stack_chk_fail,0x33E1C,sub_33E1C
CranePrefs,0x40170,_memset,0x33E1C,sub_33E1C
CranePrefs,0x33B3C,_mz_stream_read,0x33EE0,_mz_stream_copy
CranePrefs,0x33D84,_mz_stream_write,0x33EE0,_mz_stream_copy
CranePrefs,0x3FED0,___stack_chk_fail,0x33EE0,_mz_stream_copy
CranePrefs,0x3FED0,___stack_chk_fail,0x33FAC,_mz_stream_copy_stream
CranePrefs,0x3FED0,___stack_chk_fail,0x340B0,_mz_stream_copy_stream_to_end
CranePrefs,0x33B3C,_mz_stream_read,0x34298,_mz_stream_find
CranePrefs,0x3419C,_mz_stream_tell,0x34298,_mz_stream_find
CranePrefs,0x34204,_mz_stream_seek,0x34298,_mz_stream_find
CranePrefs,0x3FEB8,___memmove_chk,0x34298,_mz_stream_find
CranePrefs,0x3FED0,___stack_chk_fail,0x34298,_mz_stream_find
CranePrefs,0x4014C,_memcmp,0x34298,_mz_stream_find
CranePrefs,0x33B3C,_mz_stream_read,0x34480,_mz_stream_find_reverse
CranePrefs,0x3419C,_mz_stream_tell,0x34480,_mz_stream_find_reverse
CranePrefs,0x34204,_mz_stream_seek,0x34480,_mz_stream_find_reverse
CranePrefs,0x3FED0,___stack_chk_fail,0x34480,_mz_stream_find_reverse
CranePrefs,0x4014C,_memcmp,0x34480,_mz_stream_find_reverse
CranePrefs,0x40164,_memmove,0x34480,_mz_stream_find_reverse
CranePrefs,0x33B3C,_mz_stream_read,0x34850,_mz_stream_raw_read
CranePrefs,0x33D84,_mz_stream_write,0x348AC,_mz_stream_raw_write
CranePrefs,0x40140,_malloc,0x34980,_mz_stream_raw_create
CranePrefs,0x40098,_free,0x349C8,_mz_stream_raw_delete
CranePrefs,0x33B3C,_mz_stream_read,0x34A28,_mz_stream_buffered_read
CranePrefs,0x34B9C,sub_34B9C,0x34A28,_mz_stream_buffered_read
CranePrefs,0x34C30,_mz_stream_buffered_seek,0x34A28,_mz_stream_buffered_read
CranePrefs,0x40158,_memcpy,0x34A28,_mz_stream_buffered_read
CranePrefs,0x33D84,_mz_stream_write,0x34B9C,sub_34B9C
CranePrefs,0x34204,_mz_stream_seek,0x34C30,_mz_stream_buffered_seek
CranePrefs,0x34B9C,sub_34B9C,0x34C30,_mz_stream_buffered_seek
CranePrefs,0x34204,_mz_stream_seek,0x34DBC,_mz_stream_buffered_write
CranePrefs,0x34B9C,sub_34B9C,0x34DBC,_mz_stream_buffered_write
CranePrefs,0x40158,_memcpy,0x34DBC,_mz_stream_buffered_write
CranePrefs,0x3419C,_mz_stream_tell,0x34EE8,_mz_stream_buffered_tell
CranePrefs,0x34B9C,sub_34B9C,0x34F60,_mz_stream_buffered_close
CranePrefs,0x3FF30,_bzero,0x34FBC,_mz_stream_buffered_create
CranePrefs,0x40140,_malloc,0x34FBC,_mz_stream_buffered_create
CranePrefs,0x40098,_free,0x35014,_mz_stream_buffered_delete
CranePrefs,0x40098,_free,0x35074,sub_35074
CranePrefs,0x40140,_malloc,0x35074,sub_35074
CranePrefs,0x40158,_memcpy,0x35074,sub_35074
CranePrefs,0x40158,_memcpy,0x350F0,_mz_stream_mem_read
CranePrefs,0x35074,sub_35074,0x3516C,_mz_stream_mem_write
CranePrefs,0x40158,_memcpy,0x3516C,_mz_stream_mem_write
CranePrefs,0x35074,sub_35074,0x35220,_mz_stream_mem_seek
CranePrefs,0x40140,_malloc,0x35380,_mz_stream_mem_create
CranePrefs,0x40098,_free,0x353D0,_mz_stream_mem_delete
CranePrefs,0x3FEAC,___error,0x35424,_mz_stream_os_open
CranePrefs,0x40080,_fopen,0x35424,_mz_stream_os_open
CranePrefs,0x3FEAC,___error,0x354CC,_mz_stream_os_seek
CranePrefs,0x400B0,_fseeko,0x354CC,_mz_stream_os_seek
CranePrefs,0x3FEAC,___error,0x35520,_mz_stream_os_read
CranePrefs,0x40074,_ferror,0x35520,_mz_stream_os_read
CranePrefs,0x4008C,_fread,0x35520,_mz_stream_os_read
CranePrefs,0x3FEAC,___error,0x35588,_mz_stream_os_write
CranePrefs,0x40074,_ferror,0x35588,_mz_stream_os_write
CranePrefs,0x400D4,_fwrite,0x35588,_mz_stream_os_write
CranePrefs,0x3FEAC,___error,0x355F0,_mz_stream_os_tell
CranePrefs,0x400C8,_ftello,0x355F0,_mz_stream_os_tell
CranePrefs,0x3FEAC,___error,0x3562C,_mz_stream_os_close
CranePrefs,0x4005C,_fclose,0x3562C,_mz_stream_os_close
CranePrefs,0x40140,_malloc,0x35674,_mz_stream_os_create
CranePrefs,0x40098,_free,0x356B4,_mz_stream_os_delete
CranePrefs,0x326F4,_mz_crypt_rand,0x356F0,_mz_stream_pkcrypt_open
CranePrefs,0x33B1C,_mz_stream_is_open,0x356F0,_mz_stream_pkcrypt_open
CranePrefs,0x33B3C,_mz_stream_read,0x356F0,_mz_stream_pkcrypt_open
CranePrefs,0x33D84,_mz_stream_write,0x356F0,_mz_stream_pkcrypt_open
CranePrefs,0x35998,sub_35998,0x356F0,_mz_stream_pkcrypt_open
CranePrefs,0x3FED0,___stack_chk_fail,0x356F0,_mz_stream_pkcrypt_open
CranePrefs,0x32444,_mz_crypt_crc32_update,0x35998,sub_35998
CranePrefs,0x33B3C,_mz_stream_read,0x35A40,_mz_stream_pkcrypt_read
CranePrefs,0x35998,sub_35998,0x35A40,_mz_stream_pkcrypt_read
CranePrefs,0x33D84,_mz_stream_write,0x35AE8,_mz_stream_pkcrypt_write
CranePrefs,0x35998,sub_35998,0x35AE8,_mz_stream_pkcrypt_write
CranePrefs,0x3FF30,_bzero,0x35CDC,_mz_stream_pkcrypt_create
CranePrefs,0x40140,_malloc,0x35CDC,_mz_stream_pkcrypt_create
CranePrefs,0x40098,_free,0x35D34,_mz_stream_pkcrypt_delete
CranePrefs,0x40098,_free,0x35D70,_mz_stream_split_open
CranePrefs,0x40140,_malloc,0x35D70,_mz_stream_split_open
CranePrefs,0x403D4,_strlen,0x35D70,_mz_stream_split_open
CranePrefs,0x403EC,_strncpy,0x35D70,_mz_stream_split_open
CranePrefs,0x33B1C,_mz_stream_is_open,0x35E4C,sub_35E4C
CranePrefs,0x36204,sub_36204,0x35E4C,sub_35E4C
CranePrefs,0x36374,sub_36374,0x35E4C,sub_35E4C
CranePrefs,0x33B3C,_mz_stream_read,0x35EE8,_mz_stream_split_read
CranePrefs,0x35E4C,sub_35E4C,0x35EE8,_mz_stream_split_read
CranePrefs,0x33D84,_mz_stream_write,0x35FB4,_mz_stream_split_write
CranePrefs,0x3419C,_mz_stream_tell,0x35FB4,_mz_stream_split_write
CranePrefs,0x35E4C,sub_35E4C,0x35FB4,_mz_stream_split_write
CranePrefs,0x35E4C,sub_35E4C,0x36100,_mz_stream_split_tell
CranePrefs,0x3419C,_mz_stream_tell,0x3613C,_mz_stream_split_seek
CranePrefs,0x35E4C,sub_35E4C,0x3613C,_mz_stream_split_seek
CranePrefs,0x36204,sub_36204,0x361E0,_mz_stream_split_close
CranePrefs,0x33B1C,_mz_stream_is_open,0x36204,sub_36204
CranePrefs,0x40140,_malloc,0x362BC,_mz_stream_split_create
CranePrefs,0x40098,_free,0x3631C,_mz_stream_split_delete
CranePrefs,0x336E8,_mz_os_file_exists,0x36374,sub_36374
CranePrefs,0x33AFC,_mz_stream_open,0x36374,sub_36374
CranePrefs,0x33D30,_mz_stream_read_uint32,0x36374,sub_36374
CranePrefs,0x33EC4,_mz_stream_write_uint32,0x36374,sub_36374
CranePrefs,0x3419C,_mz_stream_tell,0x36374,sub_36374
CranePrefs,0x34204,_mz_stream_seek,0x36374,sub_36374
CranePrefs,0x3FEC4,___snprintf_chk,0x36374,sub_36374
CranePrefs,0x403D4,_strlen,0x36374,sub_36374
CranePrefs,0x403EC,_strncpy,0x36374,sub_36374
CranePrefs,0x3245C,_mz_crypt_pbkdf2,0x3652C,_mz_stream_wzaes_open
CranePrefs,0x326F4,_mz_crypt_rand,0x3652C,_mz_stream_wzaes_open
CranePrefs,0x32938,_mz_crypt_aes_reset,0x3652C,_mz_stream_wzaes_open
CranePrefs,0x32A34,_mz_crypt_aes_set_encrypt_key,0x3652C,_mz_stream_wzaes_open
CranePrefs,0x32B2C,_mz_crypt_aes_set_mode,0x3652C,_mz_stream_wzaes_open
CranePrefs,0x32BA8,_mz_crypt_hmac_reset,0x3652C,_mz_stream_wzaes_open
CranePrefs,0x32BE4,_mz_crypt_hmac_init,0x3652C,_mz_stream_wzaes_open
CranePrefs,0x32CF4,_mz_crypt_hmac_set_algorithm,0x3652C,_mz_stream_wzaes_open
CranePrefs,0x33B1C,_mz_stream_is_open,0x3652C,_mz_stream_wzaes_open
CranePrefs,0x33B3C,_mz_stream_read,0x3652C,_mz_stream_wzaes_open
CranePrefs,0x33D84,_mz_stream_write,0x3652C,_mz_stream_wzaes_open
CranePrefs,0x3FED0,___stack_chk_fail,0x3652C,_mz_stream_wzaes_open
CranePrefs,0x403D4,_strlen,0x3652C,_mz_stream_wzaes_open
CranePrefs,0x32C78,_mz_crypt_hmac_update,0x367B0,_mz_stream_wzaes_read
CranePrefs,0x33B3C,_mz_stream_read,0x367B0,_mz_stream_wzaes_read
CranePrefs,0x3683C,sub_3683C,0x367B0,_mz_stream_wzaes_read
CranePrefs,0x32964,_mz_crypt_aes_encrypt,0x3683C,sub_3683C
CranePrefs,0x32C78,_mz_crypt_hmac_update,0x3691C,_mz_stream_wzaes_write
CranePrefs,0x33D84,_mz_stream_write,0x3691C,_mz_stream_wzaes_write
CranePrefs,0x3683C,sub_3683C,0x3691C,_mz_stream_wzaes_write
CranePrefs,0x40158,_memcpy,0x3691C,_mz_stream_wzaes_write
CranePrefs,0x32CA8,_mz_crypt_hmac_end,0x36A0C,_mz_stream_wzaes_close
CranePrefs,0x33B3C,_mz_stream_read,0x36A0C,_mz_stream_wzaes_close
CranePrefs,0x33D84,_mz_stream_write,0x36A0C,_mz_stream_wzaes_close
CranePrefs,0x3FED0,___stack_chk_fail,0x36A0C,_mz_stream_wzaes_close
CranePrefs,0x4014C,_memcmp,0x36A0C,_mz_stream_wzaes_close
CranePrefs,0x32B34,_mz_crypt_aes_create,0x36BC8,_mz_stream_wzaes_create
CranePrefs,0x32D30,_mz_crypt_hmac_create,0x36BC8,_mz_stream_wzaes_create
CranePrefs,0x3FF30,_bzero,0x36BC8,_mz_stream_wzaes_create
CranePrefs,0x40140,_malloc,0x36BC8,_mz_stream_wzaes_create
CranePrefs,0x32B68,_mz_crypt_aes_delete,0x36C50,_mz_stream_wzaes_delete
CranePrefs,0x32DA4,_mz_crypt_hmac_delete,0x36C50,_mz_stream_wzaes_delete
CranePrefs,0x40098,_free,0x36C50,_mz_stream_wzaes_delete
CranePrefs,0x3FFB4,_deflateInit2_,0x36CB0,_mz_stream_zlib_open
CranePrefs,0x40104,_inflateInit2_,0x36CB0,_mz_stream_zlib_open
CranePrefs,0x33B3C,_mz_stream_read,0x36D98,_mz_stream_zlib_read
CranePrefs,0x400EC,_inflate,0x36D98,_mz_stream_zlib_read
CranePrefs,0x36EF4,sub_36EF4,0x36EAC,_mz_stream_zlib_write
CranePrefs,0x33D84,_mz_stream_write,0x36EF4,sub_36EF4
CranePrefs,0x3FF9C,_deflate,0x36EF4,sub_36EF4
CranePrefs,0x33D84,_mz_stream_write,0x36FE8,_mz_stream_zlib_close
CranePrefs,0x36EF4,sub_36EF4,0x36FE8,_mz_stream_zlib_close
CranePrefs,0x3FFA8,_deflateEnd,0x36FE8,_mz_stream_zlib_close
CranePrefs,0x400F8,_inflateEnd,0x36FE8,_mz_stream_zlib_close
CranePrefs,0x3FF30,_bzero,0x37118,_mz_stream_zlib_create
CranePrefs,0x40140,_malloc,0x37118,_mz_stream_zlib_create
CranePrefs,0x40098,_free,0x37188,_mz_stream_zlib_delete
CranePrefs,0x40140,_malloc,0x371C4,_mz_zip_create
CranePrefs,0x40098,_free,0x37238,_mz_zip_delete
CranePrefs,0x33B1C,_mz_stream_is_open,0x37268,_mz_zip_open
CranePrefs,0x33B3C,_mz_stream_read,0x37268,_mz_zip_open
CranePrefs,0x33CEC,_mz_stream_read_uint16,0x37268,_mz_zip_open
CranePrefs,0x33D30,_mz_stream_read_uint32,0x37268,_mz_zip_open
CranePrefs,0x33D74,_mz_stream_read_int64,0x37268,_mz_zip_open
CranePrefs,0x33D7C,_mz_stream_read_uint64,0x37268,_mz_zip_open
CranePrefs,0x33EE0,_mz_stream_copy,0x37268,_mz_zip_open
CranePrefs,0x3419C,_mz_stream_tell,0x37268,_mz_zip_open
CranePrefs,0x34204,_mz_stream_seek,0x37268,_mz_zip_open
CranePrefs,0x34298,_mz_stream_find,0x37268,_mz_zip_open
CranePrefs,0x34480,_mz_stream_find_reverse,0x37268,_mz_zip_open
CranePrefs,0x34784,_mz_stream_get_prop_int64,0x37268,_mz_zip_open
CranePrefs,0x347A4,_mz_stream_set_prop_int64,0x37268,_mz_zip_open
CranePrefs,0x35050,_mz_stream_mem_open,0x37268,_mz_zip_open
CranePrefs,0x35370,_mz_stream_mem_set_buffer_limit,0x37268,_mz_zip_open
CranePrefs,0x35380,_mz_stream_mem_create,0x37268,_mz_zip_open
CranePrefs,0x353D0,_mz_stream_mem_delete,0x37268,_mz_zip_open
CranePrefs,0x37C24,_mz_zip_close,0x37268,_mz_zip_open
CranePrefs,0x3840C,sub_3840C,0x37268,_mz_zip_open
CranePrefs,0x392E8,sub_392E8,0x37268,_mz_zip_open
CranePrefs,0x39E28,_mz_zip_extrafield_contains,0x37268,_mz_zip_open
CranePrefs,0x39EB4,sub_39EB4,0x37268,_mz_zip_open
CranePrefs,0x40140,_malloc,0x37268,_mz_zip_open
CranePrefs,0x33D84,_mz_stream_write,0x37C24,_mz_zip_close
CranePrefs,0x33EBC,_mz_stream_write_uint16,0x37C24,_mz_zip_close
CranePrefs,0x33EC4,_mz_stream_write_uint32,0x37C24,_mz_zip_close
CranePrefs,0x33ED0,_mz_stream_write_int64,0x37C24,_mz_zip_close
CranePrefs,0x33ED8,_mz_stream_write_uint64,0x37C24,_mz_zip_close
CranePrefs,0x33EE0,_mz_stream_copy,0x37C24,_mz_zip_close
CranePrefs,0x3419C,_mz_stream_tell,0x37C24,_mz_zip_close
CranePrefs,0x34204,_mz_stream_seek,0x37C24,_mz_zip_close
CranePrefs,0x346E4,_mz_stream_close,0x37C24,_mz_zip_close
CranePrefs,0x34784,_mz_stream_get_prop_int64,0x37C24,_mz_zip_close
CranePrefs,0x347A4,_mz_stream_set_prop_int64,0x37C24,_mz_zip_close
CranePrefs,0x347E0,_mz_stream_delete,0x37C24,_mz_zip_close
CranePrefs,0x352A0,_mz_stream_mem_close,0x37C24,_mz_zip_close
CranePrefs,0x353D0,_mz_stream_mem_delete,0x37C24,_mz_zip_close
CranePrefs,0x3A4F0,_mz_zip_entry_close_raw,0x37C24,_mz_zip_close
CranePrefs,0x40098,_free,0x37C24,_mz_zip_close
CranePrefs,0x403D4,_strlen,0x37C24,_mz_zip_close
CranePrefs,0x3FF30,_bzero,0x38090,_mz_zip_set_comment
CranePrefs,0x40098,_free,0x38090,_mz_zip_set_comment
CranePrefs,0x40140,_malloc,0x38090,_mz_zip_set_comment
CranePrefs,0x403D4,_strlen,0x38090,_mz_zip_set_comment
CranePrefs,0x403EC,_strncpy,0x38090,_mz_zip_set_comment
CranePrefs,0x34204,_mz_stream_seek,0x38290,_mz_zip_entry_read_open
CranePrefs,0x3836C,_mz_zip_entry_seek_local_header,0x38290,_mz_zip_entry_read_open
CranePrefs,0x3840C,sub_3840C,0x38290,_mz_zip_entry_read_open
CranePrefs,0x34204,_mz_stream_seek,0x3836C,_mz_zip_entry_seek_local_header
CranePrefs,0x34784,_mz_stream_get_prop_int64,0x3836C,_mz_zip_entry_seek_local_header
CranePrefs,0x347A4,_mz_stream_set_prop_int64,0x3836C,_mz_zip_entry_seek_local_header
CranePrefs,0x33B3C,_mz_stream_read,0x3840C,sub_3840C
CranePrefs,0x33BC0,_mz_stream_read_uint8,0x3840C,sub_3840C
CranePrefs,0x33CEC,_mz_stream_read_uint16,0x3840C,sub_3840C
CranePrefs,0x33D30,_mz_stream_read_uint32,0x3840C,sub_3840C
CranePrefs,0x33D74,_mz_stream_read_int64,0x3840C,sub_3840C
CranePrefs,0x33D7C,_mz_stream_read_uint64,0x3840C,sub_3840C
CranePrefs,0x33D84,_mz_stream_write,0x3840C,sub_3840C
CranePrefs,0x33E14,_mz_stream_write_uint8,0x3840C,sub_3840C
CranePrefs,0x33EE0,_mz_stream_copy,0x3840C,sub_3840C
CranePrefs,0x3419C,_mz_stream_tell,0x3840C,sub_3840C
CranePrefs,0x34204,_mz_stream_seek,0x3840C,sub_3840C
CranePrefs,0x352BC,_mz_stream_mem_get_buffer,0x3840C,sub_3840C
CranePrefs,0x352E4,_mz_stream_mem_get_buffer_at,0x3840C,sub_3840C
CranePrefs,0x3ADCC,_mz_zip_dosdate_to_time_t,0x3840C,sub_3840C
CranePrefs,0x40098,_free,0x3840C,sub_3840C
CranePrefs,0x40140,_malloc,0x3840C,sub_3840C
CranePrefs,0x33AFC,_mz_stream_open,0x38CB0,sub_38CB0
CranePrefs,0x3476C,_mz_stream_set_base,0x38CB0,sub_38CB0
CranePrefs,0x34784,_mz_stream_get_prop_int64,0x38CB0,sub_38CB0
CranePrefs,0x347A4,_mz_stream_set_prop_int64,0x38CB0,sub_38CB0
CranePrefs,0x34980,_mz_stream_raw_create,0x38CB0,sub_38CB0
CranePrefs,0x35C08,_mz_stream_pkcrypt_set_password,0x38CB0,sub_38CB0
CranePrefs,0x35C18,_mz_stream_pkcrypt_set_verify,0x38CB0,sub_38CB0
CranePrefs,0x35CDC,_mz_stream_pkcrypt_create,0x38CB0,sub_38CB0
CranePrefs,0x36B10,_mz_stream_wzaes_set_password,0x38CB0,sub_38CB0
CranePrefs,0x36B20,_mz_stream_wzaes_set_encryption_mode,0x38CB0,sub_38CB0
CranePrefs,0x36BC8,_mz_stream_wzaes_create,0x38CB0,sub_38CB0
CranePrefs,0x37118,_mz_stream_zlib_create,0x38CB0,sub_38CB0
CranePrefs,0x39FE8,sub_39FE8,0x38CB0,sub_38CB0
CranePrefs,0x33D84,_mz_stream_write,0x38F10,_mz_zip_entry_write_open
CranePrefs,0x33E14,_mz_stream_write_uint8,0x38F10,_mz_zip_entry_write_open
CranePrefs,0x3419C,_mz_stream_tell,0x38F10,_mz_zip_entry_write_open
CranePrefs,0x34204,_mz_stream_seek,0x38F10,_mz_zip_entry_write_open
CranePrefs,0x34784,_mz_stream_get_prop_int64,0x38F10,_mz_zip_entry_write_open
CranePrefs,0x352E4,_mz_stream_mem_get_buffer_at,0x38F10,_mz_zip_entry_write_open
CranePrefs,0x38CB0,sub_38CB0,0x38F10,_mz_zip_entry_write_open
CranePrefs,0x39230,_mz_zip_attrib_is_dir,0x38F10,_mz_zip_entry_write_open
CranePrefs,0x392E8,sub_392E8,0x38F10,_mz_zip_entry_write_open
CranePrefs,0x3A4F0,_mz_zip_entry_close_raw,0x38F10,_mz_zip_entry_write_open
CranePrefs,0x3AE28,_mz_zip_time_t_to_tm,0x38F10,_mz_zip_entry_write_open
CranePrefs,0x3AEA0,_mz_zip_tm_to_dosdate,0x38F10,_mz_zip_entry_write_open
CranePrefs,0x403D4,_strlen,0x38F10,_mz_zip_entry_write_open
CranePrefs,0x3AE28,_mz_zip_time_t_to_tm,0x392C0,_mz_zip_time_t_to_dos_date
CranePrefs,0x3AEA0,_mz_zip_tm_to_dosdate,0x392C0,_mz_zip_time_t_to_dos_date
CranePrefs,0x33CEC,_mz_stream_read_uint16,0x392E8,sub_392E8
CranePrefs,0x33D84,_mz_stream_write,0x392E8,sub_392E8
CranePrefs,0x33E14,_mz_stream_write_uint8,0x392E8,sub_392E8
CranePrefs,0x33EBC,_mz_stream_write_uint16,0x392E8,sub_392E8
CranePrefs,0x33EC4,_mz_stream_write_uint32,0x392E8,sub_392E8
CranePrefs,0x33ED0,_mz_stream_write_int64,0x392E8,sub_392E8
CranePrefs,0x33ED8,_mz_stream_write_uint64,0x392E8,sub_392E8
CranePrefs,0x33EE0,_mz_stream_copy,0x392E8,sub_392E8
CranePrefs,0x34204,_mz_stream_seek,0x392E8,sub_392E8
CranePrefs,0x35220,_mz_stream_mem_seek,0x392E8,sub_392E8
CranePrefs,0x352B0,_mz_stream_mem_set_buffer,0x392E8,sub_392E8
CranePrefs,0x35380,_mz_stream_mem_create,0x392E8,sub_392E8
CranePrefs,0x353D0,_mz_stream_mem_delete,0x392E8,sub_392E8
CranePrefs,0x39230,_mz_zip_attrib_is_dir,0x392E8,sub_392E8
CranePrefs,0x3A2AC,sub_3A2AC,0x392E8,sub_392E8
CranePrefs,0x3A450,sub_3A450,0x392E8,sub_392E8
CranePrefs,0x3AE28,_mz_zip_time_t_to_tm,0x392E8,sub_392E8
CranePrefs,0x3AEA0,_mz_zip_tm_to_dosdate,0x392E8,sub_392E8
CranePrefs,0x3FEC4,___snprintf_chk,0x392E8,sub_392E8
CranePrefs,0x3FED0,___stack_chk_fail,0x392E8,sub_392E8
CranePrefs,0x403D4,_strlen,0x392E8,sub_392E8
CranePrefs,0x32444,_mz_crypt_crc32_update,0x39BD0,_mz_zip_entry_read
CranePrefs,0x33B3C,_mz_stream_read,0x39BD0,_mz_zip_entry_read
CranePrefs,0x32444,_mz_crypt_crc32_update,0x39C48,_mz_zip_entry_write
CranePrefs,0x33D84,_mz_stream_write,0x39C48,_mz_zip_entry_write
CranePrefs,0x34204,_mz_stream_seek,0x39CB0,_mz_zip_entry_read_close
CranePrefs,0x346E4,_mz_stream_close,0x39CB0,_mz_zip_entry_read_close
CranePrefs,0x34784,_mz_stream_get_prop_int64,0x39CB0,_mz_zip_entry_read_close
CranePrefs,0x3836C,_mz_zip_entry_seek_local_header,0x39CB0,_mz_zip_entry_read_close
CranePrefs,0x39E28,_mz_zip_extrafield_contains,0x39CB0,_mz_zip_entry_read_close
CranePrefs,0x39EB4,sub_39EB4,0x39CB0,_mz_zip_entry_read_close
CranePrefs,0x39FE8,sub_39FE8,0x39CB0,_mz_zip_entry_read_close
CranePrefs,0x352B0,_mz_stream_mem_set_buffer,0x39E28,_mz_zip_extrafield_contains
CranePrefs,0x35380,_mz_stream_mem_create,0x39E28,_mz_zip_extrafield_contains
CranePrefs,0x353D0,_mz_stream_mem_delete,0x39E28,_mz_zip_extrafield_contains
CranePrefs,0x3AC00,_mz_zip_extrafield_find,0x39E28,_mz_zip_extrafield_contains
CranePrefs,0x33D30,_mz_stream_read_uint32,0x39EB4,sub_39EB4
CranePrefs,0x33D74,_mz_stream_read_int64,0x39EB4,sub_39EB4
CranePrefs,0x347E0,_mz_stream_delete,0x39FE8,sub_39FE8
CranePrefs,0x33ED8,_mz_stream_write_uint64,0x3A030,_mz_zip_entry_write_close
CranePrefs,0x3419C,_mz_stream_tell,0x3A030,_mz_zip_entry_write_close
CranePrefs,0x34204,_mz_stream_seek,0x3A030,_mz_zip_entry_write_close
CranePrefs,0x346E4,_mz_stream_close,0x3A030,_mz_zip_entry_write_close
CranePrefs,0x3476C,_mz_stream_set_base,0x3A030,_mz_zip_entry_write_close
CranePrefs,0x34784,_mz_stream_get_prop_int64,0x3A030,_mz_zip_entry_write_close
CranePrefs,0x347A4,_mz_stream_set_prop_int64,0x3A030,_mz_zip_entry_write_close
CranePrefs,0x3836C,_mz_zip_entry_seek_local_header,0x3A030,_mz_zip_entry_write_close
CranePrefs,0x392E8,sub_392E8,0x3A030,_mz_zip_entry_write_close
CranePrefs,0x39FE8,sub_39FE8,0x3A030,_mz_zip_entry_write_close
CranePrefs,0x3A2AC,sub_3A2AC,0x3A030,_mz_zip_entry_write_close
CranePrefs,0x3A39C,sub_3A39C,0x3A030,_mz_zip_entry_write_close
CranePrefs,0x3A450,sub_3A450,0x3A030,_mz_zip_entry_write_close
CranePrefs,0x403D4,_strlen,0x3A030,_mz_zip_entry_write_close
CranePrefs,0x39230,_mz_zip_attrib_is_dir,0x3A2AC,sub_3A2AC
CranePrefs,0x33EC4,_mz_stream_write_uint32,0x3A39C,sub_3A39C
CranePrefs,0x33ED0,_mz_stream_write_int64,0x3A39C,sub_3A39C
CranePrefs,0x33EC4,_mz_stream_write_uint32,0x3A450,sub_3A450
CranePrefs,0x39230,_mz_zip_attrib_is_dir,0x3A52C,_mz_zip_entry_is_dir
CranePrefs,0x403D4,_strlen,0x3A52C,_mz_zip_entry_is_dir
CranePrefs,0x3A60C,_mz_zip_attrib_is_symlink,0x3A5AC,_mz_zip_entry_is_symlink
CranePrefs,0x34204,_mz_stream_seek,0x3A75C,sub_3A75C
CranePrefs,0x347A4,_mz_stream_set_prop_int64,0x3A75C,sub_3A75C
CranePrefs,0x3840C,sub_3840C,0x3A75C,sub_3A75C
CranePrefs,0x3A75C,sub_3A75C,0x3A818,_mz_zip_locate_entry
CranePrefs,0x3A7E4,_mz_zip_goto_next_entry,0x3A818,_mz_zip_locate_entry
CranePrefs,0x3A8A4,_mz_zip_path_compare,0x3A818,_mz_zip_locate_entry
CranePrefs,0x3FF00,___tolower,0x3A8A4,_mz_zip_path_compare
CranePrefs,0x3A75C,sub_3A75C,0x3A980,_mz_zip_locate_first_entry
CranePrefs,0x3A7E4,_mz_zip_goto_next_entry,0x3A9F4,_mz_zip_locate_next_entry
CranePrefs,0x33CEC,_mz_stream_read_uint16,0x3AC00,_mz_zip_extrafield_find
CranePrefs,0x34204,_mz_stream_seek,0x3AC00,_mz_zip_extrafield_find
CranePrefs,0x33CEC,_mz_stream_read_uint16,0x3ACAC,_mz_zip_extrafield_read
CranePrefs,0x33EBC,_mz_stream_write_uint16,0x3ACF8,_mz_zip_extrafield_write
CranePrefs,0x401B8,_mktime,0x3ADCC,_mz_zip_dosdate_to_time_t
CranePrefs,0x40110,_localtime_r,0x3AE28,_mz_zip_time_t_to_tm
CranePrefs,0x371C4,_mz_zip_create,0x3B014,_mz_zip_reader_open
CranePrefs,0x37268,_mz_zip_open,0x3B014,_mz_zip_reader_open
CranePrefs,0x3816C,_mz_zip_set_recover,0x3B014,_mz_zip_reader_open
CranePrefs,0x3B08C,_mz_zip_reader_close,0x3B014,_mz_zip_reader_open
CranePrefs,0x3B120,_mz_zip_reader_unzip_cd,0x3B014,_mz_zip_reader_open
CranePrefs,0x35014,_mz_stream_buffered_delete,0x3B08C,_mz_zip_reader_close
CranePrefs,0x352A0,_mz_stream_mem_close,0x3B08C,_mz_zip_reader_close
CranePrefs,0x353D0,_mz_stream_mem_delete,0x3B08C,_mz_zip_reader_close
CranePrefs,0x356B4,_mz_stream_os_delete,0x3B08C,_mz_zip_reader_close
CranePrefs,0x361E0,_mz_stream_split_close,0x3B08C,_mz_zip_reader_close
CranePrefs,0x3631C,_mz_stream_split_delete,0x3B08C,_mz_zip_reader_close
CranePrefs,0x37238,_mz_zip_delete,0x3B08C,_mz_zip_reader_close
CranePrefs,0x37C24,_mz_zip_close,0x3B08C,_mz_zip_reader_close
CranePrefs,0x33D7C,_mz_stream_read_uint64,0x3B120,_mz_zip_reader_unzip_cd
CranePrefs,0x33FAC,_mz_stream_copy_stream,0x3B120,_mz_zip_reader_unzip_cd
CranePrefs,0x34204,_mz_stream_seek,0x3B120,_mz_zip_reader_unzip_cd
CranePrefs,0x35050,_mz_stream_mem_open,0x3B120,_mz_zip_reader_unzip_cd
CranePrefs,0x350DC,_mz_stream_mem_is_open,0x3B120,_mz_zip_reader_unzip_cd
CranePrefs,0x352B0,_mz_stream_mem_set_buffer,0x3B120,_mz_zip_reader_unzip_cd
CranePrefs,0x35380,_mz_stream_mem_create,0x3B120,_mz_zip_reader_unzip_cd
CranePrefs,0x353D0,_mz_stream_mem_delete,0x3B120,_mz_zip_reader_unzip_cd
CranePrefs,0x381CC,_mz_zip_set_cd_stream,0x3B120,_mz_zip_reader_unzip_cd
CranePrefs,0x381F0,_mz_zip_get_cd_mem_stream,0x3B120,_mz_zip_reader_unzip_cd
CranePrefs,0x38218,_mz_zip_set_number_entry,0x3B120,_mz_zip_reader_unzip_cd
CranePrefs,0x3AC00,_mz_zip_extrafield_find,0x3B120,_mz_zip_reader_unzip_cd
CranePrefs,0x3B50C,_mz_zip_reader_goto_first_entry,0x3B120,_mz_zip_reader_unzip_cd
CranePrefs,0x3B5C4,_mz_zip_reader_entry_open,0x3B120,_mz_zip_reader_unzip_cd
CranePrefs,0x403BC,_strcmp,0x3B120,_mz_zip_reader_unzip_cd
CranePrefs,0x33AFC,_mz_stream_open,0x3B2C4,_mz_zip_reader_open_file
CranePrefs,0x3476C,_mz_stream_set_base,0x3B2C4,_mz_zip_reader_open_file
CranePrefs,0x34FBC,_mz_stream_buffered_create,0x3B2C4,_mz_zip_reader_open_file
CranePrefs,0x35674,_mz_stream_os_create,0x3B2C4,_mz_zip_reader_open_file
CranePrefs,0x362BC,_mz_stream_split_create,0x3B2C4,_mz_zip_reader_open_file
CranePrefs,0x3B08C,_mz_zip_reader_close,0x3B2C4,_mz_zip_reader_open_file
CranePrefs,0x33EE0,_mz_stream_copy,0x3B338,_mz_zip_reader_open_file_in_memory
CranePrefs,0x35050,_mz_stream_mem_open,0x3B338,_mz_zip_reader_open_file_in_memory
CranePrefs,0x35378,_mz_stream_mem_set_grow_size,0x3B338,_mz_zip_reader_open_file_in_memory
CranePrefs,0x35380,_mz_stream_mem_create,0x3B338,_mz_zip_reader_open_file_in_memory
CranePrefs,0x35424,_mz_stream_os_open,0x3B338,_mz_zip_reader_open_file_in_memory
CranePrefs,0x354CC,_mz_stream_os_seek,0x3B338,_mz_zip_reader_open_file_in_memory
CranePrefs,0x355F0,_mz_stream_os_tell,0x3B338,_mz_zip_reader_open_file_in_memory
CranePrefs,0x3562C,_mz_stream_os_close,0x3B338,_mz_zip_reader_open_file_in_memory
CranePrefs,0x35674,_mz_stream_os_create,0x3B338,_mz_zip_reader_open_file_in_memory
CranePrefs,0x356B4,_mz_stream_os_delete,0x3B338,_mz_zip_reader_open_file_in_memory
CranePrefs,0x3B014,_mz_zip_reader_open,0x3B338,_mz_zip_reader_open_file_in_memory
CranePrefs,0x3B08C,_mz_zip_reader_close,0x3B338,_mz_zip_reader_open_file_in_memory
CranePrefs,0x35050,_mz_stream_mem_open,0x3B45C,_mz_zip_reader_open_buffer
CranePrefs,0x3516C,_mz_stream_mem_write,0x3B45C,_mz_zip_reader_open_buffer
CranePrefs,0x35220,_mz_stream_mem_seek,0x3B45C,_mz_zip_reader_open_buffer
CranePrefs,0x352B0,_mz_stream_mem_set_buffer,0x3B45C,_mz_zip_reader_open_buffer
CranePrefs,0x35378,_mz_stream_mem_set_grow_size,0x3B45C,_mz_zip_reader_open_buffer
CranePrefs,0x35380,_mz_stream_mem_create,0x3B45C,_mz_zip_reader_open_buffer
CranePrefs,0x3B08C,_mz_zip_reader_close,0x3B45C,_mz_zip_reader_open_buffer
CranePrefs,0x38038,_mz_zip_entry_is_open,0x3B50C,_mz_zip_reader_goto_first_entry
CranePrefs,0x3A7CC,_mz_zip_goto_first_entry,0x3B50C,_mz_zip_reader_goto_first_entry
CranePrefs,0x3A980,_mz_zip_locate_first_entry,0x3B50C,_mz_zip_reader_goto_first_entry
CranePrefs,0x3B760,_mz_zip_reader_entry_close,0x3B50C,_mz_zip_reader_goto_first_entry
CranePrefs,0x32738,_mz_crypt_sha_begin,0x3B5C4,_mz_zip_reader_entry_open
CranePrefs,0x328A8,_mz_crypt_sha_set_algorithm,0x3B5C4,_mz_zip_reader_entry_open
CranePrefs,0x328B0,_mz_crypt_sha_create,0x3B5C4,_mz_zip_reader_entry_open
CranePrefs,0x38038,_mz_zip_entry_is_open,0x3B5C4,_mz_zip_reader_entry_open
CranePrefs,0x38290,_mz_zip_entry_read_open,0x3B5C4,_mz_zip_reader_entry_open
CranePrefs,0x3B920,_mz_zip_reader_entry_get_first_hash,0x3B5C4,_mz_zip_reader_entry_open
CranePrefs,0x3FED0,___stack_chk_fail,0x3B5C4,_mz_zip_reader_entry_open
CranePrefs,0x327A8,_mz_crypt_sha_update,0x3B70C,_mz_zip_reader_entry_read
CranePrefs,0x39BD0,_mz_zip_entry_read,0x3B70C,_mz_zip_reader_entry_read
CranePrefs,0x3281C,_mz_crypt_sha_end,0x3B760,_mz_zip_reader_entry_close
CranePrefs,0x32908,_mz_crypt_sha_delete,0x3B760,_mz_zip_reader_entry_close
CranePrefs,0x38058,_mz_zip_entry_close,0x3B760,_mz_zip_reader_entry_close
CranePrefs,0x3B9E4,_mz_zip_reader_entry_get_hash,0x3B760,_mz_zip_reader_entry_close
CranePrefs,0x3FED0,___stack_chk_fail,0x3B760,_mz_zip_reader_entry_close
CranePrefs,0x4014C,_memcmp,0x3B760,_mz_zip_reader_entry_close
CranePrefs,0x38038,_mz_zip_entry_is_open,0x3B830,_mz_zip_reader_goto_next_entry
CranePrefs,0x3A7E4,_mz_zip_goto_next_entry,0x3B830,_mz_zip_reader_goto_next_entry
CranePrefs,0x3A9F4,_mz_zip_locate_next_entry,0x3B830,_mz_zip_reader_goto_next_entry
CranePrefs,0x3B760,_mz_zip_reader_entry_close,0x3B830,_mz_zip_reader_goto_next_entry
CranePrefs,0x38038,_mz_zip_entry_is_open,0x3B8B0,_mz_zip_reader_locate_entry
CranePrefs,0x3A818,_mz_zip_locate_entry,0x3B8B0,_mz_zip_reader_locate_entry
CranePrefs,0x3B760,_mz_zip_reader_entry_close,0x3B8B0,_mz_zip_reader_locate_entry
CranePrefs,0x33CEC,_mz_stream_read_uint16,0x3B920,_mz_zip_reader_entry_get_first_hash
CranePrefs,0x352B0,_mz_stream_mem_set_buffer,0x3B920,_mz_zip_reader_entry_get_first_hash
CranePrefs,0x35380,_mz_stream_mem_create,0x3B920,_mz_zip_reader_entry_get_first_hash
CranePrefs,0x353D0,_mz_stream_mem_delete,0x3B920,_mz_zip_reader_entry_get_first_hash
CranePrefs,0x3AC00,_mz_zip_extrafield_find,0x3B920,_mz_zip_reader_entry_get_first_hash
CranePrefs,0x33B3C,_mz_stream_read,0x3B9E4,_mz_zip_reader_entry_get_hash
CranePrefs,0x33CEC,_mz_stream_read_uint16,0x3B9E4,_mz_zip_reader_entry_get_hash
CranePrefs,0x34204,_mz_stream_seek,0x3B9E4,_mz_zip_reader_entry_get_hash
CranePrefs,0x352B0,_mz_stream_mem_set_buffer,0x3B9E4,_mz_zip_reader_entry_get_hash
CranePrefs,0x35380,_mz_stream_mem_create,0x3B9E4,_mz_zip_reader_entry_get_hash
CranePrefs,0x353D0,_mz_stream_mem_delete,0x3B9E4,_mz_zip_reader_entry_get_hash
CranePrefs,0x3AC00,_mz_zip_extrafield_find,0x3B9E4,_mz_zip_reader_entry_get_hash
CranePrefs,0x38038,_mz_zip_entry_is_open,0x3BAE4,_mz_zip_reader_entry_has_sign
CranePrefs,0x38038,_mz_zip_entry_is_open,0x3BB4C,_mz_zip_reader_entry_save_process
CranePrefs,0x3B5C4,_mz_zip_reader_entry_open,0x3BB4C,_mz_zip_reader_entry_save_process
CranePrefs,0x3B70C,_mz_zip_reader_entry_read,0x3BB4C,_mz_zip_reader_entry_save_process
CranePrefs,0x3B760,_mz_zip_reader_entry_close,0x3BB4C,_mz_zip_reader_entry_save_process
CranePrefs,0x33A8C,_mz_os_ms_time,0x3BC18,_mz_zip_reader_entry_save
CranePrefs,0x3BB4C,_mz_zip_reader_entry_save_process,0x3BC18,_mz_zip_reader_entry_save
CranePrefs,0x32F30,_mz_path_remove_slash,0x3BD4C,_mz_zip_reader_entry_save_file
CranePrefs,0x32FD8,_mz_path_convert_slashes,0x3BD4C,_mz_zip_reader_entry_save_file
CranePrefs,0x332E0,_mz_path_remove_filename,0x3BD4C,_mz_zip_reader_entry_save_file
CranePrefs,0x33424,_mz_dir_make,0x3BD4C,_mz_zip_reader_entry_save_file
CranePrefs,0x336C8,_mz_os_unlink,0x3BD4C,_mz_zip_reader_entry_save_file
CranePrefs,0x336E8,_mz_os_file_exists,0x3BD4C,_mz_zip_reader_entry_save_file
CranePrefs,0x33864,_mz_os_set_file_date,0x3BD4C,_mz_zip_reader_entry_save_file
CranePrefs,0x338EC,_mz_os_set_file_attribs,0x3BD4C,_mz_zip_reader_entry_save_file
CranePrefs,0x33984,_mz_os_is_dir,0x3BD4C,_mz_zip_reader_entry_save_file
CranePrefs,0x33A1C,_mz_os_make_symlink,0x3BD4C,_mz_zip_reader_entry_save_file
CranePrefs,0x346E4,_mz_stream_close,0x3BD4C,_mz_zip_reader_entry_save_file
CranePrefs,0x347E0,_mz_stream_delete,0x3BD4C,_mz_zip_reader_entry_save_file
CranePrefs,0x35424,_mz_stream_os_open,0x3BD4C,_mz_zip_reader_entry_save_file
CranePrefs,0x35674,_mz_stream_os_create,0x3BD4C,_mz_zip_reader_entry_save_file
CranePrefs,0x3A52C,_mz_zip_entry_is_dir,0x3BD4C,_mz_zip_reader_entry_save_file
CranePrefs,0x3A5AC,_mz_zip_entry_is_symlink,0x3BD4C,_mz_zip_reader_entry_save_file
CranePrefs,0x3AA44,_mz_zip_attrib_convert,0x3BD4C,_mz_zip_reader_entry_save_file
CranePrefs,0x3BC18,_mz_zip_reader_entry_save,0x3BD4C,_mz_zip_reader_entry_save_file
CranePrefs,0x3FED0,___stack_chk_fail,0x3BD4C,_mz_zip_reader_entry_save_file
CranePrefs,0x403EC,_strncpy,0x3BD4C,_mz_zip_reader_entry_save_file
CranePrefs,0x35050,_mz_stream_mem_open,0x3BF6C,_mz_zip_reader_entry_save_buffer
CranePrefs,0x352B0,_mz_stream_mem_set_buffer,0x3BF6C,_mz_zip_reader_entry_save_buffer
CranePrefs,0x35380,_mz_stream_mem_create,0x3BF6C,_mz_zip_reader_entry_save_buffer
CranePrefs,0x353D0,_mz_stream_mem_delete,0x3BF6C,_mz_zip_reader_entry_save_buffer
CranePrefs,0x3BC18,_mz_zip_reader_entry_save,0x3BF6C,_mz_zip_reader_entry_save_buffer
CranePrefs,0x32E08,_mz_path_combine,0x3C068,_mz_zip_reader_save_all
CranePrefs,0x33130,_mz_path_resolve,0x3C068,_mz_zip_reader_save_all
CranePrefs,0x335C0,_mz_os_utf8_string_create,0x3C068,_mz_zip_reader_save_all
CranePrefs,0x33604,_mz_os_utf8_string_delete,0x3C068,_mz_zip_reader_save_all
CranePrefs,0x3B50C,_mz_zip_reader_goto_first_entry,0x3C068,_mz_zip_reader_save_all
CranePrefs,0x3B830,_mz_zip_reader_goto_next_entry,0x3C068,_mz_zip_reader_save_all
CranePrefs,0x3BD4C,_mz_zip_reader_entry_save_file,0x3C068,_mz_zip_reader_save_all
CranePrefs,0x3FED0,___stack_chk_fail,0x3C068,_mz_zip_reader_save_all
CranePrefs,0x403EC,_strncpy,0x3C068,_mz_zip_reader_save_all
CranePrefs,0x3FF30,_bzero,0x3C2B0,_mz_zip_reader_create
CranePrefs,0x40140,_malloc,0x3C2B0,_mz_zip_reader_create
CranePrefs,0x3B08C,_mz_zip_reader_close,0x3C314,_mz_zip_reader_delete
CranePrefs,0x40098,_free,0x3C314,_mz_zip_reader_delete
CranePrefs,0x33ED8,_mz_stream_write_uint64,0x3C350,_mz_zip_writer_zip_cd
CranePrefs,0x33FAC,_mz_stream_copy_stream,0x3C350,_mz_zip_writer_zip_cd
CranePrefs,0x3419C,_mz_stream_tell,0x3C350,_mz_zip_writer_zip_cd
CranePrefs,0x34204,_mz_stream_seek,0x3C350,_mz_zip_writer_zip_cd
CranePrefs,0x35050,_mz_stream_mem_open,0x3C350,_mz_zip_writer_zip_cd
CranePrefs,0x352BC,_mz_stream_mem_get_buffer,0x3C350,_mz_zip_writer_zip_cd
CranePrefs,0x35364,_mz_stream_mem_get_buffer_length,0x3C350,_mz_zip_writer_zip_cd
CranePrefs,0x35370,_mz_stream_mem_set_buffer_limit,0x3C350,_mz_zip_writer_zip_cd
CranePrefs,0x35380,_mz_stream_mem_create,0x3C350,_mz_zip_writer_zip_cd
CranePrefs,0x353D0,_mz_stream_mem_delete,0x3C350,_mz_zip_writer_zip_cd
CranePrefs,0x381F0,_mz_zip_get_cd_mem_stream,0x3C350,_mz_zip_writer_zip_cd
CranePrefs,0x38234,_mz_zip_get_number_entry,0x3C350,_mz_zip_writer_zip_cd
CranePrefs,0x3ACF8,_mz_zip_extrafield_write,0x3C350,_mz_zip_writer_zip_cd
CranePrefs,0x3C4E4,_mz_zip_writer_entry_open,0x3C350,_mz_zip_writer_zip_cd
CranePrefs,0x3C65C,_mz_zip_writer_entry_close,0x3C350,_mz_zip_writer_zip_cd
CranePrefs,0x40410,_time,0x3C350,_mz_zip_writer_zip_cd
CranePrefs,0x32738,_mz_crypt_sha_begin,0x3C4E4,_mz_zip_writer_entry_open
CranePrefs,0x328A8,_mz_crypt_sha_set_algorithm,0x3C4E4,_mz_zip_writer_entry_open
CranePrefs,0x328B0,_mz_crypt_sha_create,0x3C4E4,_mz_zip_writer_entry_open
CranePrefs,0x38F10,_mz_zip_entry_write_open,0x3C4E4,_mz_zip_writer_entry_open
CranePrefs,0x39230,_mz_zip_attrib_is_dir,0x3C4E4,_mz_zip_writer_entry_open
CranePrefs,0x3FED0,___stack_chk_fail,0x3C4E4,_mz_zip_writer_entry_open
CranePrefs,0x327A8,_mz_crypt_sha_update,0x3C608,_mz_zip_writer_entry_write
CranePrefs,0x39C48,_mz_zip_entry_write,0x3C608,_mz_zip_writer_entry_write
CranePrefs,0x3281C,_mz_crypt_sha_end,0x3C65C,_mz_zip_writer_entry_close
CranePrefs,0x32908,_mz_crypt_sha_delete,0x3C65C,_mz_zip_writer_entry_close
CranePrefs,0x33D84,_mz_stream_write,0x3C65C,_mz_zip_writer_entry_close
CranePrefs,0x33EBC,_mz_stream_write_uint16,0x3C65C,_mz_zip_writer_entry_close
CranePrefs,0x35050,_mz_stream_mem_open,0x3C65C,_mz_zip_writer_entry_close
CranePrefs,0x3516C,_mz_stream_mem_write,0x3C65C,_mz_zip_writer_entry_close
CranePrefs,0x352BC,_mz_stream_mem_get_buffer,0x3C65C,_mz_zip_writer_entry_close
CranePrefs,0x35364,_mz_stream_mem_get_buffer_length,0x3C65C,_mz_zip_writer_entry_close
CranePrefs,0x35380,_mz_stream_mem_create,0x3C65C,_mz_zip_writer_entry_close
CranePrefs,0x353D0,_mz_stream_mem_delete,0x3C65C,_mz_zip_writer_entry_close
CranePrefs,0x38058,_mz_zip_entry_close,0x3C65C,_mz_zip_writer_entry_close
CranePrefs,0x3A4F0,_mz_zip_entry_close_raw,0x3C65C,_mz_zip_writer_entry_close
CranePrefs,0x3A6F0,_mz_zip_entry_set_extrafield,0x3C65C,_mz_zip_writer_entry_close
CranePrefs,0x3ACF8,_mz_zip_extrafield_write,0x3C65C,_mz_zip_writer_entry_close
CranePrefs,0x3FED0,___stack_chk_fail,0x3C65C,_mz_zip_writer_entry_close
CranePrefs,0x371C4,_mz_zip_create,0x3C800,sub_3C800
CranePrefs,0x37268,_mz_zip_open,0x3C800,sub_3C800
CranePrefs,0x3C9B8,_mz_zip_writer_close,0x3C800,sub_3C800
CranePrefs,0x332E0,_mz_path_remove_filename,0x3C854,_mz_zip_writer_open_file
CranePrefs,0x33424,_mz_dir_make,0x3C854,_mz_zip_writer_open_file
CranePrefs,0x336E8,_mz_os_file_exists,0x3C854,_mz_zip_writer_open_file
CranePrefs,0x33AFC,_mz_stream_open,0x3C854,_mz_zip_writer_open_file
CranePrefs,0x3476C,_mz_stream_set_base,0x3C854,_mz_zip_writer_open_file
CranePrefs,0x34FBC,_mz_stream_buffered_create,0x3C854,_mz_zip_writer_open_file
CranePrefs,0x35674,_mz_stream_os_create,0x3C854,_mz_zip_writer_open_file
CranePrefs,0x36288,_mz_stream_split_set_prop_int64,0x3C854,_mz_zip_writer_open_file
CranePrefs,0x362BC,_mz_stream_split_create,0x3C854,_mz_zip_writer_open_file
CranePrefs,0x3C800,sub_3C800,0x3C854,_mz_zip_writer_open_file
CranePrefs,0x3C9B8,_mz_zip_writer_close,0x3C854,_mz_zip_writer_open_file
CranePrefs,0x3FED0,___stack_chk_fail,0x3C854,_mz_zip_writer_open_file
CranePrefs,0x403B0,_strchr,0x3C854,_mz_zip_writer_open_file
CranePrefs,0x403EC,_strncpy,0x3C854,_mz_zip_writer_open_file
CranePrefs,0x403F8,_strrchr,0x3C854,_mz_zip_writer_open_file
CranePrefs,0x35014,_mz_stream_buffered_delete,0x3C9B8,_mz_zip_writer_close
CranePrefs,0x352A0,_mz_stream_mem_close,0x3C9B8,_mz_zip_writer_close
CranePrefs,0x353D0,_mz_stream_mem_delete,0x3C9B8,_mz_zip_writer_close
CranePrefs,0x356B4,_mz_stream_os_delete,0x3C9B8,_mz_zip_writer_close
CranePrefs,0x361E0,_mz_stream_split_close,0x3C9B8,_mz_zip_writer_close
CranePrefs,0x3631C,_mz_stream_split_delete,0x3C9B8,_mz_zip_writer_close
CranePrefs,0x37238,_mz_zip_delete,0x3C9B8,_mz_zip_writer_close
CranePrefs,0x37C24,_mz_zip_close,0x3C9B8,_mz_zip_writer_close
CranePrefs,0x38090,_mz_zip_set_comment,0x3C9B8,_mz_zip_writer_close
CranePrefs,0x38150,_mz_zip_set_version_madeby,0x3C9B8,_mz_zip_writer_close
CranePrefs,0x3C350,_mz_zip_writer_zip_cd,0x3C9B8,_mz_zip_writer_close
CranePrefs,0x33EE0,_mz_stream_copy,0x3CA78,_mz_zip_writer_open_file_in_memory
CranePrefs,0x35050,_mz_stream_mem_open,0x3CA78,_mz_zip_writer_open_file_in_memory
CranePrefs,0x35378,_mz_stream_mem_set_grow_size,0x3CA78,_mz_zip_writer_open_file_in_memory
CranePrefs,0x35380,_mz_stream_mem_create,0x3CA78,_mz_zip_writer_open_file_in_memory
CranePrefs,0x35424,_mz_stream_os_open,0x3CA78,_mz_zip_writer_open_file_in_memory
CranePrefs,0x354CC,_mz_stream_os_seek,0x3CA78,_mz_zip_writer_open_file_in_memory
CranePrefs,0x355F0,_mz_stream_os_tell,0x3CA78,_mz_zip_writer_open_file_in_memory
CranePrefs,0x3562C,_mz_stream_os_close,0x3CA78,_mz_zip_writer_open_file_in_memory
CranePrefs,0x35674,_mz_stream_os_create,0x3CA78,_mz_zip_writer_open_file_in_memory
CranePrefs,0x356B4,_mz_stream_os_delete,0x3CA78,_mz_zip_writer_open_file_in_memory
CranePrefs,0x3C800,sub_3C800,0x3CA78,_mz_zip_writer_open_file_in_memory
CranePrefs,0x3C9B8,_mz_zip_writer_close,0x3CA78,_mz_zip_writer_open_file_in_memory
CranePrefs,0x38038,_mz_zip_entry_is_open,0x3CBA0,_mz_zip_writer_add_process
CranePrefs,0x3C608,_mz_zip_writer_entry_write,0x3CBA0,_mz_zip_writer_add_process
CranePrefs,0x33A8C,_mz_os_ms_time,0x3CC40,_mz_zip_writer_add
CranePrefs,0x3CBA0,_mz_zip_writer_add_process,0x3CC40,_mz_zip_writer_add
CranePrefs,0x39230,_mz_zip_attrib_is_dir,0x3CD68,_mz_zip_writer_add_info
CranePrefs,0x3C4E4,_mz_zip_writer_entry_open,0x3CD68,_mz_zip_writer_add_info
CranePrefs,0x3CC40,_mz_zip_writer_add,0x3CD68,_mz_zip_writer_add_info
CranePrefs,0x35050,_mz_stream_mem_open,0x3CDF8,_mz_zip_writer_add_buffer
CranePrefs,0x352B0,_mz_stream_mem_set_buffer,0x3CDF8,_mz_zip_writer_add_buffer
CranePrefs,0x35380,_mz_stream_mem_create,0x3CDF8,_mz_zip_writer_add_buffer
CranePrefs,0x353D0,_mz_stream_mem_delete,0x3CDF8,_mz_zip_writer_add_buffer
CranePrefs,0x3CD68,_mz_zip_writer_add_info,0x3CDF8,_mz_zip_writer_add_buffer
CranePrefs,0x333D0,_mz_path_get_filename,0x3CEB0,_mz_zip_writer_add_file
CranePrefs,0x3372C,_mz_os_get_file_size,0x3CEB0,_mz_zip_writer_add_file
CranePrefs,0x33784,_mz_os_get_file_date,0x3CEB0,_mz_zip_writer_add_file
CranePrefs,0x33894,_mz_os_get_file_attribs,0x3CEB0,_mz_zip_writer_add_file
CranePrefs,0x33984,_mz_os_is_dir,0x3CEB0,_mz_zip_writer_add_file
CranePrefs,0x339D0,_mz_os_is_symlink,0x3CEB0,_mz_zip_writer_add_file
CranePrefs,0x33A48,_mz_os_read_symlink,0x3CEB0,_mz_zip_writer_add_file
CranePrefs,0x346E4,_mz_stream_close,0x3CEB0,_mz_zip_writer_add_file
CranePrefs,0x347E0,_mz_stream_delete,0x3CEB0,_mz_zip_writer_add_file
CranePrefs,0x35424,_mz_stream_os_open,0x3CEB0,_mz_zip_writer_add_file
CranePrefs,0x35674,_mz_stream_os_create,0x3CEB0,_mz_zip_writer_add_file
CranePrefs,0x3AA44,_mz_zip_attrib_convert,0x3CEB0,_mz_zip_writer_add_file
CranePrefs,0x3CD68,_mz_zip_writer_add_info,0x3CEB0,_mz_zip_writer_add_file
CranePrefs,0x3FED0,___stack_chk_fail,0x3CEB0,_mz_zip_writer_add_file
CranePrefs,0x32E08,_mz_path_combine,0x3D0DC,_mz_zip_writer_add_path
CranePrefs,0x33040,_mz_path_compare_wc,0x3D0DC,_mz_zip_writer_add_path
CranePrefs,0x332E0,_mz_path_remove_filename,0x3D0DC,_mz_zip_writer_add_path
CranePrefs,0x333D0,_mz_path_get_filename,0x3D0DC,_mz_zip_writer_add_path
CranePrefs,0x33948,_mz_os_open_dir,0x3D0DC,_mz_zip_writer_add_path
CranePrefs,0x3394C,_mz_os_read_dir,0x3D0DC,_mz_zip_writer_add_path
CranePrefs,0x33958,_mz_os_close_dir,0x3D0DC,_mz_zip_writer_add_path
CranePrefs,0x33984,_mz_os_is_dir,0x3D0DC,_mz_zip_writer_add_path
CranePrefs,0x339D0,_mz_os_is_symlink,0x3D0DC,_mz_zip_writer_add_path
CranePrefs,0x3CEB0,_mz_zip_writer_add_file,0x3D0DC,_mz_zip_writer_add_path
CranePrefs,0x3D0DC,_mz_zip_writer_add_path,0x3D0DC,_mz_zip_writer_add_path
CranePrefs,0x3FED0,___stack_chk_fail,0x3D0DC,_mz_zip_writer_add_path
CranePrefs,0x403BC,_strcmp,0x3D0DC,_mz_zip_writer_add_path
CranePrefs,0x403D4,_strlen,0x3D0DC,_mz_zip_writer_add_path
CranePrefs,0x403EC,_strncpy,0x3D0DC,_mz_zip_writer_add_path
CranePrefs,0x403F8,_strrchr,0x3D0DC,_mz_zip_writer_add_path
CranePrefs,0x38038,_mz_zip_entry_is_open,0x3D338,_mz_zip_writer_copy_from_reader
CranePrefs,0x38058,_mz_zip_entry_close,0x3D338,_mz_zip_writer_copy_from_reader
CranePrefs,0x38290,_mz_zip_entry_read_open,0x3D338,_mz_zip_writer_copy_from_reader
CranePrefs,0x39230,_mz_zip_attrib_is_dir,0x3D338,_mz_zip_writer_copy_from_reader
CranePrefs,0x39CB0,_mz_zip_entry_read_close,0x3D338,_mz_zip_writer_copy_from_reader
CranePrefs,0x3A030,_mz_zip_entry_write_close,0x3D338,_mz_zip_writer_copy_from_reader
CranePrefs,0x3C4E4,_mz_zip_writer_entry_open,0x3D338,_mz_zip_writer_copy_from_reader
CranePrefs,0x3CC40,_mz_zip_writer_add,0x3D338,_mz_zip_writer_copy_from_reader
CranePrefs,0x3372C,_mz_os_get_file_size,0x3D504,_mz_zip_writer_set_certificate
CranePrefs,0x35424,_mz_stream_os_open,0x3D504,_mz_zip_writer_set_certificate
CranePrefs,0x35520,_mz_stream_os_read,0x3D504,_mz_zip_writer_set_certificate
CranePrefs,0x3562C,_mz_stream_os_close,0x3D504,_mz_zip_writer_set_certificate
CranePrefs,0x35674,_mz_stream_os_create,0x3D504,_mz_zip_writer_set_certificate
CranePrefs,0x356B4,_mz_stream_os_delete,0x3D504,_mz_zip_writer_set_certificate
CranePrefs,0x40098,_free,0x3D504,_mz_zip_writer_set_certificate
CranePrefs,0x40140,_malloc,0x3D504,_mz_zip_writer_set_certificate
CranePrefs,0x3FF30,_bzero,0x3D61C,_mz_zip_writer_create
CranePrefs,0x40140,_malloc,0x3D61C,_mz_zip_writer_create
CranePrefs,0x3C9B8,_mz_zip_writer_close,0x3D684,_mz_zip_writer_delete
CranePrefs,0x40098,_free,0x3D684,_mz_zip_writer_delete
CranePrefs,0x7070,sub_7070,0x3D6CC,_localize
CranePrefs,0x3FED0,___stack_chk_fail,0x3D6CC,_localize
CranePrefs,0x401F4,_objc_autorelease,0x3D6CC,_localize
CranePrefs,0x40290,_objc_msgSend,0x3D6CC,_localize
CranePrefs,0x402C0,_objc_release,0x3D6CC,_localize
CranePrefs,0x402CC,_objc_retain,0x3D6CC,_localize
CranePrefs,0x402F0,_objc_retainAutoreleasedReturnValue,0x3D6CC,_localize
CranePrefs,0x40290,_objc_msgSend,0x3D8D4,_containerPathForContainer
CranePrefs,0x402C0,_objc_release,0x3D8D4,_containerPathForContainer
CranePrefs,0x402CC,_objc_retain,0x3D8D4,_containerPathForContainer
CranePrefs,0x402F0,_objc_retainAutoreleasedReturnValue,0x3D8D4,_containerPathForContainer
CranePrefs,0x3FED0,___stack_chk_fail,0x3D988,_createDirectoryIfNotExists
CranePrefs,0x40290,_objc_msgSend,0x3D988,_createDirectoryIfNotExists
CranePrefs,0x402C0,_objc_release,0x3D988,_createDirectoryIfNotExists
CranePrefs,0x402CC,_objc_retain,0x3D988,_createDirectoryIfNotExists
CranePrefs,0x402F0,_objc_retainAutoreleasedReturnValue,0x3D988,_createDirectoryIfNotExists
CranePrefs,0x402C0,_objc_release,0x3DB68,_normalizedContainerID
CranePrefs,0x402CC,_objc_retain,0x3DB68,_normalizedContainerID
CranePrefs,0x401D0,_objc_alloc,0x3DBB0,_requestAuthentication
CranePrefs,0x40290,_objc_msgSend,0x3DBB0,_requestAuthentication
CranePrefs,0x402C0,_objc_release,0x3DBB0,_requestAuthentication
CranePrefs,0x402CC,_objc_retain,0x3DBB0,_requestAuthentication
CranePrefs,0x3FFC0,_dispatch_async,0x3DCE8,sub_3DCE8
CranePrefs,0x3FFCC,_dispatch_get_global_queue,0x3DCE8,sub_3DCE8
CranePrefs,0x402C0,_objc_release,0x3DCE8,sub_3DCE8
CranePrefs,0x402CC,_objc_retain,0x3DCE8,sub_3DCE8
CranePrefs,0x402F0,_objc_retainAutoreleasedReturnValue,0x3DCE8,sub_3DCE8
CranePrefs,0x3FFD8,_dispatch_once,0x3DD68,_initUNProtocol
CranePrefs,0x401E8,_objc_allocateProtocol,0x3DDA0,sub_3DDA0
CranePrefs,0x4026C,_objc_getProtocol,0x3DDA0,sub_3DDA0
CranePrefs,0x402B4,_objc_registerProtocol,0x3DDA0,sub_3DDA0
CranePrefs,0x402C0,_objc_release,0x3DDA0,sub_3DDA0
CranePrefs,0x402F0,_objc_retainAutoreleasedReturnValue,0x3DDA0,sub_3DDA0
CranePrefs,0x40344,_protocol_addProtocol,0x3DDA0,sub_3DDA0
CranePrefs,0x7070,sub_7070,0x3DE40,_getInjectionPlatform
CranePrefs,0x3FED0,___stack_chk_fail,0x3DE40,_getInjectionPlatform
CranePrefs,0x3FF0C,__dyld_get_image_name,0x3DE40,_getInjectionPlatform
CranePrefs,0x3FF18,__dyld_image_count,0x3DE40,_getInjectionPlatform
CranePrefs,0x401F4,_objc_autorelease,0x3DE40,_getInjectionPlatform
CranePrefs,0x40290,_objc_msgSend,0x3DE40,_getInjectionPlatform
CranePrefs,0x402C0,_objc_release,0x3DE40,_getInjectionPlatform
CranePrefs,0x402F0,_objc_retainAutoreleasedReturnValue,0x3DE40,_getInjectionPlatform
CranePrefs,0x3FFD8,_dispatch_once,0x3E034,_getSecurityAccessGroupsToIgnore
CranePrefs,0x40290,_objc_msgSend,0x3E074,sub_3E074
CranePrefs,0x402F0,_objc_retainAutoreleasedReturnValue,0x3E074,sub_3E074
CranePrefs,0x401E8,_objc_allocateProtocol,0x3E108,_initLSDProtocol
CranePrefs,0x4026C,_objc_getProtocol,0x3E108,_initLSDProtocol
CranePrefs,0x402B4,_objc_registerProtocol,0x3E108,_initLSDProtocol
CranePrefs,0x402C0,_objc_release,0x3E108,_initLSDProtocol
CranePrefs,0x402F0,_objc_retainAutoreleasedReturnValue,0x3E108,_initLSDProtocol
CranePrefs,0x40344,_protocol_addProtocol,0x3E108,_initLSDProtocol
CranePrefs,0x3FE94,__NSGetExecutablePath,0x3E17C,_safe_getExecutablePath
CranePrefs,0x3FED0,___stack_chk_fail,0x3E17C,_safe_getExecutablePath
CranePrefs,0x40290,_objc_msgSend,0x3E17C,_safe_getExecutablePath
CranePrefs,0x3FE94,__NSGetExecutablePath,0x3E1F4,_getProcessName
CranePrefs,0x3FED0,___stack_chk_fail,0x3E1F4,_getProcessName
CranePrefs,0x40290,_objc_msgSend,0x3E1F4,_getProcessName
CranePrefs,0x3FF0C,__dyld_get_image_name,0x3E278,_isDylibLoaded
CranePrefs,0x3FF18,__dyld_image_count,0x3E278,_isDylibLoaded
CranePrefs,0x40290,_objc_msgSend,0x3E278,_isDylibLoaded
CranePrefs,0x402C0,_objc_release,0x3E278,_isDylibLoaded
CranePrefs,0x402CC,_objc_retain,0x3E278,_isDylibLoaded
CranePrefs,0x402F0,_objc_retainAutoreleasedReturnValue,0x3E278,_isDylibLoaded
CranePrefs,0x7070,sub_7070,0x3E364,_craneDylibInjectsInSafeModeEnabled
CranePrefs,0x3FED0,___stack_chk_fail,0x3E364,_craneDylibInjectsInSafeModeEnabled
CranePrefs,0x401F4,_objc_autorelease,0x3E364,_craneDylibInjectsInSafeModeEnabled
CranePrefs,0x40290,_objc_msgSend,0x3E364,_craneDylibInjectsInSafeModeEnabled
CranePrefs,0x402C0,_objc_release,0x3E364,_craneDylibInjectsInSafeModeEnabled
CranePrefs,0x402F0,_objc_retainAutoreleasedReturnValue,0x3E364,_craneDylibInjectsInSafeModeEnabled
CranePrefs,0x40290,_objc_msgSend,0x3E4E0,_buildCraneTopic
CranePrefs,0x402C0,_objc_release,0x3E4E0,_buildCraneTopic
CranePrefs,0x402CC,_objc_retain,0x3E4E0,_buildCraneTopic
CranePrefs,0x402F0,_objc_retainAutoreleasedReturnValue,0x3E4E0,_buildCraneTopic
CranePrefs,0x401F4,_objc_autorelease,0x3E56C,_decodeCraneTopic
CranePrefs,0x40290,_objc_msgSend,0x3E56C,_decodeCraneTopic
CranePrefs,0x402F0,_objc_retainAutoreleasedReturnValue,0x3E56C,_decodeCraneTopic
CranePrefs,0x3FF60,_class_getInstanceVariable,0x3E608,_CRObjHasIvar
CranePrefs,0x4032C,_object_getClass,0x3E608,_CRObjHasIvar
CranePrefs,0x3FEAC,___error,0x3E638,_msleep
CranePrefs,0x401C4,_nanosleep,0x3E638,_msleep
CranePrefs,0x3E714,+[ClientContainerCache sharedInstance],0x3E6CC,_clearActiveContainerCache
CranePrefs,0x3EAC4,-[ClientContainerCache _clearActiveContainerCache],0x3E6CC,_clearActiveContainerCache
CranePrefs,0x40290,_objc_msgSend,0x3E6CC,_clearActiveContainerCache
CranePrefs,0x402F0,_objc_retainAutoreleasedReturnValue,0x3E6CC,_clearActiveContainerCache
CranePrefs,0x3FFD8,_dispatch_once,0x3E714,+[ClientContainerCache sharedInstance]
CranePrefs,0x3E78C,-[ClientContainerCache init],0x3E754,sub_3E754
CranePrefs,0x401D0,_objc_alloc,0x3E754,sub_3E754
CranePrefs,0x40290,_objc_msgSend,0x3E754,sub_3E754
CranePrefs,0x3E78C,-[ClientContainerCache init],0x3E78C,-[ClientContainerCache init]
CranePrefs,0x3E834,-[ClientContainerCache _registerForClearMessages],0x3E78C,-[ClientContainerCache init]
CranePrefs,0x3EAC4,-[ClientContainerCache _clearActiveContainerCache],0x3E78C,-[ClientContainerCache init]
CranePrefs,0x3FFF0,_dispatch_queue_attr_make_with_qos_class,0x3E78C,-[ClientContainerCache init]
CranePrefs,0x3FFFC,_dispatch_queue_create,0x3E78C,-[ClientContainerCache init]
CranePrefs,0x40290,_objc_msgSend,0x3E78C,-[ClientContainerCache init]
CranePrefs,0x4029C,_objc_msgSendSuper2,0x3E78C,-[ClientContainerCache init]
CranePrefs,0x402C0,_objc_release,0x3E78C,-[ClientContainerCache init]
CranePrefs,0x402F0,_objc_retainAutoreleasedReturnValue,0x3E78C,-[ClientContainerCache init]
CranePrefs,0x3FE28,_CFNotificationCenterGetDarwinNotifyCenter,0x3E834,-[ClientContainerCache _registerForClearMessages]
CranePrefs,0x3FE88,__Block_object_dispose,0x3E864,-[ClientContainerCache _getActiveContainerFromCacheForPid:]
CranePrefs,0x4002C,_dispatch_sync,0x3E864,-[ClientContainerCache _getActiveContainerFromCacheForPid:]
CranePrefs,0x402C0,_objc_release,0x3E864,-[ClientContainerCache _getActiveContainerFromCacheForPid:]
CranePrefs,0x402CC,_objc_retain,0x3E864,-[ClientContainerCache _getActiveContainerFromCacheForPid:]
CranePrefs,0x40290,_objc_msgSend,0x3E93C,sub_3E93C
CranePrefs,0x402C0,_objc_release,0x3E93C,sub_3E93C
CranePrefs,0x402F0,_objc_retainAutoreleasedReturnValue,0x3E93C,sub_3E93C
CranePrefs,0x3FFC0,_dispatch_async,0x3E9C4,-[ClientContainerCache _setActiveContainer:toCacheForPid:]
CranePrefs,0x402C0,_objc_release,0x3E9C4,-[ClientContainerCache _setActiveContainer:toCacheForPid:]
CranePrefs,0x402CC,_objc_retain,0x3E9C4,-[ClientContainerCache _setActiveContainer:toCacheForPid:]
CranePrefs,0x40290,_objc_msgSend,0x3EA58,sub_3EA58
CranePrefs,0x402F0,_objc_retainAutoreleasedReturnValue,0x3EA58,sub_3EA58
CranePrefs,0x4002C,_dispatch_sync,0x3EAC4,-[ClientContainerCache _clearActiveContainerCache]
CranePrefs,0x40290,_objc_msgSend,0x3EB1C,sub_3EB1C
CranePrefs,0x3E864,-[ClientContainerCache _getActiveContainerFromCacheForPid:],0x3EB5C,-[ClientContainerCache activeContainerIdentifierForPid:]
CranePrefs,0x3E9C4,-[ClientContainerCache _setActiveContainer:toCacheForPid:],0x3EB5C,-[ClientContainerCache activeContainerIdentifierForPid:]
CranePrefs,0x3FE88,__Block_object_dispose,0x3EB5C,-[ClientContainerCache activeContainerIdentifierForPid:]
CranePrefs,0x3FFCC,_dispatch_get_global_queue,0x3EB5C,-[ClientContainerCache activeContainerIdentifierForPid:]
CranePrefs,0x40008,_dispatch_semaphore_create,0x3EB5C,-[ClientContainerCache activeContainerIdentifierForPid:]
CranePrefs,0x40020,_dispatch_semaphore_wait,0x3EB5C,-[ClientContainerCache activeContainerIdentifierForPid:]
CranePrefs,0x40038,_dispatch_time,0x3EB5C,-[ClientContainerCache activeContainerIdentifierForPid:]
CranePrefs,0x40290,_objc_msgSend,0x3EB5C,-[ClientContainerCache activeContainerIdentifierForPid:]
CranePrefs,0x402C0,_objc_release,0x3EB5C,-[ClientContainerCache activeContainerIdentifierForPid:]
CranePrefs,0x402CC,_objc_retain,0x3EB5C,-[ClientContainerCache activeContainerIdentifierForPid:]
CranePrefs,0x402F0,_objc_retainAutoreleasedReturnValue,0x3EB5C,-[ClientContainerCache activeContainerIdentifierForPid:]
CranePrefs,0x40314,_objc_storeStrong,0x3EB5C,-[ClientContainerCache activeContainerIdentifierForPid:]
CranePrefs,0x40434,_xpc_connection_create_mach_service,0x3EB5C,-[ClientContainerCache activeContainerIdentifierForPid:]
CranePrefs,0x40440,_xpc_connection_resume,0x3EB5C,-[ClientContainerCache activeContainerIdentifierForPid:]
CranePrefs,0x4044C,_xpc_connection_send_message_with_reply,0x3EB5C,-[ClientContainerCache activeContainerIdentifierForPid:]
CranePrefs,0x40458,_xpc_connection_set_event_handler,0x3EB5C,-[ClientContainerCache activeContainerIdentifierForPid:]
CranePrefs,0x40464,_xpc_dictionary_create,0x3EB5C,-[ClientContainerCache activeContainerIdentifierForPid:]
CranePrefs,0x4047C,_xpc_dictionary_set_bool,0x3EB5C,-[ClientContainerCache activeContainerIdentifierForPid:]
CranePrefs,0x40488,_xpc_dictionary_set_int64,0x3EB5C,-[ClientContainerCache activeContainerIdentifierForPid:]
CranePrefs,0x3FE88,__Block_object_dispose,0x3EF2C,sub_3EF2C
CranePrefs,0x3FEA0,__Unwind_Resume,0x3EF2C,sub_3EF2C
CranePrefs,0x40290,_objc_msgSend,0x3EF68,sub_3EF68
CranePrefs,0x402C0,_objc_release,0x3EF68,sub_3EF68
CranePrefs,0x402F0,_objc_retainAutoreleasedReturnValue,0x3EF68,sub_3EF68
CranePrefs,0x40014,_dispatch_semaphore_signal,0x3F038,sub_3F038
CranePrefs,0x40290,_objc_msgSend,0x3F038,sub_3F038
CranePrefs,0x402C0,_objc_release,0x3F038,sub_3F038
CranePrefs,0x402CC,_objc_retain,0x3F038,sub_3F038
CranePrefs,0x402F0,_objc_retainAutoreleasedReturnValue,0x3F038,sub_3F038
CranePrefs,0x40470,_xpc_dictionary_get_string,0x3F038,sub_3F038
CranePrefs,0x40494,_xpc_get_type,0x3F038,sub_3F038
CranePrefs,0x40314,_objc_storeStrong,0x3F0CC,-[ClientContainerCache .cxx_destruct]
CranePrefs,0x3F2AC,sub_3F2AC,0x3F108,_CRPContainerChoicyOverwriteListController_init
CranePrefs,0x3FED0,___stack_chk_fail,0x3F108,_CRPContainerChoicyOverwriteListController_init
CranePrefs,0x3FF48,_class_addMethod,0x3F108,_CRPContainerChoicyOverwriteListController_init
CranePrefs,0x3FF6C,_class_getSuperclass,0x3F108,_CRPContainerChoicyOverwriteListController_init
CranePrefs,0x401DC,_objc_allocateClassPair,0x3F108,_CRPContainerChoicyOverwriteListController_init
CranePrefs,0x40254,_objc_getClass,0x3F108,_CRPContainerChoicyOverwriteListController_init
CranePrefs,0x402A8,_objc_registerClassPair,0x3F108,_CRPContainerChoicyOverwriteListController_init
CranePrefs,0x40290,_objc_msgSend,0x3F250,sub_3F250
CranePrefs,0x402C0,_objc_release,0x3F250,sub_3F250
CranePrefs,0x402F0,_objc_retainAutoreleasedReturnValue,0x3F250,sub_3F250
CranePrefs,0x3FF48,_class_addMethod,0x3F2AC,sub_3F2AC
CranePrefs,0x3FF54,_class_copyMethodList,0x3F2AC,sub_3F2AC
CranePrefs,0x3FF6C,_class_getSuperclass,0x3F2AC,sub_3F2AC
CranePrefs,0x40098,_free,0x3F2AC,sub_3F2AC
CranePrefs,0x4017C,_method_getImplementation,0x3F2AC,sub_3F2AC
CranePrefs,0x40188,_method_getName,0x3F2AC,sub_3F2AC
CranePrefs,0x40194,_method_getTypeEncoding,0x3F2AC,sub_3F2AC
CranePrefs,0x401A0,_method_setImplementation,0x3F2AC,sub_3F2AC
CranePrefs,0x40290,_objc_msgSend,0x3F3A4,sub_3F3A4
CranePrefs,0x402C0,_objc_release,0x3F3A4,sub_3F3A4
CranePrefs,0x402CC,_objc_retain,0x3F3A4,sub_3F3A4
CranePrefs,0x402F0,_objc_retainAutoreleasedReturnValue,0x3F3A4,sub_3F3A4
CranePrefs,0x40290,_objc_msgSend,0x3F44C,sub_3F44C
CranePrefs,0x402C0,_objc_release,0x3F44C,sub_3F44C
CranePrefs,0x402F0,_objc_retainAutoreleasedReturnValue,0x3F44C,sub_3F44C
CranePrefs,0x40290,_objc_msgSend,0x3F5C0,sub_3F5C0
CranePrefs,0x402C0,_objc_release,0x3F5C0,sub_3F5C0
CranePrefs,0x402F0,_objc_retainAutoreleasedReturnValue,0x3F5C0,sub_3F5C0
CranePrefs,0x40290,_objc_msgSend,0x3F774,sub_3F774
CranePrefs,0x402C0,_objc_release,0x3F774,sub_3F774
CranePrefs,0x402F0,_objc_retainAutoreleasedReturnValue,0x3F774,sub_3F774
CranePrefs,0x3FFE4,_dispatch_once_f,0x3F878,sub_3F878
CranePrefs,0x3FED0,___stack_chk_fail,0x3F93C,sub_3F93C
CranePrefs,0x40050,_dlsym,0x3F93C,sub_3F93C
CranePrefs,0x4005C,_fclose,0x3F93C,sub_3F93C
CranePrefs,0x40080,_fopen,0x3F93C,sub_3F93C
CranePrefs,0x4008C,_fread,0x3F93C,sub_3F93C
CranePrefs,0x40098,_free,0x3F93C,sub_3F93C
CranePrefs,0x400A4,_fseek,0x3F93C,sub_3F93C
CranePrefs,0x400BC,_ftell,0x3F93C,sub_3F93C
CranePrefs,0x40140,_malloc,0x3F93C,sub_3F93C
CranePrefs,0x40380,_rewind,0x3F93C,sub_3F93C
CranePrefs,0x40398,_sscanf,0x3F93C,sub_3F93C
CranePrefs,0x3FED0,___stack_chk_fail,0x3FC58,sub_3FC58
CranePrefs,0x3FFE4,_dispatch_once_f,0x3FC58,sub_3FC58
CranePrefs,0x3FE10,_CFBundleGetVersionNumber,0x3FD60,sub_3FD60
CranePrefs,0x3FE10,_CFBundleGetVersionNumber,0x3FD70,sub_3FD70
CraneApplication,0x100004000,-[ViewController viewDidLoad],0x100004000,-[ViewController viewDidLoad]
CraneApplication,0x1000046A8,_objc_msgSendSuper2,0x100004000,-[ViewController viewDidLoad]
CraneApplication,0x10000466C,_exit,0x100004034,-[AppDelegate application:didFinishLaunchingWithOptions:]
CraneApplication,0x1000046CC,_objc_retain,0x100004034,-[AppDelegate application:didFinishLaunchingWithOptions:]
CraneApplication,0x100004678,_objc_alloc,0x10000405C,-[AppDelegate application:configurationForConnectingSceneSession:options:]
CraneApplication,0x1000046C0,_objc_release,0x10000405C,-[AppDelegate application:configurationForConnectingSceneSession:options:]
CraneApplication,0x1000046CC,_objc_retain,0x10000405C,-[AppDelegate application:configurationForConnectingSceneSession:options:]
CraneApplication,0x1000046D8,_objc_retainAutoreleasedReturnValue,0x10000405C,-[AppDelegate application:configurationForConnectingSceneSession:options:]
CraneApplication,0x100004700,_objc_msgSend$initWithName:sessionRole:,0x10000405C,-[AppDelegate application:configurationForConnectingSceneSession:options:]
CraneApplication,0x100004720,_objc_msgSend$role,0x10000405C,-[AppDelegate application:configurationForConnectingSceneSession:options:]
CraneApplication,0x100004654,_NSStringFromClass,0x1000040E0,start
CraneApplication,0x100004660,_UIApplicationMain,0x1000040E0,start
CraneApplication,0x100004684,_objc_autoreleasePoolPop,0x1000040E0,start
CraneApplication,0x100004690,_objc_autoreleasePoolPush,0x1000040E0,start
CraneApplication,0x1000046B4,_objc_opt_class,0x1000040E0,start
CraneApplication,0x1000046C0,_objc_release,0x1000040E0,start
CraneApplication,0x1000046D8,_objc_retainAutoreleasedReturnValue,0x1000040E0,start
CraneApplication,0x1000046A8,_objc_msgSendSuper2,0x1000041A8,-[SetActiveCraneContainerIntentResponse initWithCode:userActivity:]
CraneApplication,0x1000046C0,_objc_release,0x1000041A8,-[SetActiveCraneContainerIntentResponse initWithCode:userActivity:]
CraneApplication,0x1000046CC,_objc_retain,0x1000041A8,-[SetActiveCraneContainerIntentResponse initWithCode:userActivity:]
CraneApplication,0x100004740,_objc_msgSend$setUserActivity:,0x1000041A8,-[SetActiveCraneContainerIntentResponse initWithCode:userActivity:]
CraneApplication,0x1000046A8,_objc_msgSendSuper2,0x10000424C,-[NextCraneContainerIntentResponse initWithCode:userActivity:]
CraneApplication,0x1000046C0,_objc_release,0x10000424C,-[NextCraneContainerIntentResponse initWithCode:userActivity:]
CraneApplication,0x1000046CC,_objc_retain,0x10000424C,-[NextCraneContainerIntentResponse initWithCode:userActivity:]
CraneApplication,0x100004740,_objc_msgSend$setUserActivity:,0x10000424C,-[NextCraneContainerIntentResponse initWithCode:userActivity:]
CraneApplication,0x1000046A8,_objc_msgSendSuper2,0x1000042F0,-[WipeCraneContainerIntentResponse initWithCode:userActivity:]
CraneApplication,0x1000046C0,_objc_release,0x1000042F0,-[WipeCraneContainerIntentResponse initWithCode:userActivity:]
CraneApplication,0x1000046CC,_objc_retain,0x1000042F0,-[WipeCraneContainerIntentResponse initWithCode:userActivity:]
CraneApplication,0x100004740,_objc_msgSend$setUserActivity:,0x1000042F0,-[WipeCraneContainerIntentResponse initWithCode:userActivity:]
CraneApplication,0x1000046A8,_objc_msgSendSuper2,0x100004394,-[CreateCraneContainerIntentResponse initWithCode:userActivity:]
CraneApplication,0x1000046C0,_objc_release,0x100004394,-[CreateCraneContainerIntentResponse initWithCode:userActivity:]
CraneApplication,0x1000046CC,_objc_retain,0x100004394,-[CreateCraneContainerIntentResponse initWithCode:userActivity:]
CraneApplication,0x100004740,_objc_msgSend$setUserActivity:,0x100004394,-[CreateCraneContainerIntentResponse initWithCode:userActivity:]
CraneApplication,0x1000046A8,_objc_msgSendSuper2,0x100004438,-[SetDefaultCraneContainerIntentResponse initWithCode:userActivity:]
CraneApplication,0x1000046C0,_objc_release,0x100004438,-[SetDefaultCraneContainerIntentResponse initWithCode:userActivity:]
CraneApplication,0x1000046CC,_objc_retain,0x100004438,-[SetDefaultCraneContainerIntentResponse initWithCode:userActivity:]
CraneApplication,0x100004740,_objc_msgSend$setUserActivity:,0x100004438,-[SetDefaultCraneContainerIntentResponse initWithCode:userActivity:]
CraneApplication,0x1000046A8,_objc_msgSendSuper2,0x1000044DC,+[ApplicationResolutionResult successWithResolvedApplication:]
CraneApplication,0x1000046D8,_objc_retainAutoreleasedReturnValue,0x1000044DC,+[ApplicationResolutionResult successWithResolvedApplication:]
CraneApplication,0x1000046A8,_objc_msgSendSuper2,0x100004518,+[ApplicationResolutionResult disambiguationWithApplicationsToDisambiguate:]
CraneApplication,0x1000046D8,_objc_retainAutoreleasedReturnValue,0x100004518,+[ApplicationResolutionResult disambiguationWithApplicationsToDisambiguate:]
CraneApplication,0x1000046A8,_objc_msgSendSuper2,0x100004554,+[ApplicationResolutionResult confirmationRequiredWithApplicationToConfirm:]
CraneApplication,0x1000046D8,_objc_retainAutoreleasedReturnValue,0x100004554,+[ApplicationResolutionResult confirmationRequiredWithApplicationToConfirm:]
CraneApplication,0x1000046A8,_objc_msgSendSuper2,0x100004598,+[ContainerResolutionResult successWithResolvedContainer:]
CraneApplication,0x1000046D8,_objc_retainAutoreleasedReturnValue,0x100004598,+[ContainerResolutionResult successWithResolvedContainer:]
CraneApplication,0x1000046A8,_objc_msgSendSuper2,0x1000045D4,+[ContainerResolutionResult disambiguationWithContainersToDisambiguate:]
CraneApplication,0x1000046D8,_objc_retainAutoreleasedReturnValue,0x1000045D4,+[ContainerResolutionResult disambiguationWithContainersToDisambiguate:]
CraneApplication,0x1000046A8,_objc_msgSendSuper2,0x100004610,+[ContainerResolutionResult confirmationRequiredWithContainerToConfirm:]
CraneApplication,0x1000046D8,_objc_retainAutoreleasedReturnValue,0x100004610,+[ContainerResolutionResult confirmationRequiredWithContainerToConfirm:]
