binary,addr,len,type,string
Crane.dylib,0x28,16,ASCII,__TEXT
Crane.dylib,0x68,16,ASCII,__text
Crane.dylib,0x78,16,ASCII,__TEXT
Crane.dylib,0xb8,16,ASCII,__stubs
Crane.dylib,0xc8,16,ASCII,__TEXT
Crane.dylib,0x108,16,ASCII,__stub_helper
Crane.dylib,0x118,16,ASCII,__TEXT
Crane.dylib,0x158,16,ASCII,__cstring
Crane.dylib,0x168,16,ASCII,__TEXT
Crane.dylib,0x1a8,16,ASCII,__objc_methname
Crane.dylib,0x1b8,16,ASCII,__TEXT
Crane.dylib,0x1f8,16,ASCII,__const
Crane.dylib,0x208,16,ASCII,__TEXT
Crane.dylib,0x248,16,ASCII,__objc_classname
Crane.dylib,0x258,16,ASCII,__TEXT
Crane.dylib,0x298,16,ASCII,__objc_methtype
Crane.dylib,0x2a8,16,ASCII,__TEXT
Crane.dylib,0x2e8,16,ASCII,__unwind_info
Crane.dylib,0x2f8,16,ASCII,__TEXT
Crane.dylib,0x340,16,ASCII,__DATA
Crane.dylib,0x380,16,ASCII,__got
Crane.dylib,0x390,16,ASCII,__DATA
Crane.dylib,0x3d0,16,ASCII,__la_symbol_ptr
Crane.dylib,0x3e0,16,ASCII,__DATA
Crane.dylib,0x420,16,ASCII,__mod_init_func
Crane.dylib,0x430,16,ASCII,__DATA
Crane.dylib,0x470,16,ASCII,__const
Crane.dylib,0x480,16,ASCII,__DATA
Crane.dylib,0x4c0,16,ASCII,__cfstring
Crane.dylib,0x4d0,16,ASCII,__DATA
Crane.dylib,0x510,16,ASCII,__objc_protolist
Crane.dylib,0x520,16,ASCII,__DATA
Crane.dylib,0x560,16,ASCII,__objc_imageinfo
Crane.dylib,0x570,16,ASCII,__DATA
Crane.dylib,0x5b0,16,ASCII,__objc_const
Crane.dylib,0x5c0,16,ASCII,__DATA
Crane.dylib,0x600,16,ASCII,__objc_selrefs
Crane.dylib,0x610,16,ASCII,__DATA
Crane.dylib,0x650,16,ASCII,__objc_protorefs
Crane.dylib,0x660,16,ASCII,__DATA
Crane.dylib,0x6a0,16,ASCII,__objc_classrefs
Crane.dylib,0x6b0,16,ASCII,__DATA
Crane.dylib,0x6f0,16,ASCII,__data
Crane.dylib,0x700,16,ASCII,__DATA
Crane.dylib,0x740,16,ASCII,__bss
Crane.dylib,0x750,16,ASCII,__DATA
Crane.dylib,0x790,16,ASCII,__common
Crane.dylib,0x7a0,16,ASCII,__DATA
Crane.dylib,0x7e8,16,ASCII,__LINKEDIT
Crane.dylib,0x840,54,ASCII,/Library/MobileSubstrate/DynamicLibraries/Crane.dylib
Crane.dylib,0x978,25,ASCII,/usr/lib/libobjc.A.dylib
Crane.dylib,0x9b0,59,ASCII,/System/Library/Frameworks/Foundation.framework/Foundation
Crane.dylib,0xa08,67,ASCII,/System/Library/Frameworks/CoreFoundation.framework/CoreFoundation
Crane.dylib,0xa68,60,ASCII,/Library/Frameworks/CydiaSubstrate.framework/CydiaSubstrate
Crane.dylib,0xac0,24,ASCII,/usr/lib/libc++.1.dylib
Crane.dylib,0xaf0,27,ASCII,/usr/lib/libSystem.B.dylib
Crane.dylib,0xb28,77,ASCII,/System/Library/Frameworks/LocalAuthentication.framework/LocalAuthentication
Crane.dylib,0x7764,21,ASCII,@rpath/libroot.dylib
Crane.dylib,0x7779,24,ASCII,libroot_get_root_prefix
Crane.dylib,0x7791,26,ASCII,libroot_get_jbroot_prefix
Crane.dylib,0x77ab,22,ASCII,libroot_get_boot_uuid
Crane.dylib,0x77c1,19,ASCII,libroot_jbrootpath
Crane.dylib,0x77d4,19,ASCII,libroot_rootfspath
Crane.dylib,0x77e8,9,ASCII,/var/LIY
Crane.dylib,0x77f1,8,ASCII,/var/jb
Crane.dylib,0x77f9,37,ASCII,00000000-0000-0000-0000-000000000000
Crane.dylib,0x781e,12,ASCII,/var/mobile
Crane.dylib,0x782f,27,ASCII,CRANE_CONTAINER_IDENTIFIER
Crane.dylib,0x784a,25,ASCII,CRANE_PROTECT_CONTAINERS
Crane.dylib,0x7863,28,ASCII,CRANE_SPOOF_SANDBOX_LOOKUPS
Crane.dylib,0x7885,8,ASCII,Library
Crane.dylib,0x788d,15,ASCII,Library/Caches
Crane.dylib,0x789c,20,ASCII,Library/Preferences
Crane.dylib,0x78b0,20,ASCII,Library/SplashBoard
Crane.dylib,0x78c4,10,ASCII,Documents
Crane.dylib,0x78ce,11,ASCII,SystemData
Crane.dylib,0x78d9,18,ASCII,CFFIXED_USER_HOME
Crane.dylib,0x78eb,7,ASCII,TMPDIR
Crane.dylib,0x78f2,42,ASCII,/Library/Application Support/Crane.bundle
Crane.dylib,0x791c,12,ASCII,Localizable
Crane.dylib,0x7928,8,ASCII,strings
Crane.dylib,0x7930,9,ASCII,en.lproj
Crane.dylib,0x7939,8,ASCII,DEFAULT
Crane.dylib,0x7941,34,ASCII,%@/Library/___Crane_Containers/%@
Crane.dylib,0x7963,21,ASCII,"v20@?0B8@""NSError""12"
Crane.dylib,0x7978,6,ASCII,v8@?0
Crane.dylib,0x797e,51,ASCII,UNUserNotificationServerProtocolPlusCraneAdditions
Crane.dylib,0x79b1,33,ASCII,UNUserNotificationServerProtocol
Crane.dylib,0x79d2,20,ASCII,___Crane_Containers
Crane.dylib,0x79e6,86,ASCII,/System/Library/PrivateFrameworks/CoreServicesInternal.framework/CoreServicesInternal
Crane.dylib,0x7a3c,25,ASCII,_URLEnumeratorGetNextURL
Crane.dylib,0x7a55,28,ASCII,stringWithCString:encoding:
Crane.dylib,0x7a71,32,ASCII,stringByAppendingPathComponent:
Crane.dylib,0x7a91,11,ASCII,UTF8String
Crane.dylib,0x7a9c,16,ASCII,bundleWithPath:
Crane.dylib,0x7aac,35,ASCII,localizedStringForKey:value:table:
Crane.dylib,0x7acf,17,ASCII,isEqualToString:
Crane.dylib,0x7ae0,36,ASCII,pathForResource:ofType:inDirectory:
Crane.dylib,0x7b04,30,ASCII,dictionaryWithContentsOfFile:
Crane.dylib,0x7b22,14,ASCII,objectForKey:
Crane.dylib,0x7b30,18,ASCII,stringWithFormat:
Crane.dylib,0x7b42,15,ASCII,defaultManager
Crane.dylib,0x7b51,18,ASCII,fileExistsAtPath:
Crane.dylib,0x7b63,15,ASCII,numberWithInt:
Crane.dylib,0x7b72,37,ASCII,dictionaryWithObjects:forKeys:count:
Crane.dylib,0x7b97,68,ASCII,createDirectoryAtPath:withIntermediateDirectories:attributes:error:
Crane.dylib,0x7bdb,13,ASCII,isMainThread
Crane.dylib,0x7bed,25,ASCII,canEvaluatePolicy:error:
Crane.dylib,0x7c06,38,ASCII,evaluatePolicy:localizedReason:reply:
Crane.dylib,0x7c2c,93,ASCII,crane_unregisterFromNotificationsIfNeededForContainerIdentifier:ofApplicationWithIdentifier:
Crane.dylib,0x7c89,100,ASCII,crane_switchBadgesOfContainerWithIdentifier:andContainerWithIdentifier:ofApplicationWithIdentifier:
Crane.dylib,0x7ced,71,ASCII,crane_resetBadgeOfContainerWithIdentifier:ofApplicationWithIdentifier:
Crane.dylib,0x7d34,37,ASCII,crane_presentLibSandyNotWorkingError
Crane.dylib,0x7d59,65,ASCII,crane_presentDaemonErrorWithBrokenDaemons:error:connectionWorks:
Crane.dylib,0x7d9a,48,ASCII,crane_presentMainDylibNotLoadedErrorForAppName:
Crane.dylib,0x7dca,44,ASCII,crane_presentApsdRegistrationErrorForAppId:
Crane.dylib,0x7df6,43,ASCII,crane_presentPkdRegistrationErrorForAppId:
Crane.dylib,0x7e21,25,ASCII,fileSystemRepresentation
Crane.dylib,0x7e3a,22,ASCII,stringWithUTF8String:
Crane.dylib,0x7e58,41,ASCII,UNUserNotificationProtocolCraneAdditions
Crane.dylib,0x7e81,14,ASCII,v32@0:8@16@24
Crane.dylib,0x7e8f,17,ASCII,v40@0:8@16@24@32
Crane.dylib,0x7ea0,8,ASCII,v16@0:8
Crane.dylib,0x7ea8,17,ASCII,v36@0:8@16@24B32
Crane.dylib,0x7eb9,11,ASCII,v24@0:8@16
Crane.dylib,0x7ec4,34,ASCII,"v32@0:8@""NSString""16@""NSString""24"
Crane.dylib,0x7ee6,47,ASCII,"v40@0:8@""NSString""16@""NSString""24@""NSString""32"
Crane.dylib,0x7f15,35,ASCII,"v36@0:8@""NSArray""16@""NSError""24B32"
Crane.dylib,0x7f38,21,ASCII,"v24@0:8@""NSString""16"
CraneSB.dylib,0x28,16,ASCII,__TEXT
CraneSB.dylib,0x68,16,ASCII,__text
CraneSB.dylib,0x78,16,ASCII,__TEXT
CraneSB.dylib,0xb8,16,ASCII,__stubs
CraneSB.dylib,0xc8,16,ASCII,__TEXT
CraneSB.dylib,0x108,16,ASCII,__stub_helper
CraneSB.dylib,0x118,16,ASCII,__TEXT
CraneSB.dylib,0x158,16,ASCII,__const
CraneSB.dylib,0x168,16,ASCII,__TEXT
CraneSB.dylib,0x1a8,16,ASCII,__cstring
CraneSB.dylib,0x1b8,16,ASCII,__TEXT
CraneSB.dylib,0x1f8,16,ASCII,__objc_methname
CraneSB.dylib,0x208,16,ASCII,__TEXT
CraneSB.dylib,0x248,16,ASCII,__objc_classname
CraneSB.dylib,0x258,16,ASCII,__TEXT
CraneSB.dylib,0x298,16,ASCII,__gcc_except_tab
CraneSB.dylib,0x2a8,16,ASCII,__TEXT
CraneSB.dylib,0x2e8,16,ASCII,__ustring
CraneSB.dylib,0x2f8,16,ASCII,__TEXT
CraneSB.dylib,0x338,16,ASCII,__objc_methtype
CraneSB.dylib,0x348,16,ASCII,__TEXT
CraneSB.dylib,0x388,16,ASCII,__unwind_info
CraneSB.dylib,0x398,16,ASCII,__TEXT
CraneSB.dylib,0x3d8,16,ASCII,__eh_frame
CraneSB.dylib,0x3e8,16,ASCII,__TEXT
CraneSB.dylib,0x430,16,ASCII,__DATA
CraneSB.dylib,0x470,16,ASCII,__got
CraneSB.dylib,0x480,16,ASCII,__DATA
CraneSB.dylib,0x4c0,16,ASCII,__la_symbol_ptr
CraneSB.dylib,0x4d0,16,ASCII,__DATA
CraneSB.dylib,0x510,16,ASCII,__mod_init_func
CraneSB.dylib,0x520,16,ASCII,__DATA
CraneSB.dylib,0x560,16,ASCII,__const
CraneSB.dylib,0x570,16,ASCII,__DATA
CraneSB.dylib,0x5b0,16,ASCII,__cfstring
CraneSB.dylib,0x5c0,16,ASCII,__DATA
CraneSB.dylib,0x600,16,ASCII,__objc_classlist
CraneSB.dylib,0x610,16,ASCII,__DATA
CraneSB.dylib,0x650,16,ASCII,__objc_protolist
CraneSB.dylib,0x660,16,ASCII,__DATA
CraneSB.dylib,0x6a0,16,ASCII,__objc_imageinfo
CraneSB.dylib,0x6b0,16,ASCII,__DATA
CraneSB.dylib,0x6f0,16,ASCII,__objc_const
CraneSB.dylib,0x700,16,ASCII,__DATA
CraneSB.dylib,0x740,16,ASCII,__objc_selrefs
CraneSB.dylib,0x750,16,ASCII,__DATA
CraneSB.dylib,0x790,16,ASCII,__objc_protorefs
CraneSB.dylib,0x7a0,16,ASCII,__DATA
CraneSB.dylib,0x7e0,16,ASCII,__objc_classrefs
CraneSB.dylib,0x7f0,16,ASCII,__DATA
CraneSB.dylib,0x830,16,ASCII,__objc_superrefs
CraneSB.dylib,0x840,16,ASCII,__DATA
CraneSB.dylib,0x880,16,ASCII,__objc_ivar
CraneSB.dylib,0x890,16,ASCII,__DATA
CraneSB.dylib,0x8d0,16,ASCII,__objc_data
CraneSB.dylib,0x8e0,16,ASCII,__DATA
CraneSB.dylib,0x920,16,ASCII,__data
CraneSB.dylib,0x930,16,ASCII,__DATA
CraneSB.dylib,0x970,16,ASCII,__bss
CraneSB.dylib,0x980,16,ASCII,__DATA
CraneSB.dylib,0x9c0,16,ASCII,__common
CraneSB.dylib,0x9d0,16,ASCII,__DATA
CraneSB.dylib,0xa18,16,ASCII,__LINKEDIT
CraneSB.dylib,0xa70,56,ASCII,/Library/MobileSubstrate/DynamicLibraries/CraneSB.dylib
CraneSB.dylib,0xba8,25,ASCII,/usr/lib/libobjc.A.dylib
CraneSB.dylib,0xbe0,59,ASCII,/System/Library/Frameworks/Foundation.framework/Foundation
CraneSB.dylib,0xc38,67,ASCII,/System/Library/Frameworks/CoreFoundation.framework/CoreFoundation
CraneSB.dylib,0xc98,24,ASCII,/usr/lib/libsandy.dylib
CraneSB.dylib,0xcc8,24,ASCII,/usr/lib/libcrane.dylib
CraneSB.dylib,0xcf8,80,ASCII,/System/Library/PrivateFrameworks/BackBoardServices.framework/BackBoardServices
CraneSB.dylib,0xd60,66,ASCII,/System/Library/PrivateFrameworks/AppSupport.framework/AppSupport
CraneSB.dylib,0xdc0,75,ASCII,/System/Library/Frameworks/MobileCoreServices.framework/MobileCoreServices
CraneSB.dylib,0xe28,24,ASCII,/usr/lib/libc++.1.dylib
CraneSB.dylib,0xe58,27,ASCII,/usr/lib/libSystem.B.dylib
CraneSB.dylib,0xe90,60,ASCII,/Library/Frameworks/CydiaSubstrate.framework/CydiaSubstrate
CraneSB.dylib,0xee8,77,ASCII,/System/Library/Frameworks/LocalAuthentication.framework/LocalAuthentication
CraneSB.dylib,0xf50,49,ASCII,/System/Library/Frameworks/UIKit.framework/UIKit
CraneSB.dylib,0x219b0,21,ASCII,@rpath/libroot.dylib
CraneSB.dylib,0x219c5,24,ASCII,libroot_get_root_prefix
CraneSB.dylib,0x219dd,26,ASCII,libroot_get_jbroot_prefix
CraneSB.dylib,0x219f7,22,ASCII,libroot_get_boot_uuid
CraneSB.dylib,0x21a0d,19,ASCII,libroot_jbrootpath
CraneSB.dylib,0x21a20,19,ASCII,libroot_rootfspath
CraneSB.dylib,0x21a33,9,ASCII,/var/LIY
CraneSB.dylib,0x21a3c,8,ASCII,/var/jb
CraneSB.dylib,0x21a44,37,ASCII,00000000-0000-0000-0000-000000000000
CraneSB.dylib,0x21a69,12,ASCII,/var/mobile
CraneSB.dylib,0x21a75,25,ASCII,_UIContextMenuActionView
CraneSB.dylib,0x21a8e,30,ASCII,_UIContextMenuCellContentView
CraneSB.dylib,0x21aac,18,ASCII,SBApplicationIcon
CraneSB.dylib,0x21abe,11,ASCII,CRFakeIcon
CraneSB.dylib,0x21acb,12,ASCII,"@""NSString"""
CraneSB.dylib,0x21ae8,6,ASCII,v@:%s
CraneSB.dylib,0x21aee,29,ASCII,CRBadgeContextMenuActionView
CraneSB.dylib,0x21b0b,19,ASCII,"@""SBIconBadgeView"""
CraneSB.dylib,0x21b1e,10,ASCII,badgeView
CraneSB.dylib,0x21b28,24,ASCII,associatedApplicationID
CraneSB.dylib,0x21b40,13,ASCII,_application
CraneSB.dylib,0x21b4d,6,ASCII,v8@?0
CraneSB.dylib,0x21b53,16,ASCII,SBIconBadgeView
CraneSB.dylib,0x21b63,24,ASCII,SBApplicationController
CraneSB.dylib,0x21b7d,12,ASCII,SBAlertItem
CraneSB.dylib,0x21b89,13,ASCII,CRErrorAlert
CraneSB.dylib,0x21b96,11,ASCII,errorTitle
CraneSB.dylib,0x21ba1,13,ASCII,errorMessage
CraneSB.dylib,0x21bae,11,ASCII,"@""NSArray"""
CraneSB.dylib,0x21bb9,8,ASCII,actions
CraneSB.dylib,0x21bc1,27,ASCII,crane_reappearsAfterUnlock
CraneSB.dylib,0x21bdc,7,ASCII,- %@ -
CraneSB.dylib,0x21be6,24,ASCII,"v16@?0@""UIAlertAction""8"
CraneSB.dylib,0x21bfe,44,ASCII,"{""5&{8=6{0$?3{=:2;{7;9z;$5gg`z7&5:1z$;' &9T"
CraneSB.dylib,0x21c2a,20,ASCII,CRNewContainerAlert
CraneSB.dylib,0x21c3e,14,ASCII,applicationID
CraneSB.dylib,0x21c4c,14,ASCII,NEW_CONTAINER
CraneSB.dylib,0x21c5a,22,ASCII,"v16@?0@""UITextField""8"
CraneSB.dylib,0x21c75,7,ASCII,LAUNCH
CraneSB.dylib,0x21c7c,7,ASCII,CREATE
CraneSB.dylib,0x21c83,7,ASCII,CANCEL
CraneSB.dylib,0x21c8a,26,ASCII,FBSOpenApplicationService
CraneSB.dylib,0x21ca4,8,ASCII,DEFAULT
CraneSB.dylib,0x21cac,20,ASCII,UISApplicationState
CraneSB.dylib,0x21cc0,17,ASCII,FBSSystemService
CraneSB.dylib,0x21cd1,36,ASCII,"v32@?0@""NSString""8@""NSNumber""16^B24"
CraneSB.dylib,0x21cf5,43,ASCII,/var/mobile/Library/Crane/BadgeStore.plist
CraneSB.dylib,0x21d20,40,ASCII,"v32@?0@""NSString""8@""NSDictionary""16^B24"
CraneSB.dylib,0x21d4c,30,ASCII,extension_containerIDToAppend
CraneSB.dylib,0x21d6a,29,ASCII,saveNotification_containerID
CraneSB.dylib,0x21d87,32,ASCII,"B16@?0@""UNSNotificationRecord""8"
CraneSB.dylib,0x21da7,18,ASCII,"v16@?0@""NSArray""8"
CraneSB.dylib,0x21db9,7,ASCII,_queue
CraneSB.dylib,0x21dc0,28,ASCII,UNSRemoteNotificationServer
CraneSB.dylib,0x21ddc,28,ASCII,UNCRemoteNotificationServer
CraneSB.dylib,0x21df8,32,ASCII,UNCNotificationServiceExtension
CraneSB.dylib,0x21e18,33,ASCII,UNSNotificationSourceDescription
CraneSB.dylib,0x21e39,33,ASCII,UNCNotificationSourceDescription
CraneSB.dylib,0x21e5a,26,ASCII,UNSNotificationRepository
CraneSB.dylib,0x21e74,31,ASCII,UNCLocalNotificationRepository
CraneSB.dylib,0x21e93,20,ASCII,EXConcreteExtension
CraneSB.dylib,0x21ea7,12,ASCII,NSExtension
CraneSB.dylib,0x21eb3,19,ASCII,LSApplicationProxy
CraneSB.dylib,0x21ec6,62,ASCII,UNSUserNotificationServerRemoteNotificationConnectionListener
CraneSB.dylib,0x21f04,44,ASCII,UNSUserNotificationServerConnectionListener
CraneSB.dylib,0x21f30,11,ASCII,BBBulletin
CraneSB.dylib,0x21f3b,37,ASCII,NCNotificationRequestContentProvider
CraneSB.dylib,0x21f60,9,ASCII,__NSSetM
CraneSB.dylib,0x21f69,20,ASCII,CRCraneResolvingSet
CraneSB.dylib,0x21f7d,16,ASCII,NSXPCConnection
CraneSB.dylib,0x21f8d,26,ASCII,UNSUserNotificationServer
CraneSB.dylib,0x21fa7,14,ASCII,APSConnection
CraneSB.dylib,0x21fb5,23,ASCII,UNSDefaultDataProvider
CraneSB.dylib,0x21fcc,32,ASCII,UNSNotificationServiceExtension
CraneSB.dylib,0x21fec,22,ASCII,UNSNotificationRecord
CraneSB.dylib,0x22002,22,ASCII,UNNotificationRequest
CraneSB.dylib,0x22018,15,ASCII,NSXPCInterface
CraneSB.dylib,0x22027,17,ASCII,FBProcessManager
CraneSB.dylib,0x22038,24,ASCII,crane_sourceContainerID
CraneSB.dylib,0x22054,21,ASCII,"v20@?0B8@""NSError""12"
CraneSB.dylib,0x22069,18,ASCII,crane_containerID
CraneSB.dylib,0x2207b,31,ASCII,crane_requestOriginContainerID
CraneSB.dylib,0x2209f,28,ASCII,_installedBundleIdentifiers
CraneSB.dylib,0x220bb,37,ASCII,_bundleIdentifierToSourceDescription
CraneSB.dylib,0x220e0,31,ASCII,_bundleIdentifiersNeedingToken
CraneSB.dylib,0x220ff,8,ASCII,%@ (%@)
CraneSB.dylib,0x22107,21,ASCII,notificationsAllowed
CraneSB.dylib,0x2211c,19,ASCII,"v16@?0@""NSNumber""8"
CraneSB.dylib,0x2212f,10,ASCII,_userInfo
CraneSB.dylib,0x22139,27,ASCII,_remoteNotificationService
CraneSB.dylib,0x22154,9,ASCII,v12@?0B8
CraneSB.dylib,0x2215d,33,ASCII,UNUserNotificationServerProtocol
CraneSB.dylib,0x2217e,51,ASCII,UNUserNotificationServerProtocolPlusCraneAdditions
CraneSB.dylib,0x221b1,6,ASCII,Crane
CraneSB.dylib,0x221b7,16,ASCII,APPLICATIONS/%@
CraneSB.dylib,0x221c7,56,ASCII,/Library/MobileSubstrate/DynamicLibraries/shuffle.plist
CraneSB.dylib,0x221ff,27,ASCII,com.creaturecoding.shuffle
CraneSB.dylib,0x2221a,9,ASCII,kEnabled
CraneSB.dylib,0x22223,17,ASCII,kTweaksGroupName
CraneSB.dylib,0x22234,7,ASCII,Tweaks
CraneSB.dylib,0x2223b,25,ASCII,prefs:root=%@&path=%@/%@
CraneSB.dylib,0x22254,22,ASCII,prefs:root=%@&path=%@
CraneSB.dylib,0x2226a,14,ASCII,prefs:root=%@
CraneSB.dylib,0x22278,17,ASCII,SELECT_CONTAINER
CraneSB.dylib,0x22289,10,ASCII,checkmark
CraneSB.dylib,0x22293,27,ASCII,SelectedContainerCheckmark
CraneSB.dylib,0x222ae,6,ASCII,image
CraneSB.dylib,0x222b4,11,ASCII,identifier
CraneSB.dylib,0x222c4,11,ASCII,Containers
CraneSB.dylib,0x222cf,19,ASCII,"v16@?0@""UIAction""8"
CraneSB.dylib,0x222e5,9,ASCII,SETTINGS
CraneSB.dylib,0x222f3,22,ASCII,crane-settings-action
CraneSB.dylib,0x2230e,27,ASCII,crane-new-container-action
CraneSB.dylib,0x22329,10,ASCII,CONTAINER
CraneSB.dylib,0x22333,23,ASCII,crane-settings-wrapper
CraneSB.dylib,0x2234a,16,ASCII,square.grid.2x2
CraneSB.dylib,0x2235a,53,ASCII,com.opa334.crane.to-replace-with-container-selection
CraneSB.dylib,0x2238f,26,ASCII,com.opa334.cranesb/Loaded
CraneSB.dylib,0x223a9,34,ASCII,/usr/local/bin/cranehelperd_start
CraneSB.dylib,0x223cb,7,ASCII,UIMenu
CraneSB.dylib,0x223d2,30,ASCII,_UIContextMenuActionsListView
CraneSB.dylib,0x223f0,23,ASCII,_UIContextMenuListView
CraneSB.dylib,0x22407,33,ASCII,SBUIIconForceTouchViewController
CraneSB.dylib,0x22428,32,ASCII,SBUIAppIconForceTouchController
CraneSB.dylib,0x22448,30,ASCII,crane_provideContainerOptions
CraneSB.dylib,0x22466,11,ASCII,SBUIAction
CraneSB.dylib,0x22471,18,ASCII,crane_isSeparator
CraneSB.dylib,0x22483,15,ASCII,SBUIActionView
CraneSB.dylib,0x22492,44,ASCII,SBUIAppIconForceTouchShortcutViewController
CraneSB.dylib,0x224be,27,ASCII,SBSApplicationShortcutItem
CraneSB.dylib,0x224d9,11,ASCII,SBIconView
CraneSB.dylib,0x224e4,9,ASCII,UIAction
CraneSB.dylib,0x224ed,44,ASCII,SBUIAppIconForceTouchControllerDataProvider
CraneSB.dylib,0x22519,10,ASCII,FBProcess
CraneSB.dylib,0x22523,17,ASCII,SBIconController
CraneSB.dylib,0x22534,48,ASCII,/Library/Application Support/Crane.bundle/Icons
CraneSB.dylib,0x22564,41,ASCII,com.opa334.craneprefs/MigrationSucceeded
CraneSB.dylib,0x2258d,23,ASCII,SBAlertItemsController
CraneSB.dylib,0x225a4,26,ASCII,"@""UIMenu""16@?0@""NSArray""8"
CraneSB.dylib,0x225be,12,ASCII,_titleLabel
CraneSB.dylib,0x225ca,15,ASCII,_subtitleLabel
CraneSB.dylib,0x225d9,20,ASCII,SBUIActionViewLabel
CraneSB.dylib,0x225ed,28,ASCII,com.opa334.crane.containers
CraneSB.dylib,0x22609,15,ASCII,ContainersIcon
CraneSB.dylib,0x22618,7,ASCII,_image
CraneSB.dylib,0x2261f,14,ASCII,_dataProvider
CraneSB.dylib,0x2262d,29,ASCII,_appIconForceTouchController
CraneSB.dylib,0x2264a,9,ASCII,_handler
CraneSB.dylib,0x22653,27,ASCII,com.opa334.crane-container
CraneSB.dylib,0x2266e,28,ASCII,com.opa334.crane-container.
CraneSB.dylib,0x2268a,38,ASCII,com.opa334.crane.new-container-action
CraneSB.dylib,0x226b0,8,ASCII,AddIcon
CraneSB.dylib,0x226b8,34,ASCII,com.opa334.crane.open-preferences
CraneSB.dylib,0x226da,13,ASCII,SettingsIcon
CraneSB.dylib,0x226e7,27,ASCII,com.opa334.crane.separator
CraneSB.dylib,0x22702,39,ASCII,com.opa334.crane.application-container
CraneSB.dylib,0x22729,126,ASCII,-[<_UIContextMenuActionsListView: %p> _configureCell:%@ inCollectionView:%@ atIndexPath:%@ forElement:%@ section:%@ size:%ld]
CraneSB.dylib,0x227a7,40,ASCII,"v16@?0@""_UIContextMenuActionsListCell""8"
CraneSB.dylib,0x227cf,91,ASCII,-[<_UIContextMenuActionsListView: %p> _configureCell:%@ forElement:%@ section:%@ size:%ld]
CraneSB.dylib,0x2282a,19,ASCII,_customContentView
CraneSB.dylib,0x2283d,31,ASCII,"v32@?0@""UIMenuElement""8Q16^B24"
CraneSB.dylib,0x2285c,36,ASCII,-[<UIAction: %p> initWithAction:%@]
CraneSB.dylib,0x22880,30,ASCII,com.opa334.crane-container.%@
CraneSB.dylib,0x2289e,27,ASCII,CRANE_CONTAINER_IDENTIFIER
CraneSB.dylib,0x228b9,6,ASCII,_name
CraneSB.dylib,0x228bf,14,ASCII,runningboardd
CraneSB.dylib,0x228cd,22,ASCII,"v20@?0@""NSString""8i16"
CraneSB.dylib,0x228e3,9,ASCII,%@ %@ %@
CraneSB.dylib,0x228f3,15,ASCII,ChoicySB.dylib
CraneSB.dylib,0x22902,6,ASCII,CLOSE
CraneSB.dylib,0x22908,12,ASCII,CRANE_ERROR
CraneSB.dylib,0x22914,35,ASCII,LIBSANDY_NOT_WORKING_ERROR_MESSAGE
CraneSB.dylib,0x22937,7,ASCII,%@\n\n%@
CraneSB.dylib,0x2293e,23,ASCII,LIBSANDY_CHOICY_NOTICE
CraneSB.dylib,0x22955,23,ASCII,CRANE_DISABLED_MESSAGE
CraneSB.dylib,0x2296c,41,ASCII,RESTART_AFFECTED_DAEMONS_AND_SPRINGBOARD
CraneSB.dylib,0x22995,28,ASCII,COMMUNICATION_ERROR_MESSAGE
CraneSB.dylib,0x229b1,31,ASCII,INSURANCE_FAILED_ERROR_MESSAGE
CraneSB.dylib,0x229d0,24,ASCII,INJECTION_ERROR_MESSAGE
CraneSB.dylib,0x229e8,10,ASCII,%@\n\n%@\n%@
CraneSB.dylib,0x229f2,24,ASCII,FIXUP_ERROR_DESCRIPTION
CraneSB.dylib,0x22a0a,31,ASCII,INJECTION_ERROR_MESSAGE_CHOICY
CraneSB.dylib,0x22a29,29,ASCII,CRANE_DYLIB_NOT_LOADED_ERROR
CraneSB.dylib,0x22a46,28,ASCII,REGISTRATION_FAILED_MESSAGE
CraneSB.dylib,0x22a62,34,ASCII,PLUGIN_REDIRECTION_FAILED_MESSAGE
CraneSB.dylib,0x22a84,25,ASCII,gameCenterSupportEnabled
CraneSB.dylib,0x22a9d,28,ASCII,associatedGameCenterAccount
CraneSB.dylib,0x22ab9,33,ASCII,"v28@?0B8@""NSArray""12@""NSError""20"
CraneSB.dylib,0x22ada,27,ASCII,spoofSandboxLookupsEnabled
CraneSB.dylib,0x22af7,28,ASCII,CRANE_SPOOF_SANDBOX_LOOKUPS
CraneSB.dylib,0x22b13,27,ASCII,containerProtectionEnabled
CraneSB.dylib,0x22b2e,25,ASCII,CRANE_PROTECT_CONTAINERS
CraneSB.dylib,0x22b47,57,ASCII,/Library/MobileSubstrate/DynamicLibraries/ChoicySB.dylib
CraneSB.dylib,0x22b80,22,ASCII,ChoicyOverrideManager
CraneSB.dylib,0x22b96,12,ASCII,SpringBoard
CraneSB.dylib,0x22ba2,16,ASCII,FBSystemService
CraneSB.dylib,0x22bb2,8,ASCII,CraneRB
CraneSB.dylib,0x22bba,17,ASCII,RBProcessManager
CraneSB.dylib,0x22bcb,14,ASCII,CRBadgeAction
CraneSB.dylib,0x22bd9,10,ASCII,badgeText
CraneSB.dylib,0x22be3,17,ASCII,"T@""NSString"",&,N"
CraneSB.dylib,0x22bf4,15,ASCII,CRSubtitleMenu
CraneSB.dylib,0x22c03,9,ASCII,subtitle
CraneSB.dylib,0x22c0c,17,ASCII,"T@""NSString"",C,N"
CraneSB.dylib,0x22c1d,35,ASCII,com.opa334.crane.activatorlistener
CraneSB.dylib,0x22c40,32,ASCII,com.opa334.crane.activatorevent
CraneSB.dylib,0x22c60,28,ASCII,/usr/lib/libactivator.dylib
CraneSB.dylib,0x22c7c,12,ASCII,LAActivator
CraneSB.dylib,0x22c88,29,ASCII,%@.SetActiveContainer|%@|%@|
CraneSB.dylib,0x22ca5,19,ASCII,SetActiveContainer
CraneSB.dylib,0x22cba,26,ASCII,"v32@?0@""NSString""8Q16^B24"
CraneSB.dylib,0x22cd4,20,ASCII,previousContainerID
CraneSB.dylib,0x22ce8,9,ASCII,%@ -> %@
CraneSB.dylib,0x22cf1,34,ASCII,SET_AS_THE_ACTIVE_CRANE_CONTAINER
CraneSB.dylib,0x22d13,12,ASCII,springboard
CraneSB.dylib,0x22d1f,11,ASCII,lockscreen
CraneSB.dylib,0x22d2a,12,ASCII,application
CraneSB.dylib,0x22d36,29,ASCII,%@.ChangedToContainer|%@|%@|
CraneSB.dylib,0x22d53,22,ASCII,%@.ChangedToContainer
CraneSB.dylib,0x22d69,21,ASCII,CHANGED_TO_CONTAINER
CraneSB.dylib,0x22d88,11,ASCII,superclass
CraneSB.dylib,0x22d98,12,ASCII,description
CraneSB.dylib,0x22da4,17,ASCII,"T@""NSString"",R,C"
CraneSB.dylib,0x22db5,17,ASCII,debugDescription
CraneSB.dylib,0x22dc6,36,ASCII,choicyConfigurationOverwriteEnabled
CraneSB.dylib,0x22dea,29,ASCII,choicyConfigurationOverwrite
CraneSB.dylib,0x22e07,23,ASCII,tweakInjectionDisabled
CraneSB.dylib,0x22e1e,32,ASCII,customTweakConfigurationEnabled
CraneSB.dylib,0x22e3e,34,ASCII,overwriteGlobalTweakConfiguration
CraneSB.dylib,0x22e60,14,ASCII,allowDenyMode
CraneSB.dylib,0x22e6e,7,ASCII, Crane
CraneSB.dylib,0x22e75,13,ASCII,deniedTweaks
CraneSB.dylib,0x22e82,14,ASCII,allowedTweaks
CraneSB.dylib,0x22e90,28,ASCII,notificationsSupportEnabled
CraneSB.dylib,0x22eac,41,ASCII,separateNotificationRegistrationsEnabled
CraneSB.dylib,0x22ed5,27,ASCII,applicationShortcutEnabled
CraneSB.dylib,0x22ef0,45,ASCII,launchApplicationOnContainerSelectionEnabled
CraneSB.dylib,0x22f1d,32,ASCII,expandContainersShortcutEnabled
CraneSB.dylib,0x22f3d,33,ASCII,onlyShowIfContainersExistEnabled
CraneSB.dylib,0x22f5e,28,ASCII,newContainerShortcutEnabled
CraneSB.dylib,0x22f7a,39,ASCII,showContainerNotificationBadgesEnabled
CraneSB.dylib,0x22fa1,29,ASCII,alwaysAskBeforeLaunchEnabled
CraneSB.dylib,0x22fbe,42,ASCII,/Library/Application Support/Crane.bundle
CraneSB.dylib,0x22fe8,12,ASCII,Localizable
CraneSB.dylib,0x22ff4,8,ASCII,strings
CraneSB.dylib,0x22ffc,9,ASCII,en.lproj
CraneSB.dylib,0x23005,34,ASCII,%@/Library/___Crane_Containers/%@
CraneSB.dylib,0x23027,35,ASCII,/usr/lib/substitute-inserter.dylib
CraneSB.dylib,0x2304a,11,ASCII,Substitute
CraneSB.dylib,0x23055,27,ASCII,/usr/lib/TweakInject.dylib
CraneSB.dylib,0x23070,10,ASCII,libhooker
CraneSB.dylib,0x2307a,43,ASCII,/usr/lib/substrate/SubstrateInserter.dylib
CraneSB.dylib,0x230a5,10,ASCII,Substrate
CraneSB.dylib,0x230af,16,ASCII,com.apple.token
CraneSB.dylib,0x230bf,23,ASCII,com.apple.certificates
CraneSB.dylib,0x230d6,21,ASCII,com.apple.identities
CraneSB.dylib,0x230eb,6,ASCII,apple
CraneSB.dylib,0x230f1,20,ASCII,com.apple.cfnetwork
CraneSB.dylib,0x23105,32,ASCII,com.apple.ProtectedCloudStorage
CraneSB.dylib,0x23125,16,ASCII,com.apple.passd
CraneSB.dylib,0x23135,29,ASCII,com.apple.managed.vpn.shared
CraneSB.dylib,0x23152,47,ASCII,_LSDDeviceIdentifierProtocolPlusCraneAdditions
CraneSB.dylib,0x23181,29,ASCII,_LSDDeviceIdentifierProtocol
CraneSB.dylib,0x2319e,55,ASCII,/Library/MobileSubstrate/DynamicLibraries/ Crane.plist
CraneSB.dylib,0x231d5,7,ASCII,Filter
CraneSB.dylib,0x231dc,6,ASCII,Flags
CraneSB.dylib,0x231e2,16,ASCII,%@.c_r_a_n_e.%@
CraneSB.dylib,0x231f2,12,ASCII,.c_r_a_n_e.
CraneSB.dylib,0x231fe,26,ASCII,activeContainerCacheQueue
CraneSB.dylib,0x23218,28,ASCII,com.apple.containermanagerd
CraneSB.dylib,0x23234,34,ASCII,"v16@?0@""NSObject<OS_xpc_object>""8"
CraneSB.dylib,0x23256,21,ASCII,crane_isProxyMessage
CraneSB.dylib,0x2326b,15,ASCII,crane_checkPid
CraneSB.dylib,0x2327a,28,ASCII,_availability_version_check
CraneSB.dylib,0x23296,17,ASCII,kCFAllocatorNull
CraneSB.dylib,0x232a7,28,ASCII,CFDataCreateWithBytesNoCopy
CraneSB.dylib,0x232c3,29,ASCII,CFPropertyListCreateWithData
CraneSB.dylib,0x232e0,32,ASCII,CFPropertyListCreateFromXMLData
CraneSB.dylib,0x23300,32,ASCII,CFStringCreateWithCStringNoCopy
CraneSB.dylib,0x23320,21,ASCII,CFDictionaryGetValue
CraneSB.dylib,0x23335,12,ASCII,CFGetTypeID
CraneSB.dylib,0x23341,18,ASCII,CFStringGetTypeID
CraneSB.dylib,0x23353,19,ASCII,CFStringGetCString
CraneSB.dylib,0x23366,10,ASCII,CFRelease
CraneSB.dylib,0x23370,49,ASCII,/System/Library/CoreServices/SystemVersion.plist
CraneSB.dylib,0x233a3,15,ASCII,ProductVersion
CraneSB.dylib,0x233b2,9,ASCII,%d.%d.%d
CraneSB.dylib,0x233c0,9,ASCII,setText:
CraneSB.dylib,0x233c9,26,ASCII,accessoryTextForLocation:
CraneSB.dylib,0x233e3,20,ASCII,applicationBundleID
CraneSB.dylib,0x233f7,22,ASCII,valueForUndefinedKey:
CraneSB.dylib,0x2340d,10,ASCII,badgeView
CraneSB.dylib,0x23417,14,ASCII,setBadgeView:
CraneSB.dylib,0x23425,24,ASCII,associatedApplicationID
CraneSB.dylib,0x2343d,28,ASCII,setAssociatedApplicationID:
CraneSB.dylib,0x23459,72,ASCII,initWithTitle:subtitle:associatedApplicationIdentifier:badgeText:image:
CraneSB.dylib,0x234a1,19,ASCII,crane_trailingView
CraneSB.dylib,0x234b4,25,ASCII,crane_rebuildConstraints
CraneSB.dylib,0x234cd,24,ASCII,crane_updateConstraints
CraneSB.dylib,0x234e5,14,ASCII,setBadgeText:
CraneSB.dylib,0x234f3,18,ASCII,updateConstraints
CraneSB.dylib,0x23505,15,ASCII,layoutSubviews
CraneSB.dylib,0x23514,13,ASCII,valueForKey:
CraneSB.dylib,0x23521,17,ASCII,bundleIdentifier
CraneSB.dylib,0x23532,17,ASCII,isEqualToString:
CraneSB.dylib,0x23543,12,ASCII,application
CraneSB.dylib,0x2354f,30,ASCII,initWithTitle:subtitle:image:
CraneSB.dylib,0x2356d,13,ASCII,trailingView
CraneSB.dylib,0x2357a,20,ASCII,respondsToSelector:
CraneSB.dylib,0x2358e,10,ASCII,imageView
CraneSB.dylib,0x23598,14,ASCII,iconImageView
CraneSB.dylib,0x235a6,27,ASCII,setNeedsConstraintRebuild:
CraneSB.dylib,0x235c1,15,ASCII,setNeedsLayout
CraneSB.dylib,0x235d0,21,ASCII,intrinsicContentSize
CraneSB.dylib,0x235e5,12,ASCII,constraints
CraneSB.dylib,0x235f1,43,ASCII,countByEnumeratingWithState:objects:count:
CraneSB.dylib,0x2361c,12,ASCII,firstAnchor
CraneSB.dylib,0x23628,14,ASCII,centerXAnchor
CraneSB.dylib,0x23636,9,ASCII,isEqual:
CraneSB.dylib,0x2363f,13,ASCII,secondAnchor
CraneSB.dylib,0x2364c,15,ASCII,trailingAnchor
CraneSB.dylib,0x2365b,9,ASCII,constant
CraneSB.dylib,0x23664,15,ASCII,labelStackView
CraneSB.dylib,0x23673,13,ASCII,setConstant:
CraneSB.dylib,0x23680,34,ASCII,constraintEqualToAnchor:constant:
CraneSB.dylib,0x236a2,11,ASCII,setActive:
CraneSB.dylib,0x236ad,12,ASCII,widthAnchor
CraneSB.dylib,0x236b9,27,ASCII,constraintEqualToConstant:
CraneSB.dylib,0x236d9,46,ASCII,setTranslatesAutoresizingMaskIntoConstraints:
CraneSB.dylib,0x23707,12,ASCII,addSubview:
CraneSB.dylib,0x23713,15,ASCII,sharedInstance
CraneSB.dylib,0x23722,33,ASCII,applicationWithBundleIdentifier:
CraneSB.dylib,0x23743,21,ASCII,initWithApplication:
CraneSB.dylib,0x23758,31,ASCII,configureForIcon:infoProvider:
CraneSB.dylib,0x23777,14,ASCII,centerYAnchor
CraneSB.dylib,0x23785,20,ASCII,removeFromSuperview
CraneSB.dylib,0x23799,23,ASCII,needsConstraintRebuild
CraneSB.dylib,0x237b0,10,ASCII,getValue:
CraneSB.dylib,0x237ba,25,ASCII,valueWithBytes:objCType:
CraneSB.dylib,0x237d3,11,ASCII,errorTitle
CraneSB.dylib,0x237de,15,ASCII,setErrorTitle:
CraneSB.dylib,0x237ed,13,ASCII,errorMessage
CraneSB.dylib,0x237fa,17,ASCII,setErrorMessage:
CraneSB.dylib,0x2380b,8,ASCII,actions
CraneSB.dylib,0x23813,12,ASCII,setActions:
CraneSB.dylib,0x2381f,27,ASCII,crane_reappearsAfterUnlock
CraneSB.dylib,0x2383a,31,ASCII,setCrane_reappearsAfterUnlock:
CraneSB.dylib,0x23859,37,ASCII,configure:requirePasscodeForActions:
CraneSB.dylib,0x2387e,21,ASCII,reappearsAfterUnlock
CraneSB.dylib,0x23893,16,ASCII,alertController
CraneSB.dylib,0x238a3,18,ASCII,stringWithFormat:
CraneSB.dylib,0x238b5,10,ASCII,setTitle:
CraneSB.dylib,0x238bf,12,ASCII,setMessage:
CraneSB.dylib,0x238cb,8,ASCII,handler
CraneSB.dylib,0x238d3,20,ASCII,deactivateForButton
CraneSB.dylib,0x238e7,12,ASCII,setHandler:
CraneSB.dylib,0x238f3,11,ASCII,addAction:
CraneSB.dylib,0x238fe,14,ASCII,applicationID
CraneSB.dylib,0x2390c,18,ASCII,setApplicationID:
CraneSB.dylib,0x2391e,16,ASCII,setPlaceholder:
CraneSB.dylib,0x2392e,38,ASCII,addTextFieldWithConfigurationHandler:
CraneSB.dylib,0x23954,11,ASCII,textFields
CraneSB.dylib,0x2395f,12,ASCII,firstObject
CraneSB.dylib,0x2396b,14,ASCII,sharedManager
CraneSB.dylib,0x23979,57,ASCII,createNewContainerWithName:forApplicationWithIdentifier:
CraneSB.dylib,0x239b2,59,ASCII,setActiveContainerIdentifier:forApplicationWithIdentifier:
CraneSB.dylib,0x239ed,40,ASCII,openApplication:withOptions:completion:
CraneSB.dylib,0x23a15,31,ASCII,actionWithTitle:style:handler:
CraneSB.dylib,0x23a34,30,ASCII,processesForBundleIdentifier:
CraneSB.dylib,0x23a52,6,ASCII,count
CraneSB.dylib,0x23a58,26,ASCII,crane_containerIdentifier
CraneSB.dylib,0x23a72,18,ASCII,processIdentifier
CraneSB.dylib,0x23a84,33,ASCII,activeContainerIdentifierForPid:
CraneSB.dylib,0x23aa5,26,ASCII,initWithBundleIdentifier:
CraneSB.dylib,0x23abf,11,ASCII,badgeValue
CraneSB.dylib,0x23aca,14,ASCII,sharedService
CraneSB.dylib,0x23ad8,23,ASCII,badgeValueForBundleID:
CraneSB.dylib,0x23aef,6,ASCII,class
CraneSB.dylib,0x23af5,15,ASCII,isKindOfClass:
CraneSB.dylib,0x23b04,9,ASCII,intValue
CraneSB.dylib,0x23b0d,15,ASCII,numberWithInt:
CraneSB.dylib,0x23b1c,15,ASCII,setBadgeValue:
CraneSB.dylib,0x23b2b,27,ASCII,setBadgeValue:forBundleID:
CraneSB.dylib,0x23b46,49,ASCII,containerIdentifiersOfApplicationWithIdentifier:
CraneSB.dylib,0x23b77,16,ASCII,containsObject:
CraneSB.dylib,0x23b87,25,ASCII,objectForKeyedSubscript:
CraneSB.dylib,0x23ba0,35,ASCII,enumerateKeysAndObjectsUsingBlock:
CraneSB.dylib,0x23bc8,29,ASCII,setObject:forKeyedSubscript:
CraneSB.dylib,0x23be5,12,ASCII,mutableCopy
CraneSB.dylib,0x23bf1,20,ASCII,removeObjectForKey:
CraneSB.dylib,0x23c05,29,ASCII,fileURLWithPath:isDirectory:
CraneSB.dylib,0x23c22,35,ASCII,dictionaryWithContentsOfURL:error:
CraneSB.dylib,0x23c49,31,ASCII,applicationProxyForIdentifier:
CraneSB.dylib,0x23c68,12,ASCII,isInstalled
CraneSB.dylib,0x23c74,87,ASCII,unregisterFromNotificationsIfNeededForContainerIdentifier:ofApplicationWithIdentifier:
CraneSB.dylib,0x23ccb,11,ASCII,addObject:
CraneSB.dylib,0x23cd6,8,ASCII,content
CraneSB.dylib,0x23cde,9,ASCII,userInfo
CraneSB.dylib,0x23ce7,31,ASCII,extensionWithIdentifier:error:
CraneSB.dylib,0x23d06,14,ASCII,currentThread
CraneSB.dylib,0x23d14,17,ASCII,threadDictionary
CraneSB.dylib,0x23d25,18,ASCII,setObject:forKey:
CraneSB.dylib,0x23d37,65,ASCII,_queue_removeNotificationRecordsPassingTest:forBundleIdentifier:
CraneSB.dylib,0x23d78,58,ASCII,removeNotificationRecordsPassingTest:forBundleIdentifier:
CraneSB.dylib,0x23db2,18,ASCII,currentConnection
CraneSB.dylib,0x23dc4,11,ASCII,identifier
CraneSB.dylib,0x23dcf,73,ASCII,getPendingNotificationRequestsForBundleIdentifier:withCompletionHandler:
CraneSB.dylib,0x23e18,70,ASCII,removePendingNotificationRequestsWithIdentifiers:forBundleIdentifier:
CraneSB.dylib,0x23e5e,88,ASCII,removePendingNotificationRequestsWithIdentifiers:forBundleIdentifier:completionHandler:
CraneSB.dylib,0x23eb6,43,ASCII,_queue_invalidateTokenForBundleIdentifier:
CraneSB.dylib,0x23ee1,46,ASCII,_queue_removeRegistrationForBundleIdentifier:
CraneSB.dylib,0x23f0f,40,ASCII,_queue_removeClientForBundleIdentifier:
CraneSB.dylib,0x23f37,23,ASCII,_queue_calculateTopics
CraneSB.dylib,0x23f4e,59,ASCII,extensionsWithMatchingAttributes:synchronously:completion:
CraneSB.dylib,0x23f89,45,ASCII,extensionsWithMatchingAttributes:completion:
CraneSB.dylib,0x23fb6,31,ASCII,un_applicationBundleIdentifier
CraneSB.dylib,0x23fd5,77,ASCII,requestTokenForRemoteNotificationsForBundleIdentifier:withCompletionHandler:
CraneSB.dylib,0x24022,58,ASCII,invalidateTokenForRemoteNotificationsForBundleIdentifier:
CraneSB.dylib,0x2405c,39,ASCII,sourceDescriptionWithBundleIdentifier:
CraneSB.dylib,0x24083,33,ASCII,_queue_didCompleteInitialization
CraneSB.dylib,0x240a4,55,ASCII,_queue_connection:didReceiveToken:forTopic:identifier:
CraneSB.dylib,0x240db,73,ASCII,_queue_isContentAvailableRemoteNotificationSupportedForBundleIdentifier:
CraneSB.dylib,0x24124,57,ASCII,_queue_isBackgroundAppRefreshAllowedForBundleIdentifier:
CraneSB.dylib,0x2415d,48,ASCII,_queue_isUserNotificationEnabledForApplication:
CraneSB.dylib,0x2418d,32,ASCII,_queue_isApplicationForeground:
CraneSB.dylib,0x241ad,42,ASCII,_queue_appDescriptionForBundleIdentifier:
CraneSB.dylib,0x241d7,11,ASCII,setHeader:
CraneSB.dylib,0x241e2,28,ASCII,instancesRespondToSelector:
CraneSB.dylib,0x241fe,6,ASCII,title
CraneSB.dylib,0x24204,60,ASCII,uns_isAllowedToRequestUserNotificationsForBundleIdentifier:
CraneSB.dylib,0x24240,32,ASCII,_queue_allTopicsForApplication:
CraneSB.dylib,0x24260,38,ASCII,connection:didReceiveIncomingMessage:
CraneSB.dylib,0x24286,80,ASCII,_queue_tryToModifyNotificationRequest:bundleIdentifier:message:enforcePushType:
CraneSB.dylib,0x242d6,64,ASCII,_queue_tryToModifyNotificationRequest:bundleIdentifier:message:
CraneSB.dylib,0x24316,33,ASCII,notificationSourcesDidUninstall:
CraneSB.dylib,0x24337,26,ASCII,applicationsDidUninstall:
CraneSB.dylib,0x24351,79,ASCII,saveNotificationRecord:shouldRepost:forBundleIdentifier:withCompletionHandler:
CraneSB.dylib,0x243a0,49,ASCII,removeAllNotificationRecordsForBundleIdentifier:
CraneSB.dylib,0x243d1,53,ASCII,notificationRecordForForIdentifier:bundleIdentifier:
CraneSB.dylib,0x24406,40,ASCII,notificationRecordsForBundleIdentifier:
CraneSB.dylib,0x2442e,62,ASCII,notificationRecordsForBundleIdentifier:withCompletionHandler:
CraneSB.dylib,0x2446c,65,ASCII,_queue_setBadgeNumber:forBundleIdentifier:withCompletionHandler:
CraneSB.dylib,0x244ad,59,ASCII,_setBadgeNumber:forBundleIdentifier:withCompletionHandler:
CraneSB.dylib,0x244e8,58,ASCII,setBadgeNumber:forBundleIdentifier:withCompletionHandler:
CraneSB.dylib,0x24522,97,ASCII,_queue_saveNotificationRecord:targetRevisionNumber:shouldRepost:withOptions:forBundleIdentifier:
CraneSB.dylib,0x24583,76,ASCII,_queue_saveNotificationRecord:shouldRepost:withOptions:forBundleIdentifier:
CraneSB.dylib,0x245cf,63,ASCII,_queue_saveNotificationRecord:withOptions:forBundleIdentifier:
CraneSB.dylib,0x2460e,25,ASCII,isApplicationForeground:
CraneSB.dylib,0x24627,17,ASCII,_deliverMessage:
CraneSB.dylib,0x24638,68,ASCII,_addNotificationRequests:forBundleIdentifier:withCompletionHandler:
CraneSB.dylib,0x2467c,81,ASCII,_saveNotificationRequest:shouldRepost:forBundleIdentifier:withCompletionHandler:
CraneSB.dylib,0x246cd,95,ASCII,_saveNotificationRequest:shouldRepost:deliveredDate:forBundleIdentifier:withCompletionHandler:
CraneSB.dylib,0x2472c,93,ASCII,crane_unregisterFromNotificationsIfNeededForContainerIdentifier:ofApplicationWithIdentifier:
CraneSB.dylib,0x24789,100,ASCII,crane_switchBadgesOfContainerWithIdentifier:andContainerWithIdentifier:ofApplicationWithIdentifier:
CraneSB.dylib,0x247ed,71,ASCII,crane_resetBadgeOfContainerWithIdentifier:ofApplicationWithIdentifier:
CraneSB.dylib,0x24834,75,ASCII,removeAllPendingNotificationRequestsForBundleIdentifier:completionHandler:
CraneSB.dylib,0x2487f,57,ASCII,removeAllPendingNotificationRequestsForBundleIdentifier:
CraneSB.dylib,0x248b8,32,ASCII,_queue_bulletinForNotification:
CraneSB.dylib,0x248d8,45,ASCII,handleBulletinActionResponse:withCompletion:
CraneSB.dylib,0x24905,43,ASCII,mutateContentForNotificationRequest:error:
CraneSB.dylib,0x24930,29,ASCII,crane_copyWithoutContainerID
CraneSB.dylib,0x2494d,11,ASCII,isSimilar:
CraneSB.dylib,0x24958,13,ASCII,setProtocol:
CraneSB.dylib,0x24965,18,ASCII,writeToURL:error:
CraneSB.dylib,0x24977,25,ASCII,fileSystemRepresentation
CraneSB.dylib,0x24990,22,ASCII,stringWithUTF8String:
CraneSB.dylib,0x249a6,40,ASCII,cranehelperdGlobalSyncRemoteObjectProxy
CraneSB.dylib,0x249ce,42,ASCII,verifyCraneSupportLoadedIntoDaemon:reply:
CraneSB.dylib,0x249f8,17,ASCII,runSafeXPCBlock:
CraneSB.dylib,0x24a09,14,ASCII,objectForKey:
CraneSB.dylib,0x24a17,19,ASCII,_currentConnection
CraneSB.dylib,0x24a2a,14,ASCII,removeObject:
CraneSB.dylib,0x24a38,20,ASCII,notificationRequest
CraneSB.dylib,0x24a4c,17,ASCII,userNotification
CraneSB.dylib,0x24a5d,18,ASCII,sectionIdentifier
CraneSB.dylib,0x24a6f,8,ASCII,request
CraneSB.dylib,0x24a77,87,ASCII,containerNameToDisplayInNotificationWithUserInfoOrContext:ofApplicationWithIdentifier:
CraneSB.dylib,0x24ace,16,ASCII,uppercaseString
CraneSB.dylib,0x24ade,6,ASCII,topic
CraneSB.dylib,0x24ae4,73,ASCII,containerSettingsForContainerWithIdentifier:ofApplicationWithIdentifier:
CraneSB.dylib,0x24b2d,10,ASCII,boolValue
CraneSB.dylib,0x24b37,10,ASCII,setTopic:
CraneSB.dylib,0x24b41,13,ASCII,setUserInfo:
CraneSB.dylib,0x24b4e,17,ASCII,setValue:forKey:
CraneSB.dylib,0x24b5f,41,ASCII,displayNameForApplicationWithIdentifier:
CraneSB.dylib,0x24b88,8,ASCII,context
CraneSB.dylib,0x24b90,12,ASCII,setContext:
CraneSB.dylib,0x24b9c,11,ASCII,actionType
CraneSB.dylib,0x24ba7,16,ASCII,bulletinContext
CraneSB.dylib,0x24bb7,119,ASCII,setActiveContainerIdentifier:forApplicationWithIdentifier:reloadApplication:usingBiometricsIfNeededWithSuccessHandler:
CraneSB.dylib,0x24c2e,25,ASCII,dictionaryRepresentation
CraneSB.dylib,0x24c47,34,ASCII,initWithDictionaryRepresentation:
CraneSB.dylib,0x24c69,15,ASCII,defaultManager
CraneSB.dylib,0x24c78,18,ASCII,fileExistsAtPath:
CraneSB.dylib,0x24c8a,19,ASCII,initWithSuiteName:
CraneSB.dylib,0x24c9d,14,ASCII,stringForKey:
CraneSB.dylib,0x24cab,43,ASCII,stringByAddingPercentEscapesUsingEncoding:
CraneSB.dylib,0x24cd6,18,ASCII,sharedApplication
CraneSB.dylib,0x24ce8,15,ASCII,URLWithString:
CraneSB.dylib,0x24cf7,9,ASCII,openURL:
CraneSB.dylib,0x24d00,26,ASCII,isKeychainVersionUpToDate
CraneSB.dylib,0x24d1a,55,ASCII,activeContainerIdentifierForApplicationWithIdentifier:
CraneSB.dylib,0x24d51,49,ASCII,alertControllerWithTitle:message:preferredStyle:
CraneSB.dylib,0x24d82,89,ASCII,displayNameForContainerWithIdentifier:ofApplicationWithIdentifier:shouldUseShortVersion:
CraneSB.dylib,0x24ddb,101,ASCII,setActiveContainerIdentifier:forApplicationWithIdentifier:usingBiometricsIfNeededWithSuccessHandler:
CraneSB.dylib,0x24e40,18,ASCII,systemImageNamed:
CraneSB.dylib,0x24e52,51,ASCII,imageNamed:inBundle:compatibleWithTraitCollection:
CraneSB.dylib,0x24e85,24,ASCII,imageWithRenderingMode:
CraneSB.dylib,0x24e9d,30,ASCII,popoverPresentationController
CraneSB.dylib,0x24ebb,15,ASCII,setSourceView:
CraneSB.dylib,0x24eca,7,ASCII,bounds
CraneSB.dylib,0x24ed1,15,ASCII,setSourceRect:
CraneSB.dylib,0x24ee0,43,ASCII,presentViewController:animated:completion:
CraneSB.dylib,0x24f0b,11,ASCII,actionView
CraneSB.dylib,0x24f16,9,ASCII,subtitle
CraneSB.dylib,0x24f1f,13,ASCII,setSubtitle:
CraneSB.dylib,0x24f2c,10,ASCII,badgeText
CraneSB.dylib,0x24f36,74,ASCII,displayNameForContainerWithName:isDefaultContainer:shouldUseShortVersion:
CraneSB.dylib,0x24f80,49,ASCII,applicationSettingsForApplicationWithIdentifier:
CraneSB.dylib,0x24fb1,84,ASCII,actionWithTitle:badgeText:image:identifier:associatedApplicationIdentifier:handler:
CraneSB.dylib,0x25005,42,ASCII,actionWithTitle:image:identifier:handler:
CraneSB.dylib,0x2502f,19,ASCII,activateAlertItem:
CraneSB.dylib,0x25042,49,ASCII,menuWithTitle:image:identifier:options:children:
CraneSB.dylib,0x25073,24,ASCII,arrayWithObjects:count:
CraneSB.dylib,0x2508b,24,ASCII,reverseObjectEnumerator
CraneSB.dylib,0x250a3,11,ASCII,allObjects
CraneSB.dylib,0x250ae,58,ASCII,menuWithTitle:subtitle:image:identifier:options:children:
CraneSB.dylib,0x250e8,15,ASCII,indexOfObject:
CraneSB.dylib,0x250f7,33,ASCII,replaceObjectAtIndex:withObject:
CraneSB.dylib,0x25118,15,ASCII,setLaunchPath:
CraneSB.dylib,0x25127,7,ASCII,launch
CraneSB.dylib,0x2512e,14,ASCII,waitUntilExit
CraneSB.dylib,0x2513c,59,ASCII,initWithTitle:image:imageName:identifier:options:children:
CraneSB.dylib,0x25177,49,ASCII,initWithTitle:image:identifier:options:children:
CraneSB.dylib,0x251a8,39,ASCII,dismissAnimated:withCompletionHandler:
CraneSB.dylib,0x251cf,30,ASCII,crane_provideContainerOptions
CraneSB.dylib,0x251ed,34,ASCII,setCrane_provideContainerOptions:
CraneSB.dylib,0x2520f,18,ASCII,crane_isSeparator
CraneSB.dylib,0x25221,22,ASCII,setCrane_isSeparator:
CraneSB.dylib,0x25237,16,ASCII,setHighlighted:
CraneSB.dylib,0x25247,15,ASCII,_setupSubviews
CraneSB.dylib,0x25256,20,ASCII,setBackgroundColor:
CraneSB.dylib,0x2526a,36,ASCII,_actionFromApplicationShortcutItem:
CraneSB.dylib,0x2528e,21,ASCII,sbh_isSystemShortcut
CraneSB.dylib,0x252a3,20,ASCII,sbh_shortcutSection
CraneSB.dylib,0x252b7,25,ASCII,applicationShortcutItems
CraneSB.dylib,0x252d0,55,ASCII,contextMenuInteraction:configurationForMenuAtLocation:
CraneSB.dylib,0x25307,69,ASCII,_configureCell:inCollectionView:atIndexPath:forElement:section:size:
CraneSB.dylib,0x2534c,40,ASCII,_configureCell:forElement:section:size:
CraneSB.dylib,0x25374,35,ASCII,_configureCell:forElement:section:
CraneSB.dylib,0x25397,33,ASCII,_interfaceActionGroupForActions:
CraneSB.dylib,0x253b8,31,ASCII,initWithMenu:overrideChildren:
CraneSB.dylib,0x253d7,16,ASCII,initWithAction:
CraneSB.dylib,0x253e7,40,ASCII,craneContainersApplicationShortcutItems
CraneSB.dylib,0x2540f,36,ASCII,listener:shouldAcceptNewConnection:
CraneSB.dylib,0x25433,37,ASCII,crane_presentLibSandyNotWorkingError
CraneSB.dylib,0x25458,65,ASCII,crane_presentDaemonErrorWithBrokenDaemons:error:connectionWorks:
CraneSB.dylib,0x25499,48,ASCII,crane_presentMainDylibNotLoadedErrorForAppName:
CraneSB.dylib,0x254c9,44,ASCII,crane_presentApsdRegistrationErrorForAppId:
CraneSB.dylib,0x254f5,43,ASCII,crane_presentPkdRegistrationErrorForAppId:
CraneSB.dylib,0x25520,28,ASCII,cranehelperdConnectionWorks
CraneSB.dylib,0x2553c,41,ASCII,cranehelperdGlobalAsyncRemoteObjectProxy
CraneSB.dylib,0x25565,35,ASCII,runInjectionFixUpIfNeededAndReply:
CraneSB.dylib,0x25588,16,ASCII,startIfPossible
CraneSB.dylib,0x25598,59,ASCII,_bootstrapProcessWithExecutionContext:synchronously:error:
CraneSB.dylib,0x255d3,36,ASCII,_createProcessWithExecutionContext:
CraneSB.dylib,0x255f7,58,ASCII,createApplicationProcessForBundleID:withExecutionContext:
CraneSB.dylib,0x25631,78,ASCII,crane_applyModificationsIfNeededToExecutionContext:withApplicationIdentifier:
CraneSB.dylib,0x2567f,66,ASCII,crane_registerInjectionCheckForProcess:toBeLaunchedIntoContainer:
CraneSB.dylib,0x256c1,21,ASCII,_launchFromIconView:
CraneSB.dylib,0x256d6,33,ASCII,_launchFromIconView:withActions:
CraneSB.dylib,0x256f7,47,ASCII,_launchFromIconView:withActions:modifierFlags:
CraneSB.dylib,0x25726,16,ASCII,bundleWithPath:
CraneSB.dylib,0x25736,7,ASCII,action
CraneSB.dylib,0x2573d,13,ASCII,heightAnchor
CraneSB.dylib,0x2574a,11,ASCII,blackColor
CraneSB.dylib,0x25755,15,ASCII,initWithFrame:
CraneSB.dylib,0x25769,9,ASCII,delegate
CraneSB.dylib,0x25772,18,ASCII,gestureRecognizer
CraneSB.dylib,0x25784,29,ASCII,_setupWithGestureRecognizer:
CraneSB.dylib,0x257a1,53,ASCII,_peekAnimated:withRelativeTouchForce:allowSmoothing:
CraneSB.dylib,0x257d6,40,ASCII,_presentAnimated:withCompletionHandler:
CraneSB.dylib,0x257fe,40,ASCII,_dismissAnimated:withCompletionHandler:
CraneSB.dylib,0x25826,11,ASCII,hasPrefix:
CraneSB.dylib,0x25831,49,ASCII,stringByReplacingOccurrencesOfString:withString:
CraneSB.dylib,0x25862,13,ASCII,dataProvider
CraneSB.dylib,0x2586f,28,ASCII,applicationBundleIdentifier
CraneSB.dylib,0x2588b,73,ASCII,appIconForceTouchShortcutViewController:activateApplicationShortcutItem:
CraneSB.dylib,0x258d4,40,ASCII,applicationBundleIdentifierForShortcuts
CraneSB.dylib,0x258fc,31,ASCII,isApplicationSupportedByCrane:
CraneSB.dylib,0x2591b,19,ASCII,setLocalizedTitle:
CraneSB.dylib,0x2592e,29,ASCII,setBundleIdentifierToLaunch:
CraneSB.dylib,0x2594b,9,ASCII,setType:
CraneSB.dylib,0x25954,21,ASCII,arrayByAddingObject:
CraneSB.dylib,0x25969,31,ASCII,arrayByAddingObjectsFromArray:
CraneSB.dylib,0x25988,20,ASCII,reversesActionOrder
CraneSB.dylib,0x2599c,15,ASCII,objectAtIndex:
CraneSB.dylib,0x259ab,18,ASCII,customContentView
CraneSB.dylib,0x259bd,11,ASCII,titleLabel
CraneSB.dylib,0x259c8,6,ASCII,image
CraneSB.dylib,0x259ce,40,ASCII,enumerateObjectsWithOptions:usingBlock:
CraneSB.dylib,0x259f6,29,ASCII,userInterfaceLayoutDirection
CraneSB.dylib,0x25a13,22,ASCII,setLocalizedSubtitle:
CraneSB.dylib,0x25a29,11,ASCII,controller
CraneSB.dylib,0x25a34,10,ASCII,isRunning
CraneSB.dylib,0x25a42,9,ASCII,identity
CraneSB.dylib,0x25a4b,30,ASCII,embeddedApplicationIdentifier
CraneSB.dylib,0x25a69,12,ASCII,environment
CraneSB.dylib,0x25a75,16,ASCII,setEnvironment:
CraneSB.dylib,0x25a85,12,ASCII,_queue_name
CraneSB.dylib,0x25a96,47,ASCII,fetchActiveContainerIDForProcessWithPid:reply:
CraneSB.dylib,0x25ac5,35,ASCII,_executeBlockAfterLaunchCompletes:
CraneSB.dylib,0x25ae8,34,ASCII,executeBlockAfterLaunchCompletes:
CraneSB.dylib,0x25b0f,27,ASCII,_viewControllerForAncestor
CraneSB.dylib,0x25b2a,26,ASCII,objectAtIndexedSubscript:
CraneSB.dylib,0x25b44,14,ASCII,appendString:
CraneSB.dylib,0x25b52,11,ASCII,lastObject
CraneSB.dylib,0x25b5d,30,ASCII,setIgnoreIfAlreadyDisplaying:
CraneSB.dylib,0x25b7b,34,ASCII,_userNotificationsSyncRemoteProxy
CraneSB.dylib,0x25b9d,15,ASCII,reloadDaemons:
CraneSB.dylib,0x25bac,17,ASCII,exitAndRelaunch:
CraneSB.dylib,0x25bbd,21,ASCII,localizedDescription
CraneSB.dylib,0x25bd2,52,ASCII,gameCenter_setActiveAccount:andDontKillApplication:
CraneSB.dylib,0x25c06,15,ASCII,resetLastError
CraneSB.dylib,0x25c15,30,ASCII,verifyCraneInsuranceAndReply:
CraneSB.dylib,0x25c33,13,ASCII,getLastError
CraneSB.dylib,0x25c40,26,ASCII,registerOverrideProvider:
CraneSB.dylib,0x25c5a,18,ASCII,lastPathComponent
CraneSB.dylib,0x25c6c,23,ASCII,_additionalEnvironment
CraneSB.dylib,0x25c83,27,ASCII,_setAdditionalEnvironment:
CraneSB.dylib,0x25c9e,32,ASCII,executeLaunchRequest:withError:
CraneSB.dylib,0x25cbe,33,ASCII,_executeLaunchRequest:withError:
CraneSB.dylib,0x25cdf,14,ASCII,copyWithZone:
CraneSB.dylib,0x25ced,27,ASCII,_copyWithOverrideChildren:
CraneSB.dylib,0x25d08,15,ASCII,_immutableCopy
CraneSB.dylib,0x25d17,13,ASCII,_mutableCopy
CraneSB.dylib,0x25d24,25,ASCII,updateAvailableListeners
CraneSB.dylib,0x25d3d,21,ASCII,updateProvidedEvents
CraneSB.dylib,0x25d52,13,ASCII,addObserver:
CraneSB.dylib,0x25d5f,17,ASCII,defaultWorkspace
CraneSB.dylib,0x25d70,23,ASCII,unregisterAllListeners
CraneSB.dylib,0x25d87,20,ASCII,unregisterAllEvents
CraneSB.dylib,0x25d9b,16,ASCII,removeObserver:
CraneSB.dylib,0x25dab,8,ASCII,dealloc
CraneSB.dylib,0x25db3,16,ASCII,containsString:
CraneSB.dylib,0x25dc3,42,ASCII,listenerNameIsSetActiveContainerListener:
CraneSB.dylib,0x25ded,29,ASCII,componentsSeparatedByString:
CraneSB.dylib,0x25e0a,38,ASCII,unregisterSetActiveContainerListeners
CraneSB.dylib,0x25e30,34,ASCII,updateSetActiveContainerListeners
CraneSB.dylib,0x25e52,56,ASCII,applicationIdentifierForSetActiveContainerListenerName:
CraneSB.dylib,0x25e8a,54,ASCII,containerIdentifierForSetActiveContainerListenerName:
CraneSB.dylib,0x25ec0,28,ASCII,unregisterListenerWithName:
CraneSB.dylib,0x25edc,53,ASCII,identfiersOfApplicationsThatHaveNonDefaultContainers
CraneSB.dylib,0x25f11,98,ASCII,listenerNameForSettingActiveContainerOfApplicationWithIdentifier:toActiveContainerWithIdentifier:
CraneSB.dylib,0x25f73,26,ASCII,registerListener:forName:
CraneSB.dylib,0x25f8d,28,ASCII,enumerateObjectsUsingBlock:
CraneSB.dylib,0x25fa9,37,ASCII,dictionaryWithObjects:forKeys:count:
CraneSB.dylib,0x25fce,16,ASCII,numberWithBool:
CraneSB.dylib,0x25fde,18,ASCII,arrayWithObjects:
CraneSB.dylib,0x25ff0,6,ASCII,array
CraneSB.dylib,0x25ff6,6,ASCII,model
CraneSB.dylib,0x25ffc,34,ASCII,expectedIconForDisplayIdentifier:
CraneSB.dylib,0x2601e,27,ASCII,generateIconImageWithInfo:
CraneSB.dylib,0x26039,41,ASCII,imageForApplicationWithIdentifier:scale:
CraneSB.dylib,0x26062,36,ASCII,eventNameIsChangedToContainerEvent:
CraneSB.dylib,0x26086,45,ASCII,applicationIDForChangedToContainerEventName:
CraneSB.dylib,0x260b3,43,ASCII,containerIDForChangedToContainerEventName:
CraneSB.dylib,0x260de,40,ASCII,unregisterEventDataSourceWithEventName:
CraneSB.dylib,0x26106,79,ASCII,changedToContainerEventNameForContainerIdentifier:ofApplicationWithIdentifier:
CraneSB.dylib,0x26155,38,ASCII,registerEventDataSource:forEventName:
CraneSB.dylib,0x26180,17,ASCII,performSelector:
CraneSB.dylib,0x26191,28,ASCII,performSelector:withObject:
CraneSB.dylib,0x261ad,39,ASCII,performSelector:withObject:withObject:
CraneSB.dylib,0x261d4,8,ASCII,isProxy
CraneSB.dylib,0x261dc,17,ASCII,isMemberOfClass:
CraneSB.dylib,0x261ed,20,ASCII,conformsToProtocol:
CraneSB.dylib,0x26201,7,ASCII,retain
CraneSB.dylib,0x26208,8,ASCII,release
CraneSB.dylib,0x26210,12,ASCII,autorelease
CraneSB.dylib,0x2621c,12,ASCII,retainCount
CraneSB.dylib,0x26232,11,ASCII,superclass
CraneSB.dylib,0x2623d,12,ASCII,description
CraneSB.dylib,0x26249,17,ASCII,debugDescription
CraneSB.dylib,0x2625a,32,ASCII,activator:didChangeToEventMode:
CraneSB.dylib,0x2627a,40,ASCII,activator:receiveEvent:forListenerName:
CraneSB.dylib,0x262a2,38,ASCII,activator:abortEvent:forListenerName:
CraneSB.dylib,0x262c8,55,ASCII,activator:receiveUnlockingDeviceEvent:forListenerName:
CraneSB.dylib,0x262ff,34,ASCII,activator:receiveDeactivateEvent:
CraneSB.dylib,0x26321,39,ASCII,activator:otherListenerDidHandleEvent:
CraneSB.dylib,0x26348,46,ASCII,activator:receivePreviewEventForListenerName:
CraneSB.dylib,0x26376,24,ASCII,activator:receiveEvent:
CraneSB.dylib,0x2638e,22,ASCII,activator:abortEvent:
CraneSB.dylib,0x263a4,49,ASCII,activator:requiresLocalizedTitleForListenerName:
CraneSB.dylib,0x263d5,55,ASCII,activator:requiresLocalizedDescriptionForListenerName:
CraneSB.dylib,0x2640c,49,ASCII,activator:requiresLocalizedGroupForListenerName:
CraneSB.dylib,0x2643d,53,ASCII,activator:requiresRequiresAssignmentForListenerName:
CraneSB.dylib,0x26472,59,ASCII,activator:requiresCompatibleEventModesForListenerWithName:
CraneSB.dylib,0x264ad,58,ASCII,activator:requiresIsCompatibleWithEventName:listenerName:
CraneSB.dylib,0x264e7,60,ASCII,activator:requiresExclusiveAssignmentGroupsForListenerName:
CraneSB.dylib,0x26523,64,ASCII,activator:requiresInfoDictionaryValueOfKey:forListenerWithName:
CraneSB.dylib,0x26563,54,ASCII,activator:requiresNeedsPoweredDisplayForListenerName:
CraneSB.dylib,0x26599,49,ASCII,activator:requiresIconDataForListenerName:scale:
CraneSB.dylib,0x265ca,54,ASCII,activator:requiresSmallIconDataForListenerName:scale:
CraneSB.dylib,0x26600,43,ASCII,activator:requiresIconDataForListenerName:
CraneSB.dylib,0x2662b,48,ASCII,activator:requiresSmallIconDataForListenerName:
CraneSB.dylib,0x2665b,45,ASCII,activator:requiresIconForListenerName:scale:
CraneSB.dylib,0x26688,50,ASCII,activator:requiresSmallIconForListenerName:scale:
CraneSB.dylib,0x266ba,55,ASCII,activator:requiresGlyphImageDescriptorForListenerName:
CraneSB.dylib,0x266f1,54,ASCII,activator:requiresSupportsRemovalForListenerWithName:
CraneSB.dylib,0x26727,46,ASCII,activator:requestsRemovalForListenerWithName:
CraneSB.dylib,0x26755,82,ASCII,activator:requiresConfigurationViewControllerClassNameForListenerWithName:bundle:
CraneSB.dylib,0x267a7,52,ASCII,activator:requestsConfigurationForListenerWithName:
CraneSB.dylib,0x267db,55,ASCII,activator:didSaveNewConfiguration:forListenerWithName:
CraneSB.dylib,0x26812,28,ASCII,localizedTitleForEventName:
CraneSB.dylib,0x2682e,28,ASCII,localizedGroupForEventName:
CraneSB.dylib,0x2684a,34,ASCII,localizedDescriptionForEventName:
CraneSB.dylib,0x2686c,23,ASCII,eventWithNameIsHidden:
CraneSB.dylib,0x26883,33,ASCII,eventWithNameRequiresAssignment:
CraneSB.dylib,0x268a4,36,ASCII,eventWithName:isCompatibleWithMode:
CraneSB.dylib,0x268c8,44,ASCII,eventWithNameSupportsUnlockingDeviceToSend:
CraneSB.dylib,0x268f4,30,ASCII,eventWithNameSupportsRemoval:
CraneSB.dylib,0x26912,21,ASCII,removeEventWithName:
CraneSB.dylib,0x26927,61,ASCII,configurationViewControllerClassNameForEventWithName:bundle:
CraneSB.dylib,0x26964,31,ASCII,configurationForEventWithName:
CraneSB.dylib,0x26983,39,ASCII,eventWithName:didSaveNewConfiguration:
CraneSB.dylib,0x269aa,22,ASCII,didChangeRootSettings
CraneSB.dylib,0x269c0,47,ASCII,didChangeSettingsForApplicationWithIdentifier:
CraneSB.dylib,0x269ef,48,ASCII,didChangeContainersOfApplicationWithIdentifier:
CraneSB.dylib,0x26a1f,82,ASCII,didChangeContainerSettingsForContainerWithIdentifier:onApplicationWithIdentifier:
CraneSB.dylib,0x26a71,24,ASCII,applicationsDidInstall:
CraneSB.dylib,0x26a89,14,ASCII,.cxx_destruct
CraneSB.dylib,0x26a97,34,ASCII,_setActiveContainerListenersCache
CraneSB.dylib,0x26ab9,30,ASCII,_changedToContainerEventCache
CraneSB.dylib,0x26ad7,13,ASCII,integerValue
CraneSB.dylib,0x26ae4,33,ASCII,providedOverridesForApplication:
CraneSB.dylib,0x26b05,45,ASCII,disableTweakInjectionOverrideForApplication:
CraneSB.dylib,0x26b32,55,ASCII,customTweakConfigurationEnabledOverrideForApplication:
CraneSB.dylib,0x26b69,61,ASCII,customTweakConfigurationAllowDenyModeOverrideForApplication:
CraneSB.dylib,0x26ba6,63,ASCII,customTweakConfigurationAllowOrDenyListOverrideForApplication:
CraneSB.dylib,0x26be5,52,ASCII,overwriteGlobalConfigurationOverrideForApplication:
CraneSB.dylib,0x26c19,23,ASCII,preferenceValueForKey:
CraneSB.dylib,0x26c30,35,ASCII,localizedStringForKey:value:table:
CraneSB.dylib,0x26c53,36,ASCII,pathForResource:ofType:inDirectory:
CraneSB.dylib,0x26c77,30,ASCII,dictionaryWithContentsOfFile:
CraneSB.dylib,0x26c95,68,ASCII,createDirectoryAtPath:withIntermediateDirectories:attributes:error:
CraneSB.dylib,0x26cd9,13,ASCII,isMainThread
CraneSB.dylib,0x26ce6,25,ASCII,canEvaluatePolicy:error:
CraneSB.dylib,0x26cff,38,ASCII,evaluatePolicy:localizedReason:reply:
CraneSB.dylib,0x26d25,16,ASCII,setWithObjects:
CraneSB.dylib,0x26d35,62,ASCII,crane_getIdentifier:ofType:forVendorName:andBundleIdentifier:
CraneSB.dylib,0x26d73,62,ASCII,crane_setIdentifier:ofType:forVendorName:andBundleIdentifier:
CraneSB.dylib,0x26db1,27,ASCII,_clearActiveContainerCache
CraneSB.dylib,0x26dcc,26,ASCII,_registerForClearMessages
CraneSB.dylib,0x26de6,36,ASCII,_getActiveContainerFromCacheForPid:
CraneSB.dylib,0x26e0f,35,ASCII,_setActiveContainer:toCacheForPid:
CraneSB.dylib,0x26e32,14,ASCII,_daemonCenter
CraneSB.dylib,0x26e40,22,ASCII,_activeContainerCache
CraneSB.dylib,0x26e56,27,ASCII,_activeContainerCacheQueue
CraneSB.dylib,0x26e7f,14,ASCII,CRBadgeAction
CraneSB.dylib,0x26e8d,15,ASCII,CRSubtitleMenu
CraneSB.dylib,0x26e9d,22,ASCII,CraneActivatorManager
CraneSB.dylib,0x26eb3,11,ASCII,LAListener
CraneSB.dylib,0x26ebe,9,ASCII,NSObject
CraneSB.dylib,0x26ec7,18,ASCII,LAEventDataSource
CraneSB.dylib,0x26ed9,21,ASCII,CraneManagerObserver
CraneSB.dylib,0x26eee,39,ASCII,LSApplicationWorkspaceObserverProtocol
CraneSB.dylib,0x26f17,29,ASCII,CraneChoicyOverwriteProvider
CraneSB.dylib,0x26f34,23,ASCII,ChoicyOverrideProvider
CraneSB.dylib,0x26f4b,41,ASCII,UNUserNotificationProtocolCraneAdditions
CraneSB.dylib,0x26f74,43,ASCII,_LSDDeviceIdentifierProtocolCraneAdditions
CraneSB.dylib,0x26f9f,21,ASCII,ClientContainerCache
CraneSB.dylib,0x27228,27,ASCII,@64@0:8@16@24@32@40@48@?56
CraneSB.dylib,0x27243,8,ASCII,@16@0:8
CraneSB.dylib,0x2724b,11,ASCII,v24@0:8@16
CraneSB.dylib,0x27256,26,ASCII,@64@0:8@16@24@32@40Q48@56
CraneSB.dylib,0x27270,21,ASCII,@24@0:8^{_NSZone=}16
CraneSB.dylib,0x27285,11,ASCII,@24@0:8@16
CraneSB.dylib,0x27290,8,ASCII,v16@0:8
CraneSB.dylib,0x27298,11,ASCII,B24@0:8@16
CraneSB.dylib,0x272a3,8,ASCII,#16@0:8
CraneSB.dylib,0x272ab,11,ASCII,@24@0:8:16
CraneSB.dylib,0x272b6,14,ASCII,@32@0:8:16@24
CraneSB.dylib,0x272c4,17,ASCII,@40@0:8:16@24@32
CraneSB.dylib,0x272d5,8,ASCII,B16@0:8
CraneSB.dylib,0x272dd,11,ASCII,B24@0:8#16
CraneSB.dylib,0x272e8,11,ASCII,B24@0:8:16
CraneSB.dylib,0x272f3,9,ASCII,Vv16@0:8
CraneSB.dylib,0x272fc,8,ASCII,Q16@0:8
CraneSB.dylib,0x27304,18,ASCII,^{_NSZone=}16@0:8
CraneSB.dylib,0x27316,21,ASCII,"B24@0:8@""Protocol""16"
CraneSB.dylib,0x2732b,18,ASCII,"@""NSString""16@0:8"
CraneSB.dylib,0x2733d,14,ASCII,v32@0:8@16@24
CraneSB.dylib,0x2734b,17,ASCII,v40@0:8@16@24@32
CraneSB.dylib,0x2735c,17,ASCII,B40@0:8@16@24@32
CraneSB.dylib,0x2736d,14,ASCII,@32@0:8@16@24
CraneSB.dylib,0x2737b,17,ASCII,@40@0:8@16@24@32
CraneSB.dylib,0x2738c,14,ASCII,B32@0:8@16@24
CraneSB.dylib,0x2739a,18,ASCII,@40@0:8@16@24^d32
CraneSB.dylib,0x273ac,17,ASCII,@40@0:8@16@24d32
CraneSB.dylib,0x273bd,18,ASCII,@40@0:8@16@24^@32
CraneSB.dylib,0x273cf,37,ASCII,"v32@0:8@""LAActivator""16@""NSString""24"
CraneSB.dylib,0x273f4,49,ASCII,"v40@0:8@""LAActivator""16@""LAEvent""24@""NSString""32"
CraneSB.dylib,0x27425,49,ASCII,"B40@0:8@""LAActivator""16@""LAEvent""24@""NSString""32"
CraneSB.dylib,0x27456,36,ASCII,"v32@0:8@""LAActivator""16@""LAEvent""24"
CraneSB.dylib,0x2747a,47,ASCII,"@""NSString""32@0:8@""LAActivator""16@""NSString""24"
CraneSB.dylib,0x274a9,47,ASCII,"@""NSNumber""32@0:8@""LAActivator""16@""NSString""24"
CraneSB.dylib,0x274d8,46,ASCII,"@""NSArray""32@0:8@""LAActivator""16@""NSString""24"
CraneSB.dylib,0x27506,60,ASCII,"@""NSNumber""40@0:8@""LAActivator""16@""NSString""24@""NSString""32"
CraneSB.dylib,0x27542,50,ASCII,"@40@0:8@""LAActivator""16@""NSString""24@""NSString""32"
CraneSB.dylib,0x27574,37,ASCII,"B32@0:8@""LAActivator""16@""NSString""24"
CraneSB.dylib,0x27599,49,ASCII,"@""NSData""40@0:8@""LAActivator""16@""NSString""24^d32"
CraneSB.dylib,0x275ca,45,ASCII,"@""NSData""32@0:8@""LAActivator""16@""NSString""24"
CraneSB.dylib,0x275f7,49,ASCII,"@""UIImage""40@0:8@""LAActivator""16@""NSString""24d32"
CraneSB.dylib,0x27628,37,ASCII,"@32@0:8@""LAActivator""16@""NSString""24"
CraneSB.dylib,0x2764d,51,ASCII,"@""NSString""40@0:8@""LAActivator""16@""NSString""24^@32"
CraneSB.dylib,0x27680,40,ASCII,"v40@0:8@""LAActivator""16@24@""NSString""32"
CraneSB.dylib,0x276a8,15,ASCII,@32@0:8@16^@24
CraneSB.dylib,0x276b7,31,ASCII,"@""NSString""24@0:8@""NSString""16"
CraneSB.dylib,0x276d6,21,ASCII,"B24@0:8@""NSString""16"
CraneSB.dylib,0x276eb,34,ASCII,"B32@0:8@""NSString""16@""NSString""24"
CraneSB.dylib,0x2770d,21,ASCII,"v24@0:8@""NSString""16"
CraneSB.dylib,0x27722,35,ASCII,"@""NSString""32@0:8@""NSString""16^@24"
CraneSB.dylib,0x27745,21,ASCII,"@24@0:8@""NSString""16"
CraneSB.dylib,0x2775a,24,ASCII,"v32@0:8@""NSString""16@24"
CraneSB.dylib,0x27772,34,ASCII,"v32@0:8@""NSString""16@""NSString""24"
CraneSB.dylib,0x27794,14,ASCII,@32@0:8@16d24
CraneSB.dylib,0x277a2,18,ASCII,"@""NSMutableArray"""
CraneSB.dylib,0x277b4,11,ASCII,I24@0:8@16
CraneSB.dylib,0x277bf,21,ASCII,"I24@0:8@""NSString""16"
CraneSB.dylib,0x277d4,30,ASCII,"@""NSArray""24@0:8@""NSString""16"
CraneSB.dylib,0x277f2,17,ASCII,v36@0:8@16@24B32
CraneSB.dylib,0x27803,47,ASCII,"v40@0:8@""NSString""16@""NSString""24@""NSString""32"
CraneSB.dylib,0x27832,35,ASCII,"v36@0:8@""NSArray""16@""NSError""24B32"
CraneSB.dylib,0x27855,21,ASCII,v48@0:8@?16q24@32@40
CraneSB.dylib,0x2786a,20,ASCII,v48@0:8@16q24@32@40
CraneSB.dylib,0x2787e,56,ASCII,"v48@0:8@?<v@?@""NSArray"">16q24@""NSString""32@""NSString""40"
CraneSB.dylib,0x278b6,50,ASCII,"v48@0:8@""NSString""16q24@""NSString""32@""NSString""40"
CraneSB.dylib,0x278e8,11,ASCII,@20@0:8i16
CraneSB.dylib,0x278f3,14,ASCII,v28@0:8@16i24
CraneSB.dylib,0x27901,32,ASCII,"@""CPDistributedMessagingCenter"""
CraneSB.dylib,0x27921,23,ASCII,"@""NSMutableDictionary"""
CraneSB.dylib,0x27938,31,ASCII,"@""NSObject<OS_dispatch_queue>"""
CraneSupport.dylib,0x28,16,ASCII,__TEXT
CraneSupport.dylib,0x68,16,ASCII,__text
CraneSupport.dylib,0x78,16,ASCII,__TEXT
CraneSupport.dylib,0xb8,16,ASCII,__stubs
CraneSupport.dylib,0xc8,16,ASCII,__TEXT
CraneSupport.dylib,0x108,16,ASCII,__stub_helper
CraneSupport.dylib,0x118,16,ASCII,__TEXT
CraneSupport.dylib,0x158,16,ASCII,__const
CraneSupport.dylib,0x168,16,ASCII,__TEXT
CraneSupport.dylib,0x1a8,16,ASCII,__cstring
CraneSupport.dylib,0x1b8,16,ASCII,__TEXT
CraneSupport.dylib,0x1f8,16,ASCII,__objc_methname
CraneSupport.dylib,0x208,16,ASCII,__TEXT
CraneSupport.dylib,0x248,16,ASCII,__objc_classname
CraneSupport.dylib,0x258,16,ASCII,__TEXT
CraneSupport.dylib,0x298,16,ASCII,__objc_methtype
CraneSupport.dylib,0x2a8,16,ASCII,__TEXT
CraneSupport.dylib,0x2e8,16,ASCII,__gcc_except_tab
CraneSupport.dylib,0x2f8,16,ASCII,__TEXT
CraneSupport.dylib,0x338,16,ASCII,__unwind_info
CraneSupport.dylib,0x348,16,ASCII,__TEXT
CraneSupport.dylib,0x390,16,ASCII,__DATA
CraneSupport.dylib,0x3d0,16,ASCII,__got
CraneSupport.dylib,0x3e0,16,ASCII,__DATA
CraneSupport.dylib,0x420,16,ASCII,__la_symbol_ptr
CraneSupport.dylib,0x430,16,ASCII,__DATA
CraneSupport.dylib,0x470,16,ASCII,__mod_init_func
CraneSupport.dylib,0x480,16,ASCII,__DATA
CraneSupport.dylib,0x4c0,16,ASCII,__const
CraneSupport.dylib,0x4d0,16,ASCII,__DATA
CraneSupport.dylib,0x510,16,ASCII,__cfstring
CraneSupport.dylib,0x520,16,ASCII,__DATA
CraneSupport.dylib,0x560,16,ASCII,__objc_classlist
CraneSupport.dylib,0x570,16,ASCII,__DATA
CraneSupport.dylib,0x5b0,16,ASCII,__objc_protolist
CraneSupport.dylib,0x5c0,16,ASCII,__DATA
CraneSupport.dylib,0x600,16,ASCII,__objc_imageinfo
CraneSupport.dylib,0x610,16,ASCII,__DATA
CraneSupport.dylib,0x650,16,ASCII,__objc_const
CraneSupport.dylib,0x660,16,ASCII,__DATA
CraneSupport.dylib,0x6a0,16,ASCII,__objc_selrefs
CraneSupport.dylib,0x6b0,16,ASCII,__DATA
CraneSupport.dylib,0x6f0,16,ASCII,__objc_protorefs
CraneSupport.dylib,0x700,16,ASCII,__DATA
CraneSupport.dylib,0x740,16,ASCII,__objc_classrefs
CraneSupport.dylib,0x750,16,ASCII,__DATA
CraneSupport.dylib,0x790,16,ASCII,__objc_superrefs
CraneSupport.dylib,0x7a0,16,ASCII,__DATA
CraneSupport.dylib,0x7e0,16,ASCII,__objc_ivar
CraneSupport.dylib,0x7f0,16,ASCII,__DATA
CraneSupport.dylib,0x830,16,ASCII,__objc_data
CraneSupport.dylib,0x840,16,ASCII,__DATA
CraneSupport.dylib,0x880,16,ASCII,__data
CraneSupport.dylib,0x890,16,ASCII,__DATA
CraneSupport.dylib,0x8d0,16,ASCII,__bss
CraneSupport.dylib,0x8e0,16,ASCII,__DATA
CraneSupport.dylib,0x920,16,ASCII,__common
CraneSupport.dylib,0x930,16,ASCII,__DATA
CraneSupport.dylib,0x978,16,ASCII,__LINKEDIT
CraneSupport.dylib,0x9d0,61,ASCII,/Library/MobileSubstrate/DynamicLibraries/CraneSupport.dylib
CraneSupport.dylib,0xb10,25,ASCII,/usr/lib/libobjc.A.dylib
CraneSupport.dylib,0xb48,59,ASCII,/System/Library/Frameworks/Foundation.framework/Foundation
CraneSupport.dylib,0xba0,67,ASCII,/System/Library/Frameworks/CoreFoundation.framework/CoreFoundation
CraneSupport.dylib,0xc00,55,ASCII,/System/Library/Frameworks/Security.framework/Security
CraneSupport.dylib,0xc50,24,ASCII,/usr/lib/libsandy.dylib
CraneSupport.dylib,0xc80,24,ASCII,/usr/lib/libbsm.0.dylib
CraneSupport.dylib,0xcb0,24,ASCII,/usr/lib/libcrane.dylib
CraneSupport.dylib,0xce0,66,ASCII,/System/Library/PrivateFrameworks/AppSupport.framework/AppSupport
CraneSupport.dylib,0xd40,24,ASCII,/usr/lib/libc++.1.dylib
CraneSupport.dylib,0xd70,27,ASCII,/usr/lib/libSystem.B.dylib
CraneSupport.dylib,0xda8,60,ASCII,/Library/Frameworks/CydiaSubstrate.framework/CydiaSubstrate
CraneSupport.dylib,0xe00,55,ASCII,/System/Library/Frameworks/CoreData.framework/CoreData
CraneSupport.dylib,0xe50,77,ASCII,/System/Library/Frameworks/LocalAuthentication.framework/LocalAuthentication
CraneSupport.dylib,0x1b690,65,ASCII,ABCDEFGHIJKLMNOPQRSTUVWXYZabcdefghijklmnopqrstuvwxyz0123456789+/
CraneSupport.dylib,0x1b7b0,21,ASCII,@rpath/libroot.dylib
CraneSupport.dylib,0x1b7c5,24,ASCII,libroot_get_root_prefix
CraneSupport.dylib,0x1b7dd,26,ASCII,libroot_get_jbroot_prefix
CraneSupport.dylib,0x1b7f7,22,ASCII,libroot_get_boot_uuid
CraneSupport.dylib,0x1b80d,19,ASCII,libroot_jbrootpath
CraneSupport.dylib,0x1b820,19,ASCII,libroot_rootfspath
CraneSupport.dylib,0x1b833,9,ASCII,/var/LIY
CraneSupport.dylib,0x1b83c,8,ASCII,/var/jb
CraneSupport.dylib,0x1b844,37,ASCII,00000000-0000-0000-0000-000000000000
CraneSupport.dylib,0x1b869,12,ASCII,/var/mobile
CraneSupport.dylib,0x1b875,42,ASCII,/Library/Application Support/Crane.bundle
CraneSupport.dylib,0x1b89f,12,ASCII,Localizable
CraneSupport.dylib,0x1b8ab,8,ASCII,strings
CraneSupport.dylib,0x1b8b3,9,ASCII,en.lproj
CraneSupport.dylib,0x1b8bc,8,ASCII,DEFAULT
CraneSupport.dylib,0x1b8c4,34,ASCII,%@/Library/___Crane_Containers/%@
CraneSupport.dylib,0x1b8e6,21,ASCII,"v20@?0B8@""NSError""12"
CraneSupport.dylib,0x1b8fb,6,ASCII,v8@?0
CraneSupport.dylib,0x1b901,51,ASCII,UNUserNotificationServerProtocolPlusCraneAdditions
CraneSupport.dylib,0x1b934,33,ASCII,UNUserNotificationServerProtocol
CraneSupport.dylib,0x1b955,35,ASCII,/usr/lib/substitute-inserter.dylib
CraneSupport.dylib,0x1b978,11,ASCII,Substitute
CraneSupport.dylib,0x1b983,27,ASCII,/usr/lib/TweakInject.dylib
CraneSupport.dylib,0x1b99e,10,ASCII,libhooker
CraneSupport.dylib,0x1b9a8,43,ASCII,/usr/lib/substrate/SubstrateInserter.dylib
CraneSupport.dylib,0x1b9d3,10,ASCII,Substrate
CraneSupport.dylib,0x1b9dd,16,ASCII,com.apple.token
CraneSupport.dylib,0x1b9ed,23,ASCII,com.apple.certificates
CraneSupport.dylib,0x1ba04,21,ASCII,com.apple.identities
CraneSupport.dylib,0x1ba19,6,ASCII,apple
CraneSupport.dylib,0x1ba1f,20,ASCII,com.apple.cfnetwork
CraneSupport.dylib,0x1ba33,32,ASCII,com.apple.ProtectedCloudStorage
CraneSupport.dylib,0x1ba53,16,ASCII,com.apple.passd
CraneSupport.dylib,0x1ba63,29,ASCII,com.apple.managed.vpn.shared
CraneSupport.dylib,0x1ba80,47,ASCII,_LSDDeviceIdentifierProtocolPlusCraneAdditions
CraneSupport.dylib,0x1baaf,29,ASCII,_LSDDeviceIdentifierProtocol
CraneSupport.dylib,0x1bacc,55,ASCII,/Library/MobileSubstrate/DynamicLibraries/ Crane.plist
CraneSupport.dylib,0x1bb03,7,ASCII,Filter
CraneSupport.dylib,0x1bb0a,6,ASCII,Flags
CraneSupport.dylib,0x1bb10,16,ASCII,%@.c_r_a_n_e.%@
CraneSupport.dylib,0x1bb20,12,ASCII,.c_r_a_n_e.
CraneSupport.dylib,0x1bb2c,19,ASCII,com.apple.cfprefsd
CraneSupport.dylib,0x1bb3f,20,ASCII,com.apple.securityd
CraneSupport.dylib,0x1bb53,24,ASCII,com.apple.pluginkit.pkd
CraneSupport.dylib,0x1bb6b,14,ASCII,com.apple.lsd
CraneSupport.dylib,0x1bb79,20,ASCII,com.apple.accountsd
CraneSupport.dylib,0x1bb8d,15,ASCII,com.apple.apsd
CraneSupport.dylib,0x1bb9c,36,ASCII, name = com.apple.containermanagerd
CraneSupport.dylib,0x1bbc0,21,ASCII,crane_isProxyMessage
CraneSupport.dylib,0x1bbd5,15,ASCII,crane_checkPid
CraneSupport.dylib,0x1bbe4,18,ASCII,crane_containerID
CraneSupport.dylib,0x1bbf6,34,ASCII,"v16@?0@""NSObject<OS_xpc_object>""8"
CraneSupport.dylib,0x1bc18,10,ASCII,watchdogd
CraneSupport.dylib,0x1bc22,22,ASCII,com.apple.springboard
CraneSupport.dylib,0x1bc38,6,ASCII,B8@?0
CraneSupport.dylib,0x1bc3e,13,ASCII,CraneSupport
CraneSupport.dylib,0x1bc4b,9,ASCII,cfprefsd
CraneSupport.dylib,0x1bc54,18,ASCII,containermanagerd
CraneSupport.dylib,0x1bc66,10,ASCII,securityd
CraneSupport.dylib,0x1bc70,10,ASCII,accountsd
CraneSupport.dylib,0x1bc87,30,ASCII,separateSystemAccountsEnabled
CraneSupport.dylib,0x1bca5,40,ASCII,AAAccountNotificationFollowUpController
CraneSupport.dylib,0x1bccd,21,ASCII,AAFollowUpController
CraneSupport.dylib,0x1bce2,74,ASCII,/System/Library/PrivateFrameworks/AccountsDaemon.framework/AccountsDaemon
CraneSupport.dylib,0x1bd2c,16,ASCII,ACDAccountStore
CraneSupport.dylib,0x1bd3e,12,ASCII,"@""NSString"""
CraneSupport.dylib,0x1bd4f,22,ASCII,crane_activeContainer
CraneSupport.dylib,0x1bd6c,6,ASCII,v@:%s
CraneSupport.dylib,0x1bd72,24,ASCII,__ACDManagedObjectModel
CraneSupport.dylib,0x1bd8a,23,ASCII,"@""NSMutableDictionary"""
CraneSupport.dylib,0x1bda1,46,ASCII,crane_storeCoordinatorsByContainerIdentifiers
CraneSupport.dylib,0x1bdcf,39,ASCII,___persistentStoreCoordinatorOnceToken
CraneSupport.dylib,0x1bdf6,30,ASCII,___persistentStoreCoordinator
CraneSupport.dylib,0x1be14,12,ASCII,ACDDatabase
CraneSupport.dylib,0x1be20,38,ASCII,crane_databasesByContainerIdentifiers
CraneSupport.dylib,0x1be46,42,ASCII,com.apple.AAFollowUpIdentifier.StartUsing
CraneSupport.dylib,0x1be70,38,ASCII,com.apple.AAAccountNotificationPlugin
CraneSupport.dylib,0x1be96,10,ASCII,appstored
CraneSupport.dylib,0x1bea0,13,ASCII,itunesstored
CraneSupport.dylib,0x1bead,17,ASCII,StoreKitUIServic
CraneSupport.dylib,0x1bebe,13,ASCII,itunescloudd
CraneSupport.dylib,0x1becb,6,ASCII,gamed
CraneSupport.dylib,0x1bed1,19,ASCII,com.apple.AppStore
CraneSupport.dylib,0x1bee4,16,ASCII,com.apple.Music
CraneSupport.dylib,0x1bef4,28,ASCII,_persistentStoreCoordinator
CraneSupport.dylib,0x1bf10,14,ASCII,_storeOptions
CraneSupport.dylib,0x1bf1e,6,ASCII,Crane
CraneSupport.dylib,0x1bf24,10,ASCII,%@.sqlite
CraneSupport.dylib,0x1bf2e,23,ASCII,ACDDatabaseInitializer
CraneSupport.dylib,0x1bf45,10,ASCII,_database
CraneSupport.dylib,0x1bf54,7,ASCII,ffffff
CraneSupport.dylib,0x1bf5b,6,ASCII,%02lx
CraneSupport.dylib,0x1bf61,28,ASCII,notificationsSupportEnabled
CraneSupport.dylib,0x1bf82,16,ASCII,",PerAppToken.v0"
CraneSupport.dylib,0x1bf92,7,ASCII,v_Data
CraneSupport.dylib,0x1bf99,12,ASCII,_tokenStore
CraneSupport.dylib,0x1bfa7,7,ASCII,%@/%hu
CraneSupport.dylib,0x1bfb0,45,ASCII,APSProtocolAppTokenGenerateResponseTopicHash
CraneSupport.dylib,0x1bfdd,41,ASCII,APSProtocolAppTokenGenerateResponseAppId
CraneSupport.dylib,0x1c006,9,ASCII,v12@?0B8
CraneSupport.dylib,0x1c00f,17,ASCII,APSProtocolToken
CraneSupport.dylib,0x1c020,21,ASCII,APSProtocolTopicHash
CraneSupport.dylib,0x1c035,66,ASCII,/System/Library/PrivateFrameworks/ApplePushService.framework/apsd
CraneSupport.dylib,0x1c077,21,ASCII,APSCopyHashForString
CraneSupport.dylib,0x1c08c,34,ASCII,APSCopyStringRepresentationOfData
CraneSupport.dylib,0x1c0ae,78,ASCII,/System/Library/PrivateFrameworks/ApplePushService.framework/ApplePushService
CraneSupport.dylib,0x1c0fc,20,ASCII,APSBundleIdentifier
CraneSupport.dylib,0x1c110,11,ASCII,APSCourier
CraneSupport.dylib,0x1c11b,15,ASCII,APSUserCourier
CraneSupport.dylib,0x1c12a,21,ASCII,APSCourierConnection
CraneSupport.dylib,0x1c13f,19,ASCII,crane_topicStorage
CraneSupport.dylib,0x1c152,23,ASCII,"v16@?0@""NSDictionary""8"
CraneSupport.dylib,0x1c169,11,ASCII,connection
CraneSupport.dylib,0x1c174,34,ASCII,CFPreferencesHostBundleIdentifier
CraneSupport.dylib,0x1c196,15,ASCII,hostIdentifier
CraneSupport.dylib,0x1c1a5,8,ASCII,hostPid
CraneSupport.dylib,0x1c1ad,38,ASCII,"v24@?0@""NSObject<OS_xpc_object>""8^v16"
CraneSupport.dylib,0x1c1d3,22,ASCII,com.apple.Preferences
CraneSupport.dylib,0x1c1e9,47,ASCII,CFPrefsGetPathForTripletHook_activeContainerID
CraneSupport.dylib,0x1c218,22,ASCII,v16@?0^{__CFString=}8
CraneSupport.dylib,0x1c22e,22,ASCII,%@.c_r_a_n_e.%@.plist
CraneSupport.dylib,0x1c244,14,ASCII,CFPrefsDaemon
CraneSupport.dylib,0x1c252,67,ASCII,/System/Library/Frameworks/CoreFoundation.framework/CoreFoundation
CraneSupport.dylib,0x1c295,51,ASCII,-[CFPrefsDaemon handleSourceMessage:replyHandler:]
CraneSupport.dylib,0x1c2c8,183,ASCII,-[CFPrefsDaemon withSourceForDomain:inContainer:user:byHost:managed:managedUsesContainer:cloudStoreEntitlement:cloudConfigurationPath:performWithSourceLock:afterReleasingSourceLock:]
CraneSupport.dylib,0x1c37f,15,ASCII,CoreFoundation
CraneSupport.dylib,0x1c38e,14,ASCII,v@:@@@BBB@@@@
CraneSupport.dylib,0x1c39c,6,ASCII,v@:@@
CraneSupport.dylib,0x1c3a2,27,ASCII,__CFPrefsGetPathForTriplet
CraneSupport.dylib,0x1c3bd,27,ASCII,/usr/lib/libundirect.dylib
CraneSupport.dylib,0x1c3d8,34,ASCII,/var/jb/usr/lib/libundirect.dylib
CraneSupport.dylib,0x1c3fa,28,ASCII,libundirect_MSHookMessageEx
CraneSupport.dylib,0x1c416,23,ASCII,libundirect_dsc_rebind
CraneSupport.dylib,0x1c42d,16,ASCII,_containerClass
CraneSupport.dylib,0x1c43d,10,ASCII,_platform
CraneSupport.dylib,0x1c447,14,ASCII,_userIdentity
CraneSupport.dylib,0x1c455,12,ASCII,_identifier
CraneSupport.dylib,0x1c461,29,ASCII,/Library/___Crane_Containers
CraneSupport.dylib,0x1c47e,25,ASCII,_containerPathIdentifier
CraneSupport.dylib,0x1c497,18,ASCII,_containerRootURL
CraneSupport.dylib,0x1c4a9,18,ASCII,_containerDataURL
CraneSupport.dylib,0x1c4bb,17,ASCII,MCMContainerPath
CraneSupport.dylib,0x1c4cc,24,ASCII,_containerRootComponent
CraneSupport.dylib,0x1c4e4,24,ASCII,_containerDataComponent
CraneSupport.dylib,0x1c4fc,20,ASCII,MCMContainerFactory
CraneSupport.dylib,0x1c510,23,ASCII,MCMContainerCacheEntry
CraneSupport.dylib,0x1c527,20,ASCII,MCMClientConnection
CraneSupport.dylib,0x1c53b,16,ASCII,MCMGroupManager
CraneSupport.dylib,0x1c54b,12,ASCII,MCMMetadata
CraneSupport.dylib,0x1c557,30,ASCII,"@""MCMContainerCacheEntry""8@?0"
CraneSupport.dylib,0x1c575,22,ASCII,/___Crane_Containers/
CraneSupport.dylib,0x1c58b,19,ASCII,"@""MCMMetadata""8@?0"
CraneSupport.dylib,0x1c5a0,10,ASCII,BundleID:
CraneSupport.dylib,0x1c5aa,15,ASCII,NSXPCInterface
CraneSupport.dylib,0x1c5b9,27,ASCII,_LSDDeviceIdentifierClient
CraneSupport.dylib,0x1c5d4,23,ASCII,customDeviceIdentifier
CraneSupport.dylib,0x1c5eb,41,ASCII,useContainerIdentifierAsDeviceIdentifier
CraneSupport.dylib,0x1c614,32,ASCII,/usr/local/libexec/cranehelperd
CraneSupport.dylib,0x1c634,7,ASCII,_queue
CraneSupport.dylib,0x1c63b,15,ASCII,LSApplications
CraneSupport.dylib,0x1c64a,19,ASCII,LSVendorIdentifier
CraneSupport.dylib,0x1c65d,25,ASCII,_LSDeviceIdentifierCache
CraneSupport.dylib,0x1c676,27,ASCII,_LSDeviceIdentifierManager
CraneSupport.dylib,0x1c691,14,ASCII,UMUserPersona
CraneSupport.dylib,0x1c69f,22,ASCII,applicationIdentifier
CraneSupport.dylib,0x1c6b5,27,ASCII,NSExtensionPointIdentifier
CraneSupport.dylib,0x1c6d0,36,ASCII,com.apple.usernotifications.service
CraneSupport.dylib,0x1c6f4,27,ASCII,CRANE_CONTAINER_IDENTIFIER
CraneSupport.dylib,0x1c70f,12,ASCII,Transaction
CraneSupport.dylib,0x1c71b,15,ASCII,PKDTransaction
CraneSupport.dylib,0x1c72a,10,ASCII,PKDPlugIn
CraneSupport.dylib,0x1c734,24,ASCII,crane_activeContainerID
CraneSupport.dylib,0x1c74c,11,ASCII,PKDatabase
CraneSupport.dylib,0x1c757,23,ASCII,LSApplicationWorkspace
CraneSupport.dylib,0x1c76e,35,ASCII,com.opa334.crane/ReloadApplication
CraneSupport.dylib,0x1c791,18,ASCII,ReloadApplication
CraneSupport.dylib,0x1c7a3,10,ASCII,PKDServer
CraneSupport.dylib,0x1c7ad,19,ASCII,LSApplicationProxy
CraneSupport.dylib,0x1c7c0,6,ASCII,rules
CraneSupport.dylib,0x1c7c6,15,ASCII,"@""NSArray""8@?0"
CraneSupport.dylib,0x1c7d5,17,ASCII,IntentsSupported
CraneSupport.dylib,0x1c7e6,25,ASCII,NSExtensionContainingApp
CraneSupport.dylib,0x1c7ff,21,ASCII,NSExtensionPointName
CraneSupport.dylib,0x1c814,35,ASCII,/Applications/CraneApplication.app
CraneSupport.dylib,0x1c837,26,ASCII,com.apple.intents-service
CraneSupport.dylib,0x1c851,43,ASCII,com.opa334.CraneApplication.CraneShortcuts
CraneSupport.dylib,0x1c87c,17,ASCII,LSPlugInKitProxy
CraneSupport.dylib,0x1c88d,11,ASCII,.c_r_a_n_e
CraneSupport.dylib,0x1c898,22,ASCII,craneprefs_unrestrict
CraneSupport.dylib,0x1c8ae,13,ASCII,cranehelperd
CraneSupport.dylib,0x1c8bb,24,ASCII,%@: returning error: %@
CraneSupport.dylib,0x1c8d3,28,ASCII,unsupported match attribute
CraneSupport.dylib,0x1c8ef,9,ASCII,q_row_id
CraneSupport.dylib,0x1c8f8,34,ASCII,value ref not supported by delete
CraneSupport.dylib,0x1c91a,36,ASCII,return data not supported by update
CraneSupport.dylib,0x1c93e,23,ASCII,/usr/libexec/securityd
CraneSupport.dylib,0x1c955,34,ASCII,_securityd_xpc_dictionary_handler
CraneSupport.dylib,0x1c977,22,ASCII,__SecItemCopyMatching
CraneSupport.dylib,0x1c98d,13,ASCII,__SecItemAdd
CraneSupport.dylib,0x1c99a,16,ASCII,__SecItemDelete
CraneSupport.dylib,0x1c9aa,16,ASCII,__SecItemUpdate
CraneSupport.dylib,0x1c9ba,7,ASCII,__TEXT
CraneSupport.dylib,0x1c9c1,7,ASCII,__text
CraneSupport.dylib,0x1c9c8,10,ASCII,__cstring
CraneSupport.dylib,0x1c9d2,13,ASCII,__DATA_CONST
CraneSupport.dylib,0x1c9df,11,ASCII,__cfstring
CraneSupport.dylib,0x1c9ea,13,ASCII,v24@?0Q8^B16
CraneSupport.dylib,0x1c9f7,14,ASCII,__oslogstring
CraneSupport.dylib,0x1ca05,26,ASCII,activeContainerCacheQueue
CraneSupport.dylib,0x1ca1f,26,ASCII,com.opa334.cranesb/Loaded
CraneSupport.dylib,0x1ca39,22,ASCII,"v20@?0@""NSString""8i16"
CraneSupport.dylib,0x1ca4f,28,ASCII,com.apple.containermanagerd
CraneSupport.dylib,0x1ca6b,55,ASCII,"Error: cannot read %zx bytes at %llx, maximum is %zx.\n"
CraneSupport.dylib,0x1caa2,56,ASCII,"Error: cannot write %zx bytes at %llx, maximum is %zx.\n"
CraneSupport.dylib,0x1cada,17,ASCII,Requirement blob
CraneSupport.dylib,0x1caeb,18,ASCII,Requirements blob
CraneSupport.dylib,0x1cafd,20,ASCII,Code directory blob
CraneSupport.dylib,0x1cb11,24,ASCII,Embedded signature blob
CraneSupport.dylib,0x1cb29,30,ASCII,Embedded signature blob (old)
CraneSupport.dylib,0x1cb47,18,ASCII,Entitlements blob
CraneSupport.dylib,0x1cb59,22,ASCII,DER entitlements blob
CraneSupport.dylib,0x1cb6f,24,ASCII,Detached signature blob
CraneSupport.dylib,0x1cb87,15,ASCII,Signature blob
CraneSupport.dylib,0x1cb96,23,ASCII,Launchd contraint blob
CraneSupport.dylib,0x1cbad,18,ASCII,Unknown blob type
CraneSupport.dylib,0x1cbbf,34,ASCII,Alternate code directory slot (1)
CraneSupport.dylib,0x1cbe1,34,ASCII,Alternate code directory slot (2)
CraneSupport.dylib,0x1cc03,34,ASCII,Alternate code directory slot (3)
CraneSupport.dylib,0x1cc25,34,ASCII,Alternate code directory slot (4)
CraneSupport.dylib,0x1cc47,34,ASCII,Alternate code directory slot (5)
CraneSupport.dylib,0x1cc69,40,ASCII,Alternate code directory slot (invalid)
CraneSupport.dylib,0x1cc91,20,ASCII,Code directory slot
CraneSupport.dylib,0x1cca5,10,ASCII,Info slot
CraneSupport.dylib,0x1ccaf,18,ASCII,Requirements slot
CraneSupport.dylib,0x1ccc1,18,ASCII,Resource Dir slot
CraneSupport.dylib,0x1ccd3,17,ASCII,Application slot
CraneSupport.dylib,0x1cce4,18,ASCII,Entitlements slot
CraneSupport.dylib,0x1ccf6,22,ASCII,DER entitlements slot
CraneSupport.dylib,0x1cd0c,30,ASCII,Launch constraint slot (self)
CraneSupport.dylib,0x1cd2a,32,ASCII,Launch constraint slot (parent)
CraneSupport.dylib,0x1cd4a,37,ASCII,Launch constraint slot (responsible)
CraneSupport.dylib,0x1cd6f,24,ASCII,Library constraint slot
CraneSupport.dylib,0x1cd87,15,ASCII,Signature slot
CraneSupport.dylib,0x1cd96,20,ASCII,Identification slot
CraneSupport.dylib,0x1cdaa,12,ASCII,Ticket slot
CraneSupport.dylib,0x1cdb6,36,ASCII,v40@?0{load_command=II}8Q16^v24^B32
CraneSupport.dylib,0x1cdda,20,ASCII,Code_Signature-Data
CraneSupport.dylib,0x1cdf2,40,ASCII,"Slot %d: %s (offset 0x%x, type: 0x%x).\n"
CraneSupport.dylib,0x1ce1a,28,ASCII,"This is the %s, magic %#x.\n"
CraneSupport.dylib,0x1ce36,10,ASCII,SHA-1 160
CraneSupport.dylib,0x1ce40,10,ASCII,SHA-2 256
CraneSupport.dylib,0x1ce4a,10,ASCII,SHA-2 160
CraneSupport.dylib,0x1ce54,10,ASCII,SHA-3 384
CraneSupport.dylib,0x1ce5e,39,ASCII,Loaded library launch constraints hash
CraneSupport.dylib,0x1ce85,44,ASCII,Responsible process launch constraints hash
CraneSupport.dylib,0x1ceb1,39,ASCII,Parent process launch constraints hash
CraneSupport.dylib,0x1ced8,32,ASCII,Process launch constraints hash
CraneSupport.dylib,0x1cef8,22,ASCII,DER entitlements hash
CraneSupport.dylib,0x1cf0e,19,ASCII,DMG signature hash
CraneSupport.dylib,0x1cf21,18,ASCII,Entitlements hash
CraneSupport.dylib,0x1cf33,18,ASCII,App-specific hash
CraneSupport.dylib,0x1cf45,19,ASCII,CodeResources hash
CraneSupport.dylib,0x1cf58,23,ASCII,Requirements blob hash
CraneSupport.dylib,0x1cf6f,16,ASCII,Info.plist hash
CraneSupport.dylib,0x1cf7f,10,ASCII,Page hash
CraneSupport.dylib,0x1cf89,14,ASCII,	Magic: 0x%X\n
CraneSupport.dylib,0x1cf97,15,ASCII,	Length: 0x%x\n
CraneSupport.dylib,0x1cfa6,16,ASCII,	Version: 0x%x\n
CraneSupport.dylib,0x1cfb6,14,ASCII,	Flags: 0x%x\n
CraneSupport.dylib,0x1cfc4,20,ASCII,	Hash offset: 0x%x\n
CraneSupport.dylib,0x1cfd8,28,ASCII,"	Identifier: ""%s"" (@ 0x%x)\n"
CraneSupport.dylib,0x1cff4,30,ASCII,	Number of special slots: %u\n
CraneSupport.dylib,0x1d012,27,ASCII,	Number of code slots: %u\n
CraneSupport.dylib,0x1d02d,19,ASCII,	Code limit: 0x%x\n
CraneSupport.dylib,0x1d040,18,ASCII,	Hash size: 0x%x\n
CraneSupport.dylib,0x1d052,16,ASCII,	Hash type: %s\n
CraneSupport.dylib,0x1d062,15,ASCII,	Platform: %d\n
CraneSupport.dylib,0x1d071,18,ASCII,	Page size: 0x%x\n
CraneSupport.dylib,0x1d083,23,ASCII,	Scatter offset: 0x%x\n
CraneSupport.dylib,0x1d09a,25,ASCII,"	Team ID: ""%s"" (@ 0x%x)\n"
CraneSupport.dylib,0x1d0b3,10,ASCII,%*s%lld: 
CraneSupport.dylib,0x1d0bd,6,ASCII, (%s)
CraneSupport.dylib,0x1d0c8,43,ASCII," â�Œ  (unable to calculate, probably EOF?)"
CraneSupport.dylib,0x1d0f3,19,ASCII, â�Œ  (should be: 
CraneSupport.dylib,0x1d106,16,ASCII,Code directory:
CraneSupport.dylib,0x1d116,30,ASCII,Some page hashes are invalid!
CraneSupport.dylib,0x1d134,27,ASCII,All page hashes are valid!
CraneSupport.dylib,0x1d151,95,ASCII,"Error: invalid number of MachO slices (%d), this likely means you are not using an iOS MachO.\n"
CraneSupport.dylib,0x1d1b0,94,ASCII,"Error: Failed to parse fat slices, memory_stream_get_size returned MEMORY_STREAM_SIZE_INVALID"
CraneSupport.dylib,0x1d20e,35,ASCII,Error: failed to add MachO to FAT.
CraneSupport.dylib,0x1d231,33,ASCII,Error: stat returned %d for %d.\n
CraneSupport.dylib,0x1d252,23,ASCII,Failed to open %s: %s\n
CraneSupport.dylib,0x1d269,6,ASCII,close
CraneSupport.dylib,0x1d26f,62,ASCII,"Error: file_stream_write failed, file is not auto expandable."
CraneSupport.dylib,0x1d2ad,11,ASCII,hw.cputype
CraneSupport.dylib,0x1d2b8,14,ASCII,hw.cpusubtype
CraneSupport.dylib,0x1d2c6,7,ASCII,20.0.0
CraneSupport.dylib,0x1d2cd,22,ASCII,ERROR: no cpusubtype.
CraneSupport.dylib,0x1d2e3,19,ASCII,ERROR: no cputype.
CraneSupport.dylib,0x1d2f6,82,ASCII,Error: failed to find a preferred MachO slice that matches the host architecture.
CraneSupport.dylib,0x1d348,46,ASCII,Error: invalid number of load commands (%d).\n
CraneSupport.dylib,0x1d376,11,ASCII,LC_UNKNOWN
CraneSupport.dylib,0x1d381,33,ASCII,Ignoring unknown command: 0x%x.\n
CraneSupport.dylib,0x1d3a2,69,ASCII,WARNING: Malformed dependency at 0x%llx (Name offset out of bounds)\n
CraneSupport.dylib,0x1d3e7,64,ASCII,WARNING: Malformed dependency at 0x%llx (Name has zero length)\n
CraneSupport.dylib,0x1d427,70,ASCII,WARNING: Malformed dependency at 0x%llx (Name has non NULL end byte)\n
CraneSupport.dylib,0x1d46d,64,ASCII,WARNING: Malformed rpath at 0x%llx (Path offset out of bounds)\n
CraneSupport.dylib,0x1d4ad,59,ASCII,WARNING: Malformed rpath at 0x%llx (Path has zero length)\n
CraneSupport.dylib,0x1d4e8,65,ASCII,WARNING: Malformed rpath at 0x%llx (Name has non NULL end byte)\n
CraneSupport.dylib,0x1d529,50,ASCII,Error: sizeofcmds is not a multiple of %lu (%d).\n
CraneSupport.dylib,0x1d55b,43,ASCII,Error: failed to create FAT from file: %s\n
CraneSupport.dylib,0x1d586,11,ASCII,LC_SEGMENT
CraneSupport.dylib,0x1d591,10,ASCII,LC_SYMTAB
CraneSupport.dylib,0x1d59b,10,ASCII,LC_SYMSEG
CraneSupport.dylib,0x1d5a5,10,ASCII,LC_THREAD
CraneSupport.dylib,0x1d5af,14,ASCII,LC_UNIXTHREAD
CraneSupport.dylib,0x1d5bd,14,ASCII,LC_LOADFVMLIB
CraneSupport.dylib,0x1d5cb,12,ASCII,LC_IDFVMLIB
CraneSupport.dylib,0x1d5d7,9,ASCII,LC_IDENT
CraneSupport.dylib,0x1d5e0,11,ASCII,LC_FVMFILE
CraneSupport.dylib,0x1d5eb,11,ASCII,LC_PREPAGE
CraneSupport.dylib,0x1d5f6,12,ASCII,LC_DYSYMTAB
CraneSupport.dylib,0x1d602,14,ASCII,LC_LOAD_DYLIB
CraneSupport.dylib,0x1d610,12,ASCII,LC_ID_DYLIB
CraneSupport.dylib,0x1d61c,17,ASCII,LC_LOAD_DYLINKER
CraneSupport.dylib,0x1d62d,15,ASCII,LC_ID_DYLINKER
CraneSupport.dylib,0x1d63c,18,ASCII,LC_PREBOUND_DYLIB
CraneSupport.dylib,0x1d64e,12,ASCII,LC_ROUTINES
CraneSupport.dylib,0x1d65a,17,ASCII,LC_SUB_FRAMEWORK
CraneSupport.dylib,0x1d66b,16,ASCII,LC_SUB_UMBRELLA
CraneSupport.dylib,0x1d67b,14,ASCII,LC_SUB_CLIENT
CraneSupport.dylib,0x1d689,15,ASCII,LC_SUB_LIBRARY
CraneSupport.dylib,0x1d698,18,ASCII,LC_TWOLEVEL_HINTS
CraneSupport.dylib,0x1d6aa,17,ASCII,LC_PREBIND_CKSUM
CraneSupport.dylib,0x1d6bb,19,ASCII,LC_LOAD_WEAK_DYLIB
CraneSupport.dylib,0x1d6ce,14,ASCII,LC_SEGMENT_64
CraneSupport.dylib,0x1d6dc,15,ASCII,LC_ROUTINES_64
CraneSupport.dylib,0x1d6eb,8,ASCII,LC_UUID
CraneSupport.dylib,0x1d6f3,9,ASCII,LC_RPATH
CraneSupport.dylib,0x1d6fc,18,ASCII,LC_CODE_SIGNATURE
CraneSupport.dylib,0x1d70e,22,ASCII,LC_SEGMENT_SPLIT_INFO
CraneSupport.dylib,0x1d724,18,ASCII,LC_REEXPORT_DYLIB
CraneSupport.dylib,0x1d736,19,ASCII,LC_LAZY_LOAD_DYLIB
CraneSupport.dylib,0x1d749,19,ASCII,LC_ENCRYPTION_INFO
CraneSupport.dylib,0x1d75c,13,ASCII,LC_DYLD_INFO
CraneSupport.dylib,0x1d769,18,ASCII,LC_DYLD_INFO_ONLY
CraneSupport.dylib,0x1d77b,21,ASCII,LC_LOAD_UPWARD_DYLIB
CraneSupport.dylib,0x1d790,22,ASCII,LC_VERSION_MIN_MACOSX
CraneSupport.dylib,0x1d7a6,24,ASCII,LC_VERSION_MIN_IPHONEOS
CraneSupport.dylib,0x1d7be,19,ASCII,LC_FUNCTION_STARTS
CraneSupport.dylib,0x1d7d1,20,ASCII,LC_DYLD_ENVIRONMENT
CraneSupport.dylib,0x1d7e5,8,ASCII,LC_MAIN
CraneSupport.dylib,0x1d7ed,16,ASCII,LC_DATA_IN_CODE
CraneSupport.dylib,0x1d7fd,18,ASCII,LC_SOURCE_VERSION
CraneSupport.dylib,0x1d80f,23,ASCII,LC_DYLIB_CODE_SIGN_DRS
CraneSupport.dylib,0x1d826,22,ASCII,LC_ENCRYPTION_INFO_64
CraneSupport.dylib,0x1d83c,17,ASCII,LC_LINKER_OPTION
CraneSupport.dylib,0x1d84d,28,ASCII,LC_LINKER_OPTIMIZATION_HINT
CraneSupport.dylib,0x1d869,20,ASCII,LC_VERSION_MIN_TVOS
CraneSupport.dylib,0x1d87d,23,ASCII,LC_VERSION_MIN_WATCHOS
CraneSupport.dylib,0x1d894,8,ASCII,LC_NOTE
CraneSupport.dylib,0x1d89c,17,ASCII,LC_BUILD_VERSION
CraneSupport.dylib,0x1d8ad,21,ASCII,LC_DYLD_EXPORTS_TRIE
CraneSupport.dylib,0x1d8c2,23,ASCII,LC_DYLD_CHAINED_FIXUPS
CraneSupport.dylib,0x1d8d9,17,ASCII,LC_FILESET_ENTRY
CraneSupport.dylib,0x1d8ea,11,ASCII,__LINKEDIT
CraneSupport.dylib,0x1d8f5,31,ASCII,Updating __LINKEDIT segment...
CraneSupport.dylib,0x1d914,43,ASCII,Updating LC_CODE_SIGNATURE load command...
CraneSupport.dylib,0x1d93f,61,ASCII,Error: failed to get existing values for __LINKEDIT segment.
CraneSupport.dylib,0x1d97c,66,ASCII,Error: memory_stream_copy_data failed on memory_stream_read (%d)\n
CraneSupport.dylib,0x1d9be,67,ASCII,Error: memory_stream_copy_data failed on memory_stream_write (%d)\n
CraneSupport.dylib,0x1da01,9,ASCII,B16@?0Q8
CraneSupport.dylib,0x1da0a,35,ASCII,Error: memory_stream_insert failed
CraneSupport.dylib,0x1da2d,56,ASCII,"Error: memory_stream_copy_data failed, originOffset OOB"
CraneSupport.dylib,0x1da65,61,ASCII,"Error: memory_stream_copy_data failed, invalid size detected"
CraneSupport.dylib,0x1daa2,35,ASCII,Error: memory_stream_delete failed
CraneSupport.dylib,0x1dac5,19,ASCII,v36@?0i8Q12Q20^B28
CraneSupport.dylib,0x1dae6,16,ASCII,bundleWithPath:
CraneSupport.dylib,0x1daf6,35,ASCII,localizedStringForKey:value:table:
CraneSupport.dylib,0x1db19,17,ASCII,isEqualToString:
CraneSupport.dylib,0x1db2a,36,ASCII,pathForResource:ofType:inDirectory:
CraneSupport.dylib,0x1db4e,30,ASCII,dictionaryWithContentsOfFile:
CraneSupport.dylib,0x1db6c,14,ASCII,objectForKey:
CraneSupport.dylib,0x1db7a,18,ASCII,stringWithFormat:
CraneSupport.dylib,0x1db8c,15,ASCII,defaultManager
CraneSupport.dylib,0x1db9b,18,ASCII,fileExistsAtPath:
CraneSupport.dylib,0x1dbad,15,ASCII,numberWithInt:
CraneSupport.dylib,0x1dbbc,37,ASCII,dictionaryWithObjects:forKeys:count:
CraneSupport.dylib,0x1dbe1,68,ASCII,createDirectoryAtPath:withIntermediateDirectories:attributes:error:
CraneSupport.dylib,0x1dc25,13,ASCII,isMainThread
CraneSupport.dylib,0x1dc37,25,ASCII,canEvaluatePolicy:error:
CraneSupport.dylib,0x1dc50,38,ASCII,evaluatePolicy:localizedReason:reply:
CraneSupport.dylib,0x1dc76,93,ASCII,crane_unregisterFromNotificationsIfNeededForContainerIdentifier:ofApplicationWithIdentifier:
CraneSupport.dylib,0x1dcd3,100,ASCII,crane_switchBadgesOfContainerWithIdentifier:andContainerWithIdentifier:ofApplicationWithIdentifier:
CraneSupport.dylib,0x1dd37,71,ASCII,crane_resetBadgeOfContainerWithIdentifier:ofApplicationWithIdentifier:
CraneSupport.dylib,0x1dd7e,37,ASCII,crane_presentLibSandyNotWorkingError
CraneSupport.dylib,0x1dda3,65,ASCII,crane_presentDaemonErrorWithBrokenDaemons:error:connectionWorks:
CraneSupport.dylib,0x1dde4,48,ASCII,crane_presentMainDylibNotLoadedErrorForAppName:
CraneSupport.dylib,0x1de14,44,ASCII,crane_presentApsdRegistrationErrorForAppId:
CraneSupport.dylib,0x1de40,43,ASCII,crane_presentPkdRegistrationErrorForAppId:
CraneSupport.dylib,0x1de6b,22,ASCII,stringWithUTF8String:
CraneSupport.dylib,0x1de81,16,ASCII,setWithObjects:
CraneSupport.dylib,0x1de91,62,ASCII,crane_getIdentifier:ofType:forVendorName:andBundleIdentifier:
CraneSupport.dylib,0x1decf,62,ASCII,crane_setIdentifier:ofType:forVendorName:andBundleIdentifier:
CraneSupport.dylib,0x1df0d,18,ASCII,lastPathComponent
CraneSupport.dylib,0x1df1f,29,ASCII,fileURLWithPath:isDirectory:
CraneSupport.dylib,0x1df3c,35,ASCII,dictionaryWithContentsOfURL:error:
CraneSupport.dylib,0x1df5f,13,ASCII,integerValue
CraneSupport.dylib,0x1df6c,16,ASCII,containsString:
CraneSupport.dylib,0x1df7c,29,ASCII,componentsSeparatedByString:
CraneSupport.dylib,0x1df99,12,ASCII,firstObject
CraneSupport.dylib,0x1dfa5,11,ASCII,lastObject
CraneSupport.dylib,0x1dfb0,25,ASCII,fileSystemRepresentation
CraneSupport.dylib,0x1dfc9,24,ASCII,arrayWithObjects:count:
CraneSupport.dylib,0x1dfe1,16,ASCII,containsObject:
CraneSupport.dylib,0x1dff1,15,ASCII,sharedInstance
CraneSupport.dylib,0x1e000,33,ASCII,activeContainerIdentifierForPid:
CraneSupport.dylib,0x1e021,11,ASCII,UTF8String
CraneSupport.dylib,0x1e02c,14,ASCII,sharedManager
CraneSupport.dylib,0x1e03a,25,ASCII,_setXPCUnsandboxHandler:
CraneSupport.dylib,0x1e053,49,ASCII,applicationSettingsForApplicationWithIdentifier:
CraneSupport.dylib,0x1e084,25,ASCII,objectForKeyedSubscript:
CraneSupport.dylib,0x1e09d,10,ASCII,boolValue
CraneSupport.dylib,0x1e0a7,67,ASCII,_updateStartUsingiCloudFollowupForAccountStore:account:oldAccount:
CraneSupport.dylib,0x1e0ea,48,ASCII,postFollowUpWithIdentifier:userInfo:completion:
CraneSupport.dylib,0x1e11a,22,ASCII,crane_activeContainer
CraneSupport.dylib,0x1e130,26,ASCII,setCrane_activeContainer:
CraneSupport.dylib,0x1e14a,38,ASCII,crane_containerToRedirectToForClient:
CraneSupport.dylib,0x1e170,46,ASCII,crane_storeCoordinatorsByContainerIdentifiers
CraneSupport.dylib,0x1e19e,50,ASCII,setCrane_storeCoordinatorsByContainerIdentifiers:
CraneSupport.dylib,0x1e1d0,35,ASCII,initWithClient:databaseConnection:
CraneSupport.dylib,0x1e1f3,50,ASCII,crane_applyRedirectionForContainerWithIdentifier:
CraneSupport.dylib,0x1e225,44,ASCII,_sharedPersistentCoordinatorForStoreAtPath:
CraneSupport.dylib,0x1e251,38,ASCII,crane_databasesByContainerIdentifiers
CraneSupport.dylib,0x1e277,42,ASCII,setCrane_databasesByContainerIdentifiers:
CraneSupport.dylib,0x1e2a1,16,ASCII,initWithClient:
CraneSupport.dylib,0x1e2b1,17,ASCII,bundleIdentifier
CraneSupport.dylib,0x1e2c7,9,ASCII,bundleID
CraneSupport.dylib,0x1e2d0,41,ASCII,gameCenter_enabledApplicationIdentifiers
CraneSupport.dylib,0x1e2f9,6,ASCII,count
CraneSupport.dylib,0x1e2ff,25,ASCII,gameCenter_activeAccount
CraneSupport.dylib,0x1e318,55,ASCII,activeContainerIdentifierForApplicationWithIdentifier:
CraneSupport.dylib,0x1e353,9,ASCII,intValue
CraneSupport.dylib,0x1e360,19,ASCII,databaseConnection
CraneSupport.dylib,0x1e373,13,ASCII,valueForKey:
CraneSupport.dylib,0x1e380,18,ASCII,setObject:forKey:
CraneSupport.dylib,0x1e392,28,ASCII,initWithManagedObjectModel:
CraneSupport.dylib,0x1e3ae,9,ASCII,delegate
CraneSupport.dylib,0x1e3b7,12,ASCII,databaseURL
CraneSupport.dylib,0x1e3c3,31,ASCII,URLByDeletingLastPathComponent
CraneSupport.dylib,0x1e3e2,29,ASCII,URLByAppendingPathComponent:
CraneSupport.dylib,0x1e404,60,ASCII,addPersistentStoreWithType:configuration:URL:options:error:
CraneSupport.dylib,0x1e440,17,ASCII,setValue:forKey:
CraneSupport.dylib,0x1e451,57,ASCII,_setupManagedObjectContextWithPersistentStoreCoodinator:
CraneSupport.dylib,0x1e48a,28,ASCII,initWithDatabaseConnection:
CraneSupport.dylib,0x1e4a6,33,ASCII,updateDefaultContentIfNecessary:
CraneSupport.dylib,0x1e4c7,29,ASCII,setObject:forKeyedSubscript:
CraneSupport.dylib,0x1e4e4,34,ASCII,stringByDeletingLastPathComponent
CraneSupport.dylib,0x1e506,32,ASCII,stringByAppendingPathComponent:
CraneSupport.dylib,0x1e526,14,ASCII,initWithPath:
CraneSupport.dylib,0x1e534,19,ASCII,dataUsingEncoding:
CraneSupport.dylib,0x1e547,6,ASCII,bytes
CraneSupport.dylib,0x1e54d,7,ASCII,length
CraneSupport.dylib,0x1e554,22,ASCII,dataWithBytes:length:
CraneSupport.dylib,0x1e56a,18,ASCII,initWithCapacity:
CraneSupport.dylib,0x1e57c,14,ASCII,appendFormat:
CraneSupport.dylib,0x1e58a,12,ASCII,mutableCopy
CraneSupport.dylib,0x1e596,11,ASCII,hasPrefix:
CraneSupport.dylib,0x1e5a1,25,ASCII,deleteCharactersInRange:
CraneSupport.dylib,0x1e5ba,20,ASCII,substringWithRange:
CraneSupport.dylib,0x1e5ce,18,ASCII,characterAtIndex:
CraneSupport.dylib,0x1e5e0,20,ASCII,appendBytes:length:
CraneSupport.dylib,0x1e5f4,12,ASCII,appendData:
CraneSupport.dylib,0x1e600,7,ASCII,string
CraneSupport.dylib,0x1e607,20,ASCII,stringWithCapacity:
CraneSupport.dylib,0x1e61b,14,ASCII,appendString:
CraneSupport.dylib,0x1e629,18,ASCII,stringWithString:
CraneSupport.dylib,0x1e63b,41,ASCII,dataWithBytesNoCopy:length:freeWhenDone:
CraneSupport.dylib,0x1e664,23,ASCII,preferenceValueForKey:
CraneSupport.dylib,0x1e67b,43,ASCII,countByEnumeratingWithState:objects:count:
CraneSupport.dylib,0x1e6a6,53,ASCII,deserializedPersistedData:withType:outPersistedInfo:
CraneSupport.dylib,0x1e6db,9,ASCII,isEqual:
CraneSupport.dylib,0x1e6e4,16,ASCII,setNumberStyle:
CraneSupport.dylib,0x1e6f4,18,ASCII,numberFromString:
CraneSupport.dylib,0x1e706,19,ASCII,unsignedShortValue
CraneSupport.dylib,0x1e719,18,ASCII,allKeysForObject:
CraneSupport.dylib,0x1e72b,20,ASCII,removeObjectForKey:
CraneSupport.dylib,0x1e73f,19,ASCII,crane_topicStorage
CraneSupport.dylib,0x1e752,40,ASCII,cranehelperdGlobalSyncRemoteObjectProxy
CraneSupport.dylib,0x1e77a,29,ASCII,verifyCraneSBLoadedAndReply:
CraneSupport.dylib,0x1e797,17,ASCII,runSafeXPCBlock:
CraneSupport.dylib,0x1e7a8,12,ASCII,environment
CraneSupport.dylib,0x1e7b4,7,ASCII,domain
CraneSupport.dylib,0x1e7c0,70,ASCII,sendAppTokenGenerateMessageWithTopicHash:baseToken:appId:onInterface:
CraneSupport.dylib,0x1e806,105,ASCII,sendTokenGenerateMessageWithTopicHash:baseToken:appId:expirationTTL:vapidPublicKeyHash:type:onInterface:
CraneSupport.dylib,0x1e86f,23,ASCII,setCrane_topicStorage:
CraneSupport.dylib,0x1e886,53,ASCII,connection:didRequestPerAppTokenForTopic:identifier:
CraneSupport.dylib,0x1e8bb,35,ASCII,connection:didRequestTokenForInfo:
CraneSupport.dylib,0x1e8de,45,ASCII,_handleAppTokenGenerateResponse:onInterface:
CraneSupport.dylib,0x1e90b,54,ASCII,_handleAppTokenGenerateResponse:onProtocolConnection:
CraneSupport.dylib,0x1e941,85,ASCII,_handleMessageMessage:onProtocolConnection:withGeneration:isWakingMessage:fromAgent:
CraneSupport.dylib,0x1e996,76,ASCII,_handleMessageMessage:onInterface:withGeneration:isWakingMessage:fromAgent:
CraneSupport.dylib,0x1e9e2,60,ASCII,_handleMessageMessage:onInterface:withGeneration:fromAgent:
CraneSupport.dylib,0x1ea1e,61,ASCII,_handleMessageMessage:onInterface:withGeneration:fromMaster:
CraneSupport.dylib,0x1ea5b,15,ASCII,isKindOfClass:
CraneSupport.dylib,0x1ea6a,12,ASCII,mainCourier
CraneSupport.dylib,0x1ea76,17,ASCII,getBytes:length:
CraneSupport.dylib,0x1ea87,6,ASCII,topic
CraneSupport.dylib,0x1ea8d,11,ASCII,identifier
CraneSupport.dylib,0x1ea98,14,ASCII,currentThread
CraneSupport.dylib,0x1eaa6,17,ASCII,threadDictionary
CraneSupport.dylib,0x1eab7,30,ASCII,stringByDeletingPathExtension
CraneSupport.dylib,0x1ead5,34,ASCII,handleSourceMessage:replyHandler:
CraneSupport.dylib,0x1eaf7,6,ASCII,class
CraneSupport.dylib,0x1eafd,127,ASCII,withSourceForDomain:inContainer:user:byHost:managed:managedUsesContainer:cloudStoreEntitlement:cloudConfigurationPath:perform:
CraneSupport.dylib,0x1eb7c,28,ASCII,instancesRespondToSelector:
CraneSupport.dylib,0x1eb98,166,ASCII,withSourceForDomain:inContainer:user:byHost:managed:managedUsesContainer:cloudStoreEntitlement:cloudConfigurationPath:performWithSourceLock:afterReleasingSourceLock:
CraneSupport.dylib,0x1ec3e,14,ASCII,copyWithZone:
CraneSupport.dylib,0x1ec4c,20,ASCII,respondsToSelector:
CraneSupport.dylib,0x1ec64,15,ASCII,containerClass
CraneSupport.dylib,0x1ec73,28,ASCII,numberWithUnsignedLongLong:
CraneSupport.dylib,0x1ec8f,9,ASCII,platform
CraneSupport.dylib,0x1ec98,23,ASCII,numberWithUnsignedInt:
CraneSupport.dylib,0x1ecaf,13,ASCII,userIdentity
CraneSupport.dylib,0x1ecbc,10,ASCII,transient
CraneSupport.dylib,0x1ecc6,14,ASCII,setTransient:
CraneSupport.dylib,0x1ecd4,8,ASCII,existed
CraneSupport.dylib,0x1ecdc,12,ASCII,setExisted:
CraneSupport.dylib,0x1eced,9,ASCII,setInfo:
CraneSupport.dylib,0x1ecfb,9,ASCII,setUuid:
CraneSupport.dylib,0x1ed04,15,ASCII,setIdentifier:
CraneSupport.dylib,0x1ed13,25,ASCII,userManagedAssetsDirName
CraneSupport.dylib,0x1ed2c,29,ASCII,setUserManagedAssetsDirName:
CraneSupport.dylib,0x1ed49,8,ASCII,setUrl:
CraneSupport.dylib,0x1ed51,20,ASCII,dataProtectionClass
CraneSupport.dylib,0x1ed65,24,ASCII,setDataProtectionClass:
CraneSupport.dylib,0x1ed7d,14,ASCII,schemaVersion
CraneSupport.dylib,0x1ed8b,18,ASCII,setSchemaVersion:
CraneSupport.dylib,0x1ed9d,14,ASCII,containerPath
CraneSupport.dylib,0x1edab,18,ASCII,setContainerPath:
CraneSupport.dylib,0x1edbd,36,ASCII,_populateContainerDirectory:ofType:
CraneSupport.dylib,0x1ede1,24,ASCII,containerPathIdentifier
CraneSupport.dylib,0x1edf9,17,ASCII,containerRootURL
CraneSupport.dylib,0x1ee0a,17,ASCII,containerDataURL
CraneSupport.dylib,0x1ee1b,15,ASCII,clientIdentity
CraneSupport.dylib,0x1ee2a,9,ASCII,posixPID
CraneSupport.dylib,0x1ee33,23,ASCII,containerRootComponent
CraneSupport.dylib,0x1ee4a,23,ASCII,containerDataComponent
CraneSupport.dylib,0x1ee61,67,ASCII,containerForContainerIdentity:createIfNecessary:updateLinks:error:
CraneSupport.dylib,0x1eea4,55,ASCII,containerForContainerIdentity:createIfNecessary:error:
CraneSupport.dylib,0x1eedb,12,ASCII,setCorrupt:
CraneSupport.dylib,0x1eee7,107,ASCII,createOrLookupContainerWithContainerIdentity:createIfNecessary:transient:useLocking:updateLinks:withError:
CraneSupport.dylib,0x1ef52,95,ASCII,createOrLookupContainerWithContainerIdentity:createIfNecessary:transient:useLocking:withError:
CraneSupport.dylib,0x1efb1,66,ASCII,groupContainerPathsForUser:clientConnection:identifier:withError:
CraneSupport.dylib,0x1eff3,8,ASCII,allKeys
CraneSupport.dylib,0x1effb,23,ASCII,rangeOfString:options:
CraneSupport.dylib,0x1f012,25,ASCII,stringByAppendingString:
CraneSupport.dylib,0x1f02b,13,ASCII,setProtocol:
CraneSupport.dylib,0x1f038,39,ASCII,getIdentifierOfType:completionHandler:
CraneSupport.dylib,0x1f05f,14,ASCII,XPCConnection
CraneSupport.dylib,0x1f06d,18,ASCII,processIdentifier
CraneSupport.dylib,0x1f07f,11,ASCII,auditToken
CraneSupport.dylib,0x1f08a,73,ASCII,containerSettingsForContainerWithIdentifier:ofApplicationWithIdentifier:
CraneSupport.dylib,0x1f0d3,16,ASCII,numberWithBool:
CraneSupport.dylib,0x1f0e3,20,ASCII,initWithUUIDString:
CraneSupport.dylib,0x1f0f7,32,ASCII,stringByResolvingSymlinksInPath
CraneSupport.dylib,0x1f117,26,ASCII,stringByStandardizingPath
CraneSupport.dylib,0x1f131,12,ASCII,sharedCache
CraneSupport.dylib,0x1f13d,15,ASCII,currentPersona
CraneSupport.dylib,0x1f14c,17,ASCII,cacheForPersona:
CraneSupport.dylib,0x1f15d,32,ASCII,identifiersOfTypeNotDispatched:
CraneSupport.dylib,0x1f182,11,ASCII,addObject:
CraneSupport.dylib,0x1f18d,9,ASCII,getProxy
CraneSupport.dylib,0x1f196,7,ASCII,server
CraneSupport.dylib,0x1f19d,38,ASCII,terminatePlugIns:synchronously:reply:
CraneSupport.dylib,0x1f1c3,24,ASCII,terminatePlugIns:reply:
CraneSupport.dylib,0x1f1db,31,ASCII,applicationProxyForIdentifier:
CraneSupport.dylib,0x1f1fa,17,ASCII,plugInKitPlugins
CraneSupport.dylib,0x1f20b,24,ASCII,reverseObjectEnumerator
CraneSupport.dylib,0x1f223,20,ASCII,pluginKitDictionary
CraneSupport.dylib,0x1f237,14,ASCII,removeObject:
CraneSupport.dylib,0x1f245,15,ASCII,isAppExtension
CraneSupport.dylib,0x1f254,14,ASCII,containingUrl
CraneSupport.dylib,0x1f262,15,ASCII,bundleWithURL:
CraneSupport.dylib,0x1f271,17,ASCII,plugInDictionary
CraneSupport.dylib,0x1f282,24,ASCII,crane_activeContainerID
CraneSupport.dylib,0x1f29a,31,ASCII,crane_updateActiveContainerID:
CraneSupport.dylib,0x1f2b9,28,ASCII,setCrane_activeContainerID:
CraneSupport.dylib,0x1f2d5,77,ASCII,enableForClient:environment:languages:oneShotUUID:persona:sandbox:pid:error:
CraneSupport.dylib,0x1f322,61,ASCII,enableForClient:environment:languages:oneShotUUID:pid:error:
CraneSupport.dylib,0x1f35f,51,ASCII,enableForClient:environment:oneShotUUID:pid:error:
CraneSupport.dylib,0x1f392,29,ASCII,enableForClient:environment:
CraneSupport.dylib,0x1f3af,13,ASCII,matchPlugIns
CraneSupport.dylib,0x1f3bc,13,ASCII,findPlugIns:
CraneSupport.dylib,0x1f3c9,35,ASCII,findPlugIns:discoveryInstanceUUID:
CraneSupport.dylib,0x1f3ec,47,ASCII,findPlugIns:discoveryInstanceUUID:allVersions:
CraneSupport.dylib,0x1f41b,55,ASCII,findPlugInsForQuery:discoveryInstanceUUID:allVersions:
CraneSupport.dylib,0x1f452,34,ASCII,pluginsMatchingQuery:applyFilter:
CraneSupport.dylib,0x1f474,53,ASCII,initWithConnection:queue:database:externalProviders:
CraneSupport.dylib,0x1f4a9,8,ASCII,request
CraneSupport.dylib,0x1f4b1,29,ASCII,pluginKitProxyForIdentifier:
CraneSupport.dylib,0x1f4ce,49,ASCII,stringByReplacingOccurrencesOfString:withString:
CraneSupport.dylib,0x1f4ff,27,ASCII,_clearActiveContainerCache
CraneSupport.dylib,0x1f51a,26,ASCII,_registerForClearMessages
CraneSupport.dylib,0x1f534,36,ASCII,_getActiveContainerFromCacheForPid:
CraneSupport.dylib,0x1f558,15,ASCII,resetLastError
CraneSupport.dylib,0x1f567,47,ASCII,fetchActiveContainerIDForProcessWithPid:reply:
CraneSupport.dylib,0x1f596,13,ASCII,getLastError
CraneSupport.dylib,0x1f5a8,35,ASCII,_setActiveContainer:toCacheForPid:
CraneSupport.dylib,0x1f5cb,14,ASCII,.cxx_destruct
CraneSupport.dylib,0x1f5d9,14,ASCII,_daemonCenter
CraneSupport.dylib,0x1f5e7,22,ASCII,_activeContainerCache
CraneSupport.dylib,0x1f5fd,27,ASCII,_activeContainerCacheQueue
CraneSupport.dylib,0x1f618,41,ASCII,UNUserNotificationProtocolCraneAdditions
CraneSupport.dylib,0x1f641,43,ASCII,_LSDDeviceIdentifierProtocolCraneAdditions
CraneSupport.dylib,0x1f684,21,ASCII,ClientContainerCache
CraneSupport.dylib,0x1f69b,14,ASCII,v32@0:8@16@24
CraneSupport.dylib,0x1f6a9,17,ASCII,v40@0:8@16@24@32
CraneSupport.dylib,0x1f6ba,8,ASCII,v16@0:8
CraneSupport.dylib,0x1f6c2,17,ASCII,v36@0:8@16@24B32
CraneSupport.dylib,0x1f6d3,11,ASCII,v24@0:8@16
CraneSupport.dylib,0x1f6de,34,ASCII,"v32@0:8@""NSString""16@""NSString""24"
CraneSupport.dylib,0x1f700,47,ASCII,"v40@0:8@""NSString""16@""NSString""24@""NSString""32"
CraneSupport.dylib,0x1f72f,35,ASCII,"v36@0:8@""NSArray""16@""NSError""24B32"
CraneSupport.dylib,0x1f752,21,ASCII,"v24@0:8@""NSString""16"
CraneSupport.dylib,0x1f767,21,ASCII,v48@0:8@?16q24@32@40
CraneSupport.dylib,0x1f77c,20,ASCII,v48@0:8@16q24@32@40
CraneSupport.dylib,0x1f790,56,ASCII,"v48@0:8@?<v@?@""NSArray"">16q24@""NSString""32@""NSString""40"
CraneSupport.dylib,0x1f7c8,50,ASCII,"v48@0:8@""NSString""16q24@""NSString""32@""NSString""40"
CraneSupport.dylib,0x1f7fa,8,ASCII,@16@0:8
CraneSupport.dylib,0x1f802,11,ASCII,@20@0:8i16
CraneSupport.dylib,0x1f80d,14,ASCII,v28@0:8@16i24
CraneSupport.dylib,0x1f81b,32,ASCII,"@""CPDistributedMessagingCenter"""
CraneSupport.dylib,0x1f83b,23,ASCII,"@""NSMutableDictionary"""
CraneSupport.dylib,0x1f852,31,ASCII,"@""NSObject<OS_dispatch_queue>"""
CranePrefs,0x28,16,ASCII,__TEXT
CranePrefs,0x68,16,ASCII,__text
CranePrefs,0x78,16,ASCII,__TEXT
CranePrefs,0xb8,16,ASCII,__stubs
CranePrefs,0xc8,16,ASCII,__TEXT
CranePrefs,0x108,16,ASCII,__stub_helper
CranePrefs,0x118,16,ASCII,__TEXT
CranePrefs,0x158,16,ASCII,__const
CranePrefs,0x168,16,ASCII,__TEXT
CranePrefs,0x1a8,16,ASCII,__objc_methname
CranePrefs,0x1b8,16,ASCII,__TEXT
CranePrefs,0x1f8,16,ASCII,__cstring
CranePrefs,0x208,16,ASCII,__TEXT
CranePrefs,0x248,16,ASCII,__objc_classname
CranePrefs,0x258,16,ASCII,__TEXT
CranePrefs,0x298,16,ASCII,__objc_methtype
CranePrefs,0x2a8,16,ASCII,__TEXT
CranePrefs,0x2e8,16,ASCII,__gcc_except_tab
CranePrefs,0x2f8,16,ASCII,__TEXT
CranePrefs,0x338,16,ASCII,__unwind_info
CranePrefs,0x348,16,ASCII,__TEXT
CranePrefs,0x388,16,ASCII,__eh_frame
CranePrefs,0x398,16,ASCII,__TEXT
CranePrefs,0x3e0,16,ASCII,__DATA
CranePrefs,0x420,16,ASCII,__got
CranePrefs,0x430,16,ASCII,__DATA
CranePrefs,0x470,16,ASCII,__la_symbol_ptr
CranePrefs,0x480,16,ASCII,__DATA
CranePrefs,0x4c0,16,ASCII,__mod_init_func
CranePrefs,0x4d0,16,ASCII,__DATA
CranePrefs,0x510,16,ASCII,__const
CranePrefs,0x520,16,ASCII,__DATA
CranePrefs,0x560,16,ASCII,__cfstring
CranePrefs,0x570,16,ASCII,__DATA
CranePrefs,0x5b0,16,ASCII,__objc_classlist
CranePrefs,0x5c0,16,ASCII,__DATA
CranePrefs,0x600,16,ASCII,__objc_catlist
CranePrefs,0x610,16,ASCII,__DATA
CranePrefs,0x650,16,ASCII,__objc_protolist
CranePrefs,0x660,16,ASCII,__DATA
CranePrefs,0x6a0,16,ASCII,__objc_imageinfo
CranePrefs,0x6b0,16,ASCII,__DATA
CranePrefs,0x6f0,16,ASCII,__objc_const
CranePrefs,0x700,16,ASCII,__DATA
CranePrefs,0x740,16,ASCII,__objc_selrefs
CranePrefs,0x750,16,ASCII,__DATA
CranePrefs,0x790,16,ASCII,__objc_protorefs
CranePrefs,0x7a0,16,ASCII,__DATA
CranePrefs,0x7e0,16,ASCII,__objc_classrefs
CranePrefs,0x7f0,16,ASCII,__DATA
CranePrefs,0x830,16,ASCII,__objc_superrefs
CranePrefs,0x840,16,ASCII,__DATA
CranePrefs,0x880,16,ASCII,__objc_ivar
CranePrefs,0x890,16,ASCII,__DATA
CranePrefs,0x8d0,16,ASCII,__objc_data
CranePrefs,0x8e0,16,ASCII,__DATA
CranePrefs,0x920,16,ASCII,__data
CranePrefs,0x930,16,ASCII,__DATA
CranePrefs,0x970,16,ASCII,__bss
CranePrefs,0x980,16,ASCII,__DATA
CranePrefs,0x9c0,16,ASCII,__common
CranePrefs,0x9d0,16,ASCII,__DATA
CranePrefs,0xa18,16,ASCII,__LINKEDIT
CranePrefs,0xa70,56,ASCII,/Library/PreferenceBundles/CranePrefs.bundle/CranePrefs
CranePrefs,0xba8,25,ASCII,/usr/lib/libobjc.A.dylib
CranePrefs,0xbe0,59,ASCII,/System/Library/Frameworks/Foundation.framework/Foundation
CranePrefs,0xc38,67,ASCII,/System/Library/Frameworks/CoreFoundation.framework/CoreFoundation
CranePrefs,0xc98,49,ASCII,/System/Library/Frameworks/UIKit.framework/UIKit
CranePrefs,0xce8,55,ASCII,/System/Library/Frameworks/Security.framework/Security
CranePrefs,0xd38,75,ASCII,/System/Library/Frameworks/MobileCoreServices.framework/MobileCoreServices
CranePrefs,0xda0,22,ASCII,/usr/lib/libz.1.dylib
CranePrefs,0xdd0,26,ASCII,/usr/lib/libiconv.2.dylib
CranePrefs,0xe08,24,ASCII,/usr/lib/libcrane.dylib
CranePrefs,0xe38,68,ASCII,/System/Library/PrivateFrameworks/Preferences.framework/Preferences
CranePrefs,0xe98,66,ASCII,/System/Library/PrivateFrameworks/AppSupport.framework/AppSupport
CranePrefs,0xef8,46,ASCII,/Library/Frameworks/AltList.framework/AltList
CranePrefs,0xf40,24,ASCII,/usr/lib/libc++.1.dylib
CranePrefs,0xf70,27,ASCII,/usr/lib/libSystem.B.dylib
CranePrefs,0xfa8,63,ASCII,/System/Library/Frameworks/CoreGraphics.framework/CoreGraphics
CranePrefs,0x1000,77,ASCII,/System/Library/Frameworks/LocalAuthentication.framework/LocalAuthentication
CranePrefs,0x40c30,10,ASCII,specifier
CranePrefs,0x40c3a,16,ASCII,propertyForKey:
CranePrefs,0x40c4a,19,ASCII,indexForIndexPath:
CranePrefs,0x40c5d,18,ASCII,specifierAtIndex:
CranePrefs,0x40c6f,7,ASCII,values
CranePrefs,0x40c7a,15,ASCII,objectAtIndex:
CranePrefs,0x40c89,14,ASCII,sharedManager
CranePrefs,0x40c97,22,ASCII,applicationIdentifier
CranePrefs,0x40cad,73,ASCII,containerSettingsForContainerWithIdentifier:ofApplicationWithIdentifier:
CranePrefs,0x40cf6,25,ASCII,objectForKeyedSubscript:
CranePrefs,0x40d0f,10,ASCII,boolValue
CranePrefs,0x40d19,33,ASCII,deselectRowAtIndexPath:animated:
CranePrefs,0x40d3f,18,ASCII,stringWithFormat:
CranePrefs,0x40d51,35,ASCII,tableView:didSelectRowAtIndexPath:
CranePrefs,0x40d74,49,ASCII,alertControllerWithTitle:message:preferredStyle:
CranePrefs,0x40daa,13,ASCII,setProgress:
CranePrefs,0x40dbc,12,ASCII,addSubview:
CranePrefs,0x40dc8,22,ASCII,viewDidLayoutSubviews
CranePrefs,0x40dde,6,ASCII,frame
CranePrefs,0x40de4,10,ASCII,setFrame:
CranePrefs,0x40dee,12,ASCII,viewDidLoad
CranePrefs,0x40dfa,11,ASCII,loadingBar
CranePrefs,0x40e05,15,ASCII,setLoadingBar:
CranePrefs,0x40e14,14,ASCII,.cxx_destruct
CranePrefs,0x40e22,12,ASCII,_loadingBar
CranePrefs,0x40e2e,13,ASCII,addObserver:
CranePrefs,0x40e3b,16,ASCII,removeObserver:
CranePrefs,0x40e4b,8,ASCII,dealloc
CranePrefs,0x40e53,17,ASCII,isEqualToString:
CranePrefs,0x40e64,24,ASCII,loadApplicationSettings
CranePrefs,0x40e7c,17,ASCII,reloadSpecifiers
CranePrefs,0x40e8d,26,ASCII,reloadContainerSpecifiers
CranePrefs,0x40ea7,22,ASCII,reloadActiveContainer
CranePrefs,0x40ebd,21,ASCII,reloadContainerNames
CranePrefs,0x40ed2,89,ASCII,displayNameForContainerWithIdentifier:ofApplicationWithIdentifier:shouldUseShortVersion:
CranePrefs,0x40f2b,14,ASCII,objectForKey:
CranePrefs,0x40f3d,25,ASCII,containersForApplication
CranePrefs,0x40f56,43,ASCII,countByEnumeratingWithState:objects:count:
CranePrefs,0x40f81,11,ASCII,addObject:
CranePrefs,0x40f91,37,ASCII,containerNameForContainerIdentifier:
CranePrefs,0x40fb6,20,ASCII,setProperty:forKey:
CranePrefs,0x40fca,15,ASCII,setIdentifier:
CranePrefs,0x40fd9,27,ASCII,readPreferenceValueForKey:
CranePrefs,0x40ff4,12,ASCII,mutableCopy
CranePrefs,0x41000,18,ASCII,setObject:forKey:
CranePrefs,0x41012,15,ASCII,indexOfObject:
CranePrefs,0x41021,33,ASCII,replaceObjectAtIndex:withObject:
CranePrefs,0x41042,24,ASCII,setPreferenceValue:key:
CranePrefs,0x4105a,69,ASCII,deleteContentOfContainerWithIdentifier:forApplicationWithIdentifier:
CranePrefs,0x4109f,14,ASCII,removeObject:
CranePrefs,0x410ad,40,ASCII,enumerateObjectsWithOptions:usingBlock:
CranePrefs,0x410d5,58,ASCII,preferenceSpecifierNamed:target:set:get:detail:cell:edit:
CranePrefs,0x4110f,16,ASCII,numberWithBool:
CranePrefs,0x4111f,26,ASCII,setDetailControllerClass:
CranePrefs,0x41139,36,ASCII,setContainerIdentifier:ofSpecifier:
CranePrefs,0x4115d,49,ASCII,applicationSettingsForApplicationWithIdentifier:
CranePrefs,0x4118e,40,ASCII,newSpecifierForContainerWithIdentifier:
CranePrefs,0x411b6,30,ASCII,setActiveContainer:specifier:
CranePrefs,0x411d4,21,ASCII,readActiveContainer:
CranePrefs,0x411e9,6,ASCII,class
CranePrefs,0x411ef,30,ASCII,setPreferenceValue:specifier:
CranePrefs,0x4120d,21,ASCII,readPreferenceValue:
CranePrefs,0x41222,20,ASCII,emptyGroupSpecifier
CranePrefs,0x41236,9,ASCII,setName:
CranePrefs,0x4123f,27,ASCII,getSpecifiersForContainers
CranePrefs,0x4125a,21,ASCII,addObjectsFromArray:
CranePrefs,0x4126f,17,ASCII,addButtonPressed
CranePrefs,0x41280,17,ASCII,setButtonAction:
CranePrefs,0x41291,23,ASCII,preferenceValueForKey:
CranePrefs,0x412a8,53,ASCII,setSeparateNotificationRegistrationsValue:specifier:
CranePrefs,0x412dd,42,ASCII,setSeparateSystemAccountsValue:specifier:
CranePrefs,0x41307,37,ASCII,setGameCenterSupportValue:specifier:
CranePrefs,0x4132c,16,ASCII,setPlaceholder:
CranePrefs,0x4133c,38,ASCII,addTextFieldWithConfigurationHandler:
CranePrefs,0x41362,11,ASCII,textFields
CranePrefs,0x4136d,12,ASCII,firstObject
CranePrefs,0x4137e,57,ASCII,createNewContainerWithName:forApplicationWithIdentifier:
CranePrefs,0x413b7,6,ASCII,count
CranePrefs,0x413bd,27,ASCII,indexPathForRow:inSection:
CranePrefs,0x413d8,34,ASCII,insertSpecifier:atIndex:animated:
CranePrefs,0x413fa,31,ASCII,actionWithTitle:style:handler:
CranePrefs,0x41419,11,ASCII,addAction:
CranePrefs,0x41424,43,ASCII,presentViewController:animated:completion:
CranePrefs,0x4144f,20,ASCII,setTitleDictionary:
CranePrefs,0x41463,25,ASCII,setShortTitleDictionary:
CranePrefs,0x4147c,11,ASCII,setValues:
CranePrefs,0x41487,34,ASCII,loadValuesAndTitlesFromDataSource
CranePrefs,0x414a9,17,ASCII,reloadSpecifier:
CranePrefs,0x414ba,19,ASCII,specifiersInGroup:
CranePrefs,0x414cd,11,ASCII,lastObject
CranePrefs,0x414d8,33,ASCII,containerIdentifierForSpecifier:
CranePrefs,0x414f9,21,ASCII,removeObjectAtIndex:
CranePrefs,0x4150e,17,ASCII,removeLastObject
CranePrefs,0x4151f,53,ASCII,replaceContiguousSpecifiers:withSpecifiers:animated:
CranePrefs,0x41554,59,ASCII,setActiveContainerIdentifier:forApplicationWithIdentifier:
CranePrefs,0x4158f,55,ASCII,activeContainerIdentifierForApplicationWithIdentifier:
CranePrefs,0x415c6,87,ASCII,unregisterFromNotificationsIfNeededForContainerIdentifier:ofApplicationWithIdentifier:
CranePrefs,0x4161d,33,ASCII,reloadApplicationWithIdentifier:
CranePrefs,0x4163e,41,ASCII,insertSpecifier:afterSpecifier:animated:
CranePrefs,0x41667,26,ASCII,removeSpecifier:animated:
CranePrefs,0x41681,50,ASCII,gameCenter_reloadExceptApplicationWithIdentifier:
CranePrefs,0x416b3,53,ASCII,setApplicationSettings:forApplicationWithIdentifier:
CranePrefs,0x416e8,8,ASCII,section
CranePrefs,0x416f0,33,ASCII,tableView:numberOfRowsInSection:
CranePrefs,0x41711,10,ASCII,isEditing
CranePrefs,0x4171b,22,ASCII,insertObject:atIndex:
CranePrefs,0x41731,48,ASCII,tableView:commitEditingStyle:forRowAtIndexPath:
CranePrefs,0x41761,35,ASCII,performDeletionActionForSpecifier:
CranePrefs,0x41784,31,ASCII,removeContainerWithIdentifier:
CranePrefs,0x417a3,26,ASCII,checkForUnknownContainers
CranePrefs,0x417bd,15,ASCII,checkForSlices
CranePrefs,0x417cc,34,ASCII,containerIdentifersForApplication
CranePrefs,0x417ee,66,ASCII,unknownContainersInsideApplicationWithIdentifier:knownContainers:
CranePrefs,0x41830,71,ASCII,createNewContainerWithName:andIdentifier:forApplicationWithIdentifier:
CranePrefs,0x41877,15,ASCII,defaultManager
CranePrefs,0x41886,24,ASCII,removeItemAtPath:error:
CranePrefs,0x4189e,31,ASCII,applicationProxyForIdentifier:
CranePrefs,0x418bd,19,ASCII,groupContainerURLs
CranePrefs,0x418d0,8,ASCII,allKeys
CranePrefs,0x418d8,30,ASCII,fileExistsAtPath:isDirectory:
CranePrefs,0x418f6,29,ASCII,fileURLWithPath:isDirectory:
CranePrefs,0x41913,67,ASCII,contentsOfDirectoryAtURL:includingPropertiesForKeys:options:error:
CranePrefs,0x41956,18,ASCII,lastPathComponent
CranePrefs,0x41968,31,ASCII,getResourceValue:forKey:error:
CranePrefs,0x41987,11,ASCII,hasPrefix:
CranePrefs,0x41992,7,ASCII,length
CranePrefs,0x41999,20,ASCII,substringWithRange:
CranePrefs,0x419ad,14,ASCII,appendFormat:
CranePrefs,0x419bb,77,ASCII,dumpKeychainItemsFromContainerWithIdentifier:forApplicationIdentifier:reply:
CranePrefs,0x41a08,38,ASCII,renameContainerWithIdentifier:toName:
CranePrefs,0x41a2e,41,ASCII,moveOrCopyContainerFromPath:toPath:move:
CranePrefs,0x41a57,80,ASCII,enumerate:pathsAssociatedToContainerWithIdentifier:ofApplicationWithIdentifier:
CranePrefs,0x41aa7,87,ASCII,restoreKeychainItemsToContainerWithIdentifier:forApplicationIdentifier:fromDictionary:
CranePrefs,0x41afe,21,ASCII,navigationController
CranePrefs,0x41b13,18,ASCII,topViewController
CranePrefs,0x41b25,20,ASCII,respondsToSelector:
CranePrefs,0x41b39,22,ASCII,didChangeRootSettings
CranePrefs,0x41b4f,47,ASCII,didChangeSettingsForApplicationWithIdentifier:
CranePrefs,0x41b7e,48,ASCII,didChangeContainersOfApplicationWithIdentifier:
CranePrefs,0x41bae,82,ASCII,didChangeContainerSettingsForContainerWithIdentifier:onApplicationWithIdentifier:
CranePrefs,0x41c00,29,ASCII,containerNamesForApplication
CranePrefs,0x41c1d,11,ASCII,specifiers
CranePrefs,0x41c28,33,ASCII,tableView:canEditRowAtIndexPath:
CranePrefs,0x41c49,41,ASCII,tableView:editingStyleForRowAtIndexPath:
CranePrefs,0x41c72,33,ASCII,tableView:canMoveRowAtIndexPath:
CranePrefs,0x41c93,72,ASCII,tableView:targetIndexPathForMoveFromRowAtIndexPath:toProposedIndexPath:
CranePrefs,0x41cdb,42,ASCII,tableView:moveRowAtIndexPath:toIndexPath:
CranePrefs,0x41d05,19,ASCII,viewWillDisappear:
CranePrefs,0x41d18,21,ASCII,_applicationSettings
CranePrefs,0x41d2d,35,ASCII,_gameCenterSupportEnabledSpecifier
CranePrefs,0x41d50,49,ASCII,containerIdentifiersOfApplicationWithIdentifier:
CranePrefs,0x41d81,20,ASCII,shouldShowSubtitles
CranePrefs,0x41d95,38,ASCII,subtitleForApplicationWithIdentifier:
CranePrefs,0x41dbb,43,ASCII,previewStringForApplicationWithIdentifier:
CranePrefs,0x41de6,10,ASCII,setTitle:
CranePrefs,0x41df0,12,ASCII,setMessage:
CranePrefs,0x41dfc,19,ASCII,setPreferredStyle:
CranePrefs,0x41e0f,9,ASCII,_actions
CranePrefs,0x41e18,7,ASCII,status
CranePrefs,0x41e1f,24,ASCII,totalSuboperationsCount
CranePrefs,0x41e37,25,ASCII,currentSuboperationIndex
CranePrefs,0x41e50,14,ASCII,processedFile
CranePrefs,0x41e5e,19,ASCII,processedContainer
CranePrefs,0x41e71,20,ASCII,processedIdentifier
CranePrefs,0x41e85,31,ASCII,updateAlertContentOnMainThread
CranePrefs,0x41ea4,14,ASCII,cancelHandler
CranePrefs,0x41eb2,18,ASCII,_removeAllActions
CranePrefs,0x41ec4,27,ASCII,updateProgressOnMainThread
CranePrefs,0x41edf,37,ASCII,refreshProcessedContainerDescription
CranePrefs,0x41f04,14,ASCII,applicationID
CranePrefs,0x41f12,20,ASCII,atl_fastDisplayName
CranePrefs,0x41f26,12,ASCII,containerID
CranePrefs,0x41f32,14,ASCII,appendString:
CranePrefs,0x41f40,18,ASCII,substringToIndex:
CranePrefs,0x41f52,20,ASCII,substringFromIndex:
CranePrefs,0x41f66,13,ASCII,isMainThread
CranePrefs,0x41f73,19,ASCII,updateAlertContent
CranePrefs,0x41f86,22,ASCII,currentOperationIndex
CranePrefs,0x41f9c,19,ASCII,amountOfOperations
CranePrefs,0x41faf,15,ASCII,updateProgress
CranePrefs,0x41fbe,31,ASCII,updatePropertiesFromOperation:
CranePrefs,0x41fdd,22,ASCII,setShowsCancelButton:
CranePrefs,0x41ff3,11,ASCII,setStatus:
CranePrefs,0x41ffe,28,ASCII,setTotalSuboperationsCount:
CranePrefs,0x4201a,29,ASCII,setCurrentSuboperationIndex:
CranePrefs,0x42037,18,ASCII,setProcessedFile:
CranePrefs,0x42049,23,ASCII,setProcessedContainer:
CranePrefs,0x42060,24,ASCII,setProcessedIdentifier:
CranePrefs,0x42078,23,ASCII,setAmountOfOperations:
CranePrefs,0x4208f,26,ASCII,setCurrentOperationIndex:
CranePrefs,0x420a9,18,ASCII,showsCancelButton
CranePrefs,0x420bb,18,ASCII,setCancelHandler:
CranePrefs,0x420cd,31,ASCII,_processedContainerDescription
CranePrefs,0x420ec,19,ASCII,_processedFileName
CranePrefs,0x420ff,19,ASCII,_showsCancelButton
CranePrefs,0x42112,15,ASCII,_cancelHandler
CranePrefs,0x42121,20,ASCII,_amountOfOperations
CranePrefs,0x42135,23,ASCII,_currentOperationIndex
CranePrefs,0x4214c,8,ASCII,_status
CranePrefs,0x42154,25,ASCII,_totalSuboperationsCount
CranePrefs,0x4216d,26,ASCII,_currentSuboperationIndex
CranePrefs,0x42187,15,ASCII,_processedFile
CranePrefs,0x42196,20,ASCII,_processedContainer
CranePrefs,0x421aa,21,ASCII,_processedIdentifier
CranePrefs,0x421bf,27,ASCII,URLPathAllowedCharacterSet
CranePrefs,0x421da,52,ASCII,stringByAddingPercentEncodingWithAllowedCharacters:
CranePrefs,0x4220e,15,ASCII,URLWithString:
CranePrefs,0x4221d,18,ASCII,sharedApplication
CranePrefs,0x4222f,35,ASCII,openURL:options:completionHandler:
CranePrefs,0x42252,22,ASCII,openPathForSpecifier:
CranePrefs,0x42268,20,ASCII,containerIdentifier
CranePrefs,0x4227c,18,ASCII,fileExistsAtPath:
CranePrefs,0x4228e,33,ASCII,localizedCaseInsensitiveCompare:
CranePrefs,0x422af,26,ASCII,sortedArrayUsingSelector:
CranePrefs,0x422c9,29,ASCII,specifierForIdentifier:path:
CranePrefs,0x422e6,28,ASCII,enumerateObjectsUsingBlock:
CranePrefs,0x42302,32,ASCII,initWithPresentationController:
CranePrefs,0x42322,23,ASCII,tapGestureReceivedTap:
CranePrefs,0x42339,23,ASCII,initWithTarget:action:
CranePrefs,0x42350,25,ASCII,setCancelsTouchesInView:
CranePrefs,0x42369,22,ASCII,addGestureRecognizer:
CranePrefs,0x4237f,20,ASCII,updateContainerSize
CranePrefs,0x42393,27,ASCII,updateTopSectionAndReload:
CranePrefs,0x423ae,30,ASCII,updateNameSpecifierAndReload:
CranePrefs,0x423cc,41,ASCII,reloadSpecifiersForDeviceIdentifierGroup
CranePrefs,0x423f5,41,ASCII,updateChoicyIntegrationGroupAvailability
CranePrefs,0x4241e,12,ASCII,reloadTitle
CranePrefs,0x4242a,19,ASCII,isDefaultContainer
CranePrefs,0x4243d,74,ASCII,displayNameForContainerWithName:isDefaultContainer:shouldUseShortVersion:
CranePrefs,0x42487,18,ASCII,isActiveContainer
CranePrefs,0x42499,19,ASCII,containsSpecifier:
CranePrefs,0x424ac,22,ASCII,deviceIdentifierToUse
CranePrefs,0x424c2,34,ASCII,shouldShowDeviceIdentifierSection
CranePrefs,0x424e4,26,ASCII,getGroup:row:ofSpecifier:
CranePrefs,0x424fe,35,ASCII,specifiersForDeviceIdentifierGroup
CranePrefs,0x42521,37,ASCII,removeContiguousSpecifiers:animated:
CranePrefs,0x42546,50,ASCII,insertContiguousSpecifiers:atEndOfGroup:animated:
CranePrefs,0x42578,42,ASCII,updateDeviceIdentifierSpecifierAndReload:
CranePrefs,0x425a2,76,ASCII,setDeviceIdentifier:ofContainerWithIdentifier:andApplicationWithIdentifier:
CranePrefs,0x425ee,22,ASCII,loadContainerSettings
CranePrefs,0x42604,41,ASCII,reloadApplicationIfThisContainerIsActive
CranePrefs,0x4262d,11,ASCII,identifier
CranePrefs,0x42638,24,ASCII,showIdentifierInfoAlert
CranePrefs,0x42655,11,ASCII,UUIDString
CranePrefs,0x42660,21,ASCII,setDeviceIdentifier:
CranePrefs,0x42675,52,ASCII,showIdentifierChangingWarningWithCompletionHandler:
CranePrefs,0x426a9,25,ASCII,stringByAppendingString:
CranePrefs,0x426c2,49,ASCII,stringByReplacingOccurrencesOfString:withString:
CranePrefs,0x426f3,16,ASCII,uppercaseString
CranePrefs,0x42703,36,ASCII,characterSetWithCharactersInString:
CranePrefs,0x42727,12,ASCII,invertedSet
CranePrefs,0x42733,25,ASCII,rangeOfCharacterFromSet:
CranePrefs,0x4274c,48,ASCII,presentSetCustomIdentifierAlertComingFromError:
CranePrefs,0x4277c,22,ASCII,insertString:atIndex:
CranePrefs,0x42792,55,ASCII,setUseContainerIdentifierAsDeviceIdentifier:specifier:
CranePrefs,0x427c9,35,ASCII,generateNewIdentifierButtonPressed
CranePrefs,0x427ec,33,ASCII,setCustomIdentifierButtonPressed
CranePrefs,0x4280d,41,ASCII,useContainerIdentifierAsDeviceIdentifier
CranePrefs,0x42836,16,ASCII,bundleWithPath:
CranePrefs,0x4284b,36,ASCII,previewStringForProcessPreferences:
CranePrefs,0x4286f,43,ASCII,choicyProcessConfigurationSubclassIfExists
CranePrefs,0x4289a,37,ASCII,setChoicyOverwriteEnabled:specifier:
CranePrefs,0x428bf,37,ASCII,previewStringForChoicyConfiguration:
CranePrefs,0x428e4,29,ASCII,updateChoicyIntegrationGroup
CranePrefs,0x42901,35,ASCII,updateSizeGroupSpecifierAndReload:
CranePrefs,0x42924,85,ASCII,sizeOccupiedByContainerWithIdentifier:ofApplicationWithIdentifier:completionHandler:
CranePrefs,0x42979,32,ASCII,stringFromByteCount:countStyle:
CranePrefs,0x42999,26,ASCII,reloadSpecifier:animated:
CranePrefs,0x429b3,28,ASCII,setContainerName:specifier:
CranePrefs,0x429cf,15,ASCII,numberWithInt:
CranePrefs,0x429de,46,ASCII,setRequiresBiometricAuthentication:specifier:
CranePrefs,0x42a0c,25,ASCII,makeDefaultButtonPressed
CranePrefs,0x42a25,43,ASCII,resetNotificationRegistrationButtonPressed
CranePrefs,0x42a50,42,ASCII,setAssociatedGameCenterAccount:specifier:
CranePrefs,0x42a7a,33,ASCII,readAssociatedGameCenterAccount:
CranePrefs,0x42a9b,20,ASCII,backupButtonPressed
CranePrefs,0x42aaf,21,ASCII,restoreButtonPressed
CranePrefs,0x42ac4,12,ASCII,canOpenURL:
CranePrefs,0x42ad0,18,ASCII,wipeButtonPressed
CranePrefs,0x42ae2,15,ASCII,isKindOfClass:
CranePrefs,0x42af1,17,ASCII,isEqualToNumber:
CranePrefs,0x42b02,24,ASCII,arrayWithObjects:count:
CranePrefs,0x42b1a,23,ASCII,customDeviceIdentifier
CranePrefs,0x42b31,27,ASCII,setCustomDeviceIdentifier:
CranePrefs,0x42b4c,32,ASCII,applicationHasDeviceIdentifier:
CranePrefs,0x42b6c,77,ASCII,deviceIdentifierToUseForContainerWithIdentifier:ofApplicationWithIdentifier:
CranePrefs,0x42bb9,12,ASCII,endEditing:
CranePrefs,0x42bc5,24,ASCII,setContainerIdentifier:
CranePrefs,0x42bdd,68,ASCII,makeDefaultForContainerWithIdentifier:forApplicationWithIdentifier:
CranePrefs,0x42c21,29,ASCII,gameCenter_availableAccounts
CranePrefs,0x42c3e,30,ASCII,interactionControllerWithURL:
CranePrefs,0x42c5c,13,ASCII,setDelegate:
CranePrefs,0x42c69,24,ASCII,cachedCellForSpecifier:
CranePrefs,0x42c81,7,ASCII,bounds
CranePrefs,0x42c88,43,ASCII,presentOpenInMenuFromRect:inView:animated:
CranePrefs,0x42cb3,23,ASCII,openShareMenuWithFile:
CranePrefs,0x42cca,57,ASCII,initWithContainerIdentifier:ofApplicationWithIdentifier:
CranePrefs,0x42d03,43,ASCII,configureAndStartSingleBackupForContainer:
CranePrefs,0x42d2e,55,ASCII,configureAndStartSingleRestoreForContainer:completion:
CranePrefs,0x42d65,75,ASCII,wipeContainerWithIdentifier:forApplicationWithIdentifier:shouldRepopulate:
CranePrefs,0x42db0,77,ASCII,setContainerSettings:forContainerWithIdentifier:ofApplicationWithIdentifier:
CranePrefs,0x42dfd,40,ASCII,reloadGameCenterIfThisContainerIsActive
CranePrefs,0x42e25,31,ASCII,gameCenter_isAccountAvailable:
CranePrefs,0x42e44,9,ASCII,isEqual:
CranePrefs,0x42e52,17,ASCII,performSelector:
CranePrefs,0x42e63,28,ASCII,performSelector:withObject:
CranePrefs,0x42e7f,39,ASCII,performSelector:withObject:withObject:
CranePrefs,0x42ea6,8,ASCII,isProxy
CranePrefs,0x42eae,17,ASCII,isMemberOfClass:
CranePrefs,0x42ebf,20,ASCII,conformsToProtocol:
CranePrefs,0x42ed3,7,ASCII,retain
CranePrefs,0x42eda,8,ASCII,release
CranePrefs,0x42ee2,12,ASCII,autorelease
CranePrefs,0x42eee,12,ASCII,retainCount
CranePrefs,0x42f04,11,ASCII,superclass
CranePrefs,0x42f0f,12,ASCII,description
CranePrefs,0x42f1b,17,ASCII,debugDescription
CranePrefs,0x42f2c,55,ASCII,documentInteractionControllerViewControllerForPreview:
CranePrefs,0x42f63,45,ASCII,documentInteractionControllerRectForPreview:
CranePrefs,0x42f90,45,ASCII,documentInteractionControllerViewForPreview:
CranePrefs,0x42fbd,47,ASCII,documentInteractionControllerWillBeginPreview:
CranePrefs,0x42fec,44,ASCII,documentInteractionControllerDidEndPreview:
CranePrefs,0x43018,53,ASCII,documentInteractionControllerWillPresentOptionsMenu:
CranePrefs,0x4304d,52,ASCII,documentInteractionControllerDidDismissOptionsMenu:
CranePrefs,0x43081,52,ASCII,documentInteractionControllerWillPresentOpenInMenu:
CranePrefs,0x430b5,51,ASCII,documentInteractionControllerDidDismissOpenInMenu:
CranePrefs,0x430e8,61,ASCII,documentInteractionController:willBeginSendingToApplication:
CranePrefs,0x43125,58,ASCII,documentInteractionController:didEndSendingToApplication:
CranePrefs,0x4315f,48,ASCII,documentInteractionController:canPerformAction:
CranePrefs,0x4318f,45,ASCII,documentInteractionController:performAction:
CranePrefs,0x431bc,39,ASCII,documentPicker:didPickDocumentsAtURLs:
CranePrefs,0x431e3,28,ASCII,documentPickerWasCancelled:
CranePrefs,0x431ff,37,ASCII,documentPicker:didPickDocumentAtURL:
CranePrefs,0x43224,23,ASCII,didFinishBackupAtPath:
CranePrefs,0x4323b,34,ASCII,reloadAssociatedGameCenterAccount
CranePrefs,0x4325d,52,ASCII,tableView:accessoryButtonTappedForRowWithIndexPath:
CranePrefs,0x43291,32,ASCII,availableGameCenterAccountNames
CranePrefs,0x432b1,38,ASCII,availableGameCenterAccountIdentifiers
CranePrefs,0x432d7,19,ASCII,_containerSettings
CranePrefs,0x432ea,22,ASCII,_tapGestureRecognizer
CranePrefs,0x43300,24,ASCII,_containerNameSpecifier
CranePrefs,0x43318,30,ASCII,_containerIdentifierSpecifier
CranePrefs,0x43336,22,ASCII,_makeDefaultSpecifier
CranePrefs,0x4334c,17,ASCII,_backupSpecifier
CranePrefs,0x4335d,27,ASCII,_deviceIdentifierSpecifier
CranePrefs,0x43378,32,ASCII,_generateNewIdentifierSpecifier
CranePrefs,0x43398,30,ASCII,_setCustomIdentifierSpecifier
CranePrefs,0x433b6,38,ASCII,_associatedGameCenterAccountSpecifier
CranePrefs,0x433dc,33,ASCII,_choicyIntegrationGroupSpecifier
CranePrefs,0x433fd,45,ASCII,_choicyConfigurationOverwriteToggleSpecifier
CranePrefs,0x4342a,39,ASCII,_choicyConfigurationOverwriteSpecifier
CranePrefs,0x43451,25,ASCII,_backupRestoreController
CranePrefs,0x4346a,20,ASCII,_sizeGroupSpecifier
CranePrefs,0x4347e,29,ASCII,_authenticatedWithBiometrics
CranePrefs,0x4349b,29,ASCII,_fileInInteractionController
CranePrefs,0x434b8,23,ASCII,_interactionController
CranePrefs,0x434cf,12,ASCII,_cachedSize
CranePrefs,0x434db,12,ASCII,_sizeCached
CranePrefs,0x434e7,25,ASCII,fileSystemRepresentation
CranePrefs,0x43500,22,ASCII,stringWithUTF8String:
CranePrefs,0x43516,70,ASCII,pathsAssociatedToContainerWithIdentifier:ofApplicationWithIdentifier:
CranePrefs,0x4355c,32,ASCII,stringByAppendingPathComponent:
CranePrefs,0x4357c,33,ASCII,contentsOfDirectoryAtPath:error:
CranePrefs,0x4359d,14,ASCII,setWithArray:
CranePrefs,0x435ab,10,ASCII,minusSet:
CranePrefs,0x435b5,11,ASCII,allObjects
CranePrefs,0x435c0,26,ASCII,allWritableFileAttributes
CranePrefs,0x435da,36,ASCII,loadSpecifiersFromPlistName:target:
CranePrefs,0x435fe,20,ASCII,localizeSpecifiers:
CranePrefs,0x43612,15,ASCII,navigationItem
CranePrefs,0x43621,9,ASCII,openURL:
CranePrefs,0x4362a,25,ASCII,openTwitterWithUsername:
CranePrefs,0x43643,15,ASCII,zipArchiveLink
CranePrefs,0x43652,12,ASCII,miniZipLink
CranePrefs,0x4365e,12,ASCII,trithucLink
CranePrefs,0x4366a,10,ASCII,nvbikLink
CranePrefs,0x43674,16,ASCII,sn0wl3r0kerLink
CranePrefs,0x43684,13,ASCII,nzar1988Link
CranePrefs,0x43691,14,ASCII,bwntyHntrLink
CranePrefs,0x4369f,13,ASCII,guezomriLink
CranePrefs,0x436ac,13,ASCII,torrekieLink
CranePrefs,0x436b9,12,ASCII,ian_dxxLink
CranePrefs,0x436c5,19,ASCII,Vitalik2187836Link
CranePrefs,0x436d8,15,ASCII,frknvkilicLink
CranePrefs,0x436e7,13,ASCII,rdaraujoLink
CranePrefs,0x436f4,16,ASCII,RedenticDevLink
CranePrefs,0x43704,10,ASCII,cySxLLink
CranePrefs,0x4370e,15,ASCII,layoutSubviews
CranePrefs,0x4371d,15,ASCII,systemRedColor
CranePrefs,0x4372c,10,ASCII,textLabel
CranePrefs,0x43736,14,ASCII,setTextColor:
CranePrefs,0x43744,25,ASCII,setHighlightedTextColor:
CranePrefs,0x4375d,16,ASCII,viewControllers
CranePrefs,0x4376d,26,ASCII,objectAtIndexedSubscript:
CranePrefs,0x43787,33,ASCII,gameCenter_setAvailableAccounts:
CranePrefs,0x437a8,29,ASCII,reloadListInParentController
CranePrefs,0x437c5,25,ASCII,gameCenter_activeAccount
CranePrefs,0x437de,29,ASCII,gameCenter_setActiveAccount:
CranePrefs,0x437fb,46,ASCII,_removeAccountsDatabaseIfExistsForIdentifier:
CranePrefs,0x43829,23,ASCII,saveGameCenterAccounts
CranePrefs,0x43840,29,ASCII,setObject:forKeyedSubscript:
CranePrefs,0x4385d,37,ASCII,dictionaryWithObjects:forKeys:count:
CranePrefs,0x43882,31,ASCII,addAccountWithIdentifier:name:
CranePrefs,0x438a1,36,ASCII,dictionaryForAccountWithIdentifier:
CranePrefs,0x438c5,16,ASCII,accountPressed:
CranePrefs,0x438d5,23,ASCII,loadGameCenterAccounts
CranePrefs,0x438ec,37,ASCII,accountNameForAccountWithIdentifier:
CranePrefs,0x43911,46,ASCII,newSpecifierForAccountIdentifier:accountName:
CranePrefs,0x4393f,43,ASCII,initWithBarButtonSystemItem:target:action:
CranePrefs,0x4396a,20,ASCII,addAccountWithName:
CranePrefs,0x4397e,39,ASCII,insertSpecifier:atEndOfGroup:animated:
CranePrefs,0x439a5,9,ASCII,setText:
CranePrefs,0x439ae,36,ASCII,renameAccountWithIdentifier:toName:
CranePrefs,0x439d2,29,ASCII,removeAccountWithIdentifier:
CranePrefs,0x439ef,18,ASCII,editBarButtonItem
CranePrefs,0x43a01,19,ASCII,_editButtonBarItem
CranePrefs,0x43a14,20,ASCII,_gameCenterAccounts
CranePrefs,0x43a28,34,ASCII,refreshCellContentsWithSpecifier:
CranePrefs,0x43a4a,18,ASCII,setAccessoryType:
CranePrefs,0x43a5c,26,ASCII,isKeychainVersionUpToDate
CranePrefs,0x43a76,40,ASCII,cranehelperdGlobalSyncRemoteObjectProxy
CranePrefs,0x43a9e,35,ASCII,runInjectionFixUpIfNeededAndReply:
CranePrefs,0x43ac1,53,ASCII,identfiersOfApplicationsThatHaveNonDefaultContainers
CranePrefs,0x43af6,36,ASCII,migrateApplication:withAppSettings:
CranePrefs,0x43b1a,22,ASCII,updateKeychainVersion
CranePrefs,0x43b30,28,ASCII,migrateFromVersion1IfNeeded
CranePrefs,0x43b4c,35,ASCII,handleMigrationWithViewController:
CranePrefs,0x43b6f,11,ASCII,properties
CranePrefs,0x43b7a,10,ASCII,setValue:
CranePrefs,0x43b84,13,ASCII,valueForKey:
CranePrefs,0x43b91,41,ASCII,setAllowsMultipleSelectionDuringEditing:
CranePrefs,0x43bba,12,ASCII,setEditing:
CranePrefs,0x43bc6,33,ASCII,initWithSearchResultsController:
CranePrefs,0x43be7,25,ASCII,setSearchResultsUpdater:
CranePrefs,0x43c00,37,ASCII,setDimsBackgroundDuringPresentation:
CranePrefs,0x43c25,41,ASCII,setHidesNavigationBarDuringPresentation:
CranePrefs,0x43c4e,21,ASCII,setSearchController:
CranePrefs,0x43c63,32,ASCII,setHidesSearchBarWhenScrolling:
CranePrefs,0x43c83,31,ASCII,selectDeselectAllButtonPressed
CranePrefs,0x43ca2,35,ASCII,initWithTitle:style:target:action:
CranePrefs,0x43cc5,23,ASCII,setRightBarButtonItem:
CranePrefs,0x43cdc,27,ASCII,updateSelectDeselectButton
CranePrefs,0x43cf7,16,ASCII,applicationName
CranePrefs,0x43d07,40,ASCII,localizedCaseInsensitiveContainsString:
CranePrefs,0x43d2f,20,ASCII,displayedContainers
CranePrefs,0x43d43,19,ASCII,rightBarButtonItem
CranePrefs,0x43d56,16,ASCII,savePreferences
CranePrefs,0x43d66,10,ASCII,searchBar
CranePrefs,0x43d70,15,ASCII,hasValidGetter
CranePrefs,0x43d7f,14,ASCII,performGetter
CranePrefs,0x43d8d,15,ASCII,hasValidSetter
CranePrefs,0x43d9c,24,ASCII,performSetterWithValue:
CranePrefs,0x43db4,16,ASCII,containsObject:
CranePrefs,0x43dc4,22,ASCII,setSelected:animated:
CranePrefs,0x43dda,18,ASCII,indexOfSpecifier:
CranePrefs,0x43dec,19,ASCII,indexPathForIndex:
CranePrefs,0x43dff,46,ASCII,selectRowAtIndexPath:animated:scrollPosition:
CranePrefs,0x43e2d,16,ASCII,loadPreferences
CranePrefs,0x43e3d,38,ASCII,identifiersOfAllSupportedApplications
CranePrefs,0x43e63,26,ASCII,localizedStandardCompare:
CranePrefs,0x43e7d,28,ASCII,sortedArrayUsingComparator:
CranePrefs,0x43e99,14,ASCII,containerName
CranePrefs,0x43ea7,33,ASCII,tableView:cellForRowAtIndexPath:
CranePrefs,0x43ec8,19,ASCII,setSelectionStyle:
CranePrefs,0x43edb,40,ASCII,updateSearchResultsForSearchController:
CranePrefs,0x43f03,66,ASCII,updateSearchResultsForSearchController:selectingSearchSuggestion:
CranePrefs,0x43f45,45,ASCII,tableView:willDisplayCell:forRowAtIndexPath:
CranePrefs,0x43f72,37,ASCII,tableView:didDeselectRowAtIndexPath:
CranePrefs,0x43f97,30,ASCII,_allContainersSortedByAppName
CranePrefs,0x43fb5,20,ASCII,_selectedContainers
CranePrefs,0x43fc9,18,ASCII,_searchController
CranePrefs,0x43fdb,11,ASCII,_searchKey
CranePrefs,0x43fe6,27,ASCII,setPreferenceValue:forKey:
CranePrefs,0x44001,25,ASCII,selectedPresetIdentifier
CranePrefs,0x4401a,16,ASCII,specifierForID:
CranePrefs,0x4402a,23,ASCII,indexPathForSpecifier:
CranePrefs,0x44041,23,ASCII,cellForRowAtIndexPath:
CranePrefs,0x44058,12,ASCII,setChecked:
CranePrefs,0x44064,23,ASCII,newSpecifierForPreset:
CranePrefs,0x4407b,37,ASCII,saveSelectionIntoPresetButtonPressed
CranePrefs,0x440a0,19,ASCII,containersToBackup
CranePrefs,0x440b3,25,ASCII,dictionaryRepresentation
CranePrefs,0x440cc,29,ASCII,getCurrentContainerSelection
CranePrefs,0x440e9,27,ASCII,presetForPresetIdentifier:
CranePrefs,0x44104,25,ASCII,setPreset:forIdentifier:
CranePrefs,0x4411d,15,ASCII,resetSelection
CranePrefs,0x4412c,29,ASCII,setSelectedPresetIdentifier:
CranePrefs,0x44149,34,ASCII,reloadIncludedContainersSpecifier
CranePrefs,0x4416b,9,ASCII,_presets
CranePrefs,0x44174,20,ASCII,cancelButtonPressed
CranePrefs,0x44188,22,ASCII,setLeftBarButtonItem:
CranePrefs,0x4419e,20,ASCII,createButtonPressed
CranePrefs,0x441b2,23,ASCII,setContainersToBackup:
CranePrefs,0x441c9,21,ASCII,refreshContainerName
CranePrefs,0x441de,26,ASCII,updateCreateButtonEnabled
CranePrefs,0x441f8,12,ASCII,setEnabled:
CranePrefs,0x44204,32,ASCII,noSelection_containerIdentifier
CranePrefs,0x44224,34,ASCII,noSelection_applicationIdentifier
CranePrefs,0x4424b,11,ASCII,handleTap:
CranePrefs,0x44256,28,ASCII,setEncryptBackup:specifier:
CranePrefs,0x44272,30,ASCII,setIncludeKeychain:specifier:
CranePrefs,0x44290,27,ASCII,setEncryptBackupAndReload:
CranePrefs,0x442ab,20,ASCII,setSecureTextEntry:
CranePrefs,0x442bf,78,ASCII,showPasswordConfirmationAlertIfNeededWithCompletionHandler:comingFromFailure:
CranePrefs,0x4430d,42,ASCII,dismissViewControllerAnimated:completion:
CranePrefs,0x44337,20,ASCII,showNoPasswordError
CranePrefs,0x4434b,9,ASCII,delegate
CranePrefs,0x44354,46,ASCII,didFinishConfiguringBackupWithListController:
CranePrefs,0x44382,33,ASCII,updateBackupNameFooterAndReload:
CranePrefs,0x443a3,30,ASCII,initWithBackupInfoDictionary:
CranePrefs,0x443c1,33,ASCII,setContainersToBackup:specifier:
CranePrefs,0x443e2,26,ASCII,initWithLocaleIdentifier:
CranePrefs,0x443fc,11,ASCII,setLocale:
CranePrefs,0x44407,15,ASCII,setDateFormat:
CranePrefs,0x44416,16,ASCII,stringFromDate:
CranePrefs,0x44426,18,ASCII,atl_nameToDisplay
CranePrefs,0x44438,24,ASCII,handleEncryptionWarning
CranePrefs,0x44450,23,ASCII,getContainersToBackup:
CranePrefs,0x44467,39,ASCII,setSelectedPresetIdentifier:specifier:
CranePrefs,0x4448e,29,ASCII,getSelectedPresetIdentifier:
CranePrefs,0x444ab,25,ASCII,setBackupName:specifier:
CranePrefs,0x444c4,15,ASCII,getBackupName:
CranePrefs,0x444d3,18,ASCII,getEncryptBackup:
CranePrefs,0x444e5,29,ASCII,setBackupPassword:specifier:
CranePrefs,0x44502,19,ASCII,getBackupPassword:
CranePrefs,0x44515,20,ASCII,getIncludeKeychain:
CranePrefs,0x44529,19,ASCII,initWithContainer:
CranePrefs,0x4453c,31,ASCII,initForMultiContainerSelection
CranePrefs,0x4455b,17,ASCII,isMultiSelection
CranePrefs,0x4456c,29,ASCII,setIncludeKeychainAndReload:
CranePrefs,0x44589,19,ASCII,fullBackupFilename
CranePrefs,0x4459c,11,ASCII,backupName
CranePrefs,0x445a7,14,ASCII,encryptBackup
CranePrefs,0x445b5,15,ASCII,backupPassword
CranePrefs,0x445c4,16,ASCII,includeKeychain
CranePrefs,0x445d4,10,ASCII,_openDate
CranePrefs,0x445de,20,ASCII,_nameGroupSpecifier
CranePrefs,0x445f2,15,ASCII,_nameSpecifier
CranePrefs,0x44601,24,ASCII,_encryptBackupSpecifier
CranePrefs,0x44619,19,ASCII,_passwordSpecifier
CranePrefs,0x4462c,26,ASCII,_includeKeychainSpecifier
CranePrefs,0x44646,15,ASCII,_containerName
CranePrefs,0x44655,26,ASCII,_selectedPresetIdentifier
CranePrefs,0x4466f,18,ASCII,_isMultiSelection
CranePrefs,0x44681,15,ASCII,_encryptBackup
CranePrefs,0x44690,17,ASCII,_includeKeychain
CranePrefs,0x446a1,10,ASCII,_delegate
CranePrefs,0x446ab,20,ASCII,_containersToBackup
CranePrefs,0x446bf,20,ASCII,_fullBackupFilename
CranePrefs,0x446d3,12,ASCII,_backupName
CranePrefs,0x446df,16,ASCII,_backupPassword
CranePrefs,0x446ef,11,ASCII,labelColor
CranePrefs,0x446fa,11,ASCII,blackColor
CranePrefs,0x44705,17,ASCII,fileURLWithPath:
CranePrefs,0x44716,35,ASCII,dictionaryWithContentsOfURL:error:
CranePrefs,0x44739,23,ASCII,litePreferencesIfExist
CranePrefs,0x44750,21,ASCII,standardUserDefaults
CranePrefs,0x44765,31,ASCII,removePersistentDomainForName:
CranePrefs,0x44784,36,ASCII,migrateLitePreferencesToFullVersion
CranePrefs,0x447a8,22,ASCII,removeLitePreferences
CranePrefs,0x447be,19,ASCII,labelForContainer:
CranePrefs,0x447d1,24,ASCII,setModalInPresentation:
CranePrefs,0x447e9,14,ASCII,setSpecifier:
CranePrefs,0x447f7,22,ASCII,continueButtonPressed
CranePrefs,0x4480d,62,ASCII,initNonExistantContainerWithName:ofApplicationWithIdentifier:
CranePrefs,0x4484b,40,ASCII,targetContainerMatchingBackupContainer:
CranePrefs,0x44873,37,ASCII,setShouldRestoreContainer:specifier:
CranePrefs,0x44898,28,ASCII,readShouldRestoreContainer:
CranePrefs,0x448b4,30,ASCII,setTargetContainer:specifier:
CranePrefs,0x448d2,21,ASCII,readTargetContainer:
CranePrefs,0x448e7,31,ASCII,setNewContainerName:specifier:
CranePrefs,0x44906,22,ASCII,readNewContainerName:
CranePrefs,0x4491c,15,ASCII,existsOnDevice
CranePrefs,0x4492b,31,ASCII,getGroupSpecifierForSpecifier:
CranePrefs,0x4494a,29,ASCII,backupContainerForSpecifier:
CranePrefs,0x44967,20,ASCII,removeObjectForKey:
CranePrefs,0x4497b,34,ASCII,updateGroupForContainer:animated:
CranePrefs,0x4499d,18,ASCII,setContainerName:
CranePrefs,0x449af,36,ASCII,getAvailableContainersForSpecifier:
CranePrefs,0x449d3,23,ASCII,performInitialMatching
CranePrefs,0x449ea,26,ASCII,loadSpecifiersByContainer
CranePrefs,0x44a04,28,ASCII,specifierGroupForContainer:
CranePrefs,0x44a20,28,ASCII,initWithContainersInBackup:
CranePrefs,0x44a3c,41,ASCII,getAvailableContainerValuesForSpecifier:
CranePrefs,0x44a65,41,ASCII,getAvailableContainerTitlesForSpecifier:
CranePrefs,0x44a8e,16,ASCII,completionBlock
CranePrefs,0x44a9e,20,ASCII,setCompletionBlock:
CranePrefs,0x44ab2,20,ASCII,_containersInBackup
CranePrefs,0x44ac6,23,ASCII,_specifiersByContainer
CranePrefs,0x44add,18,ASCII,_backupsToRestore
CranePrefs,0x44aef,26,ASCII,_performedInitialMatching
CranePrefs,0x44b09,17,ASCII,_completionBlock
CranePrefs,0x44b1a,41,ASCII,initWithStyle:reuseIdentifier:specifier:
CranePrefs,0x44b43,10,ASCII,textField
CranePrefs,0x44b4d,18,ASCII,setTextAlignment:
CranePrefs,0x44b5f,67,ASCII,createDirectoryAtURL:withIntermediateDirectories:attributes:error:
CranePrefs,0x44ba2,65,ASCII,enumeratorAtURL:includingPropertiesForKeys:options:errorHandler:
CranePrefs,0x44be3,14,ASCII,pathExtension
CranePrefs,0x44bf1,23,ASCII,removeItemAtURL:error:
CranePrefs,0x44c08,39,ASCII,alertControllerForSpecifierIdentifier:
CranePrefs,0x44c2f,21,ASCII,suggestionSpecifiers
CranePrefs,0x44c44,28,ASCII,indexSetWithIndexesInRange:
CranePrefs,0x44c60,25,ASCII,insertObjects:atIndexes:
CranePrefs,0x44c79,22,ASCII,removeDisabledGroups:
CranePrefs,0x44c8f,20,ASCII,handleLiteMigration
CranePrefs,0x44ca3,24,ASCII,reverseObjectEnumerator
CranePrefs,0x44cbb,9,ASCII,intValue
CranePrefs,0x44cc4,19,ASCII,subarrayWithRange:
CranePrefs,0x44cd7,22,ASCII,removeObjectsInArray:
CranePrefs,0x44ced,9,ASCII,cellType
CranePrefs,0x44cf6,52,ASCII,insertContiguousSpecifiers:afterSpecifier:animated:
CranePrefs,0x44d2a,29,ASCII,configureAndStartMultiBackup
CranePrefs,0x44d47,17,ASCII,backupsToRestore
CranePrefs,0x44d58,45,ASCII,configureAndStartMultiRestoreWithCompletion:
CranePrefs,0x44d85,42,ASCII,setNotificationsSupportEnabled:specifier:
CranePrefs,0x44daf,24,ASCII,createMultiBackupTapped
CranePrefs,0x44dc7,25,ASCII,restoreMultiBackupTapped
CranePrefs,0x44de0,12,ASCII,openTwitter
CranePrefs,0x44dec,15,ASCII,_allSpecifiers
CranePrefs,0x44dfb,16,ASCII,_documentPicker
CranePrefs,0x44e0b,28,ASCII,stringWithCString:encoding:
CranePrefs,0x44e27,12,ASCII,isInstalled
CranePrefs,0x44e33,33,ASCII,shouldShowChoicyLoaderSuggestion
CranePrefs,0x44e54,34,ASCII,shouldShowActivatorInfoSuggestion
CranePrefs,0x44e76,34,ASCII,shouldShowShortcutsInfoSuggestion
CranePrefs,0x44e98,17,ASCII,bundleIdentifier
CranePrefs,0x44ea9,31,ASCII,isApplicationSupportedByCrane:
CranePrefs,0x44ec8,18,ASCII,crane_isSupported
CranePrefs,0x44eda,28,ASCII,cranehelperdConnectionWorks
CranePrefs,0x44ef6,25,ASCII,initWithMachServiceName:
CranePrefs,0x44f0f,23,ASCII,interfaceWithProtocol:
CranePrefs,0x44f26,26,ASCII,setRemoteObjectInterface:
CranePrefs,0x44f40,7,ASCII,resume
CranePrefs,0x44f47,46,ASCII,synchronousRemoteObjectProxyWithErrorHandler:
CranePrefs,0x44f75,11,ASCII,UTF8String
CranePrefs,0x44f80,31,ASCII,errorWithDomain:code:userInfo:
CranePrefs,0x44f9f,22,ASCII,cStringUsingEncoding:
CranePrefs,0x44fb5,70,ASCII,_filenameStringWithCString:version_made_by:general_purpose_flag:size:
CranePrefs,0x44ffb,15,ASCII,_sanitizedPath
CranePrefs,0x4500a,22,ASCII,_dateWithMSDOSFormat:
CranePrefs,0x45020,68,ASCII,createDirectoryAtPath:withIntermediateDirectories:attributes:error:
CranePrefs,0x45064,34,ASCII,stringByDeletingLastPathComponent
CranePrefs,0x45086,7,ASCII,domain
CranePrefs,0x45092,21,ASCII,localizedDescription
CranePrefs,0x450a7,77,ASCII,unzipFile:fromArchiveAtPath:toDestination:preserveAttributes:password:error:
CranePrefs,0x450f4,35,ASCII,enumerateKeysAndObjectsUsingBlock:
CranePrefs,0x45117,22,ASCII,cachedApplicationName
CranePrefs,0x4512d,20,ASCII,cachedContainerName
CranePrefs,0x45141,41,ASCII,displayNameForApplicationWithIdentifier:
CranePrefs,0x4516a,53,ASCII,reloadApplicationWithIdentifier:ifContainerIsActive:
CranePrefs,0x4519f,25,ASCII,initWithBackupContainer:
CranePrefs,0x451b8,57,ASCII,attributeDictionaryWithNonWritableAttributesFilteredOut:
CranePrefs,0x451f1,18,ASCII,createIfNotExists
CranePrefs,0x45203,31,ASCII,isApplicationInstalledOnDevice
CranePrefs,0x45222,35,ASCII,reloadApplicationIfContainerActive
CranePrefs,0x45245,14,ASCII,copyWithZone:
CranePrefs,0x45253,18,ASCII,setApplicationID:
CranePrefs,0x45265,16,ASCII,setContainerID:
CranePrefs,0x45275,23,ASCII,_cachedApplicationName
CranePrefs,0x4528c,21,ASCII,_cachedContainerName
CranePrefs,0x452a1,15,ASCII,_applicationID
CranePrefs,0x452b0,13,ASCII,_containerID
CranePrefs,0x452bd,16,ASCII,handlerDelegate
CranePrefs,0x452cd,55,ASCII,operation:didPauseWithEvent:withParameters:completion:
CranePrefs,0x45304,37,ASCII,pauseBackupWithEvent:withParameters:
CranePrefs,0x45329,37,ASCII,attributesOfFileSystemForPath:error:
CranePrefs,0x4534e,14,ASCII,longLongValue
CranePrefs,0x4535c,10,ASCII,setError:
CranePrefs,0x45366,7,ASCII,cancel
CranePrefs,0x4536d,12,ASCII,isCancelled
CranePrefs,0x45379,50,ASCII,_enumerate:filesOfContainerPath:cachedProperties:
CranePrefs,0x453ab,26,ASCII,stringByStandardizingPath
CranePrefs,0x453ca,47,ASCII,writeFolderAtPath:withFolderName:withPassword:
CranePrefs,0x453f9,21,ASCII,unsignedIntegerValue
CranePrefs,0x4540e,60,ASCII,writeFileAtPath:withFileName:compressionLevel:password:AES:
CranePrefs,0x4544a,50,ASCII,writeData:filename:compressionLevel:password:AES:
CranePrefs,0x4547c,30,ASCII,attributesOfItemAtPath:error:
CranePrefs,0x4549a,43,ASCII,dataWithPropertyList:format:options:error:
CranePrefs,0x454c5,22,ASCII,pauseBackupWithEvent:
CranePrefs,0x454db,65,ASCII,processBackupOfPath:withIdentifier:pathPrefix:collectAttributes:
CranePrefs,0x4551c,6,ASCII,close
CranePrefs,0x45522,14,ASCII,initWithPath:
CranePrefs,0x45535,14,ASCII,prepareBackup
CranePrefs,0x45543,21,ASCII,handleFreeSpaceCheck
CranePrefs,0x45558,26,ASCII,processBackupOfContainer:
CranePrefs,0x45572,26,ASCII,addMultiBackupInformation
CranePrefs,0x4558c,19,ASCII,handleCancellation
CranePrefs,0x4559f,13,ASCII,handleFinish
CranePrefs,0x455ac,14,ASCII,isCancellable
CranePrefs,0x455ba,20,ASCII,setHandlerDelegate:
CranePrefs,0x455ce,6,ASCII,error
CranePrefs,0x455d4,20,ASCII,initWithTargetPath:
CranePrefs,0x455ed,11,ASCII,targetPath
CranePrefs,0x455f8,15,ASCII,setTargetPath:
CranePrefs,0x45607,14,ASCII,passwordToUse
CranePrefs,0x45615,18,ASCII,setPasswordToUse:
CranePrefs,0x45627,22,ASCII,shouldIncludeKeychain
CranePrefs,0x4563d,26,ASCII,setShouldIncludeKeychain:
CranePrefs,0x45657,24,ASCII,sepKeychainItemsOmmited
CranePrefs,0x4566f,28,ASCII,setSepKeychainItemsOmmited:
CranePrefs,0x4568b,23,ASCII,isMultiContainerBackup
CranePrefs,0x456a2,27,ASCII,setIsMultiContainerBackup:
CranePrefs,0x456bd,12,ASCII,_zipArchive
CranePrefs,0x456c9,23,ASCII,_shouldIncludeKeychain
CranePrefs,0x456e0,25,ASCII,_sepKeychainItemsOmmited
CranePrefs,0x456f9,24,ASCII,_isMultiContainerBackup
CranePrefs,0x45711,12,ASCII,_targetPath
CranePrefs,0x4571d,15,ASCII,_passwordToUse
CranePrefs,0x4572c,17,ASCII,_handlerDelegate
CranePrefs,0x4573d,7,ASCII,_error
CranePrefs,0x45744,28,ASCII,initWithRootViewController:
CranePrefs,0x45760,57,ASCII,_configureAndStartBackupWithConfigurationListController:
CranePrefs,0x45799,29,ASCII,processOperation:completion:
CranePrefs,0x457b6,30,ASCII,initWithDocumentTypes:inMode:
CranePrefs,0x457d4,20,ASCII,initWithBackupPath:
CranePrefs,0x457e8,27,ASCII,setSingle_targetContainer:
CranePrefs,0x45803,23,ASCII,showErrorForOperation:
CranePrefs,0x4581a,50,ASCII,_openFilePickerForBackupWithExtension:completion:
CranePrefs,0x4584c,22,ASCII,setIdleTimerDisabled:
CranePrefs,0x45862,36,ASCII,dismissProgressAlertWithCompletion:
CranePrefs,0x4588b,36,ASCII,presentProgressAlertWithCompletion:
CranePrefs,0x458af,40,ASCII,addObserver:forKeyPath:options:context:
CranePrefs,0x458d7,20,ASCII,operationDidFinish:
CranePrefs,0x458eb,14,ASCII,addOperation:
CranePrefs,0x458f9,57,ASCII,dismissProgressAlertAndPresentViewController:completion:
CranePrefs,0x45932,26,ASCII,componentsJoinedByString:
CranePrefs,0x4594c,35,ASCII,removeObserver:forKeyPath:context:
CranePrefs,0x4596f,48,ASCII,observeValueForKeyPath:ofObject:change:context:
CranePrefs,0x4599f,24,ASCII,_presentationController
CranePrefs,0x459b7,25,ASCII,_progressAlertController
CranePrefs,0x459d0,28,ASCII,_activeNavigationController
CranePrefs,0x459ec,16,ASCII,_operationQueue
CranePrefs,0x459fc,26,ASCII,_progressAlertIsPresented
CranePrefs,0x45a16,26,ASCII,_documentPickerCompletion
CranePrefs,0x45a30,38,ASCII,pauseRestoreWithEvent:withParameters:
CranePrefs,0x45a56,9,ASCII,fileSize
CranePrefs,0x45a5f,31,ASCII,isFilePasswordProtectedAtPath:
CranePrefs,0x45a7e,48,ASCII,isPasswordValidForArchiveAtPath:password:error:
CranePrefs,0x45aae,15,ASCII,setWithObject:
CranePrefs,0x45abd,17,ASCII,containedBackups
CranePrefs,0x45ace,21,ASCII,setBackupsToRestore:
CranePrefs,0x45ae3,23,ASCII,single_targetContainer
CranePrefs,0x45afa,84,ASCII,unzipFileAtPath:toDestination:overwrite:password:progressHandler:completionHandler:
CranePrefs,0x45b4e,34,ASCII,pathOfContainerInExtractedBackup:
CranePrefs,0x45b70,32,ASCII,stringByResolvingSymlinksInPath
CranePrefs,0x45b90,16,ASCII,containsString:
CranePrefs,0x45ba0,34,ASCII,setAttributes:ofItemAtPath:error:
CranePrefs,0x45bc2,25,ASCII,_replacementPartForPath:
CranePrefs,0x45bdb,42,ASCII,_applyReplacementStrings:forPlistsAtPath:
CranePrefs,0x45c05,25,ASCII,retrievePasswordIfNeeded
CranePrefs,0x45c1e,15,ASCII,loadBackupInfo
CranePrefs,0x45c2d,26,ASCII,determineBackupsToRestore
CranePrefs,0x45c47,25,ASCII,handleAppIdentifierCheck
CranePrefs,0x45c60,14,ASCII,extractBackup
CranePrefs,0x45c6e,62,ASCII,handleGroupIdentifierCheckForBackupContainer:targetContainer:
CranePrefs,0x45cac,28,ASCII,restoreMetadataOfContainer:
CranePrefs,0x45cc8,38,ASCII,restoreBackupContainer:intoContainer:
CranePrefs,0x45cee,44,ASCII,updatePathsOfContainer:withBackupContainer:
CranePrefs,0x45d1a,23,ASCII,pauseRestoreWithEvent:
CranePrefs,0x45d31,11,ASCII,backupPath
CranePrefs,0x45d3c,15,ASCII,setBackupPath:
CranePrefs,0x45d4b,21,ASCII,setContainedBackups:
CranePrefs,0x45d60,20,ASCII,_tempExtractionPath
CranePrefs,0x45d74,10,ASCII,_password
CranePrefs,0x45d7e,12,ASCII,_backupPath
CranePrefs,0x45d8a,18,ASCII,_containedBackups
CranePrefs,0x45d9c,24,ASCII,_single_targetContainer
CranePrefs,0x45db4,28,ASCII,numberWithUnsignedLongLong:
CranePrefs,0x45dd0,40,ASCII,unzipFileAtPath:toDestination:delegate:
CranePrefs,0x45df8,118,ASCII,unzipFileAtPath:toDestination:preserveAttributes:overwrite:password:error:delegate:progressHandler:completionHandler:
CranePrefs,0x45e6e,133,ASCII,unzipFileAtPath:toDestination:preserveAttributes:overwrite:nestedZipLevel:password:error:delegate:progressHandler:completionHandler:
CranePrefs,0x45ef3,22,ASCII,unsignedLongLongValue
CranePrefs,0x45f09,42,ASCII,zipArchiveWillUnzipArchiveAtPath:zipInfo:
CranePrefs,0x45f33,31,ASCII,zipArchiveProgressEvent:total:
CranePrefs,0x45f52,66,ASCII,zipArchiveShouldUnzipFileAtIndex:totalFiles:archivePath:fileInfo:
CranePrefs,0x45f94,64,ASCII,zipArchiveWillUnzipFileAtIndex:totalFiles:archivePath:fileInfo:
CranePrefs,0x45fd4,19,ASCII,numberWithInteger:
CranePrefs,0x45fe7,12,ASCII,stringValue
CranePrefs,0x45ff3,16,ASCII,lowercaseString
CranePrefs,0x46003,24,ASCII,numberWithUnsignedLong:
CranePrefs,0x4601b,20,ASCII,initWithDictionary:
CranePrefs,0x4602f,7,ASCII,string
CranePrefs,0x46036,63,ASCII,zipArchiveDidUnzipFileAtIndex:totalFiles:archivePath:fileInfo:
CranePrefs,0x46075,71,ASCII,zipArchiveDidUnzipFileAtIndex:totalFiles:archivePath:unzippedFilePath:
CranePrefs,0x460bc,54,ASCII,zipArchiveDidUnzipArchiveAtPath:zipInfo:unzippedPath:
CranePrefs,0x460f2,51,ASCII,createZipFileAtPath:withFilesAtPaths:withPassword:
CranePrefs,0x46125,58,ASCII,createZipFileAtPath:withContentsOfDirectory:withPassword:
CranePrefs,0x4615f,78,ASCII,createZipFileAtPath:withContentsOfDirectory:keepParentDirectory:withPassword:
CranePrefs,0x461ad,67,ASCII,createZipFileAtPath:withFilesAtPaths:withPassword:progressHandler:
CranePrefs,0x461f0,24,ASCII,writeFile:withPassword:
CranePrefs,0x46208,97,ASCII,createZipFileAtPath:withContentsOfDirectory:keepParentDirectory:withPassword:andProgressHandler:
CranePrefs,0x46269,111,ASCII,createZipFileAtPath:withContentsOfDirectory:keepParentDirectory:compressionLevel:password:AES:progressHandler:
CranePrefs,0x462d8,18,ASCII,enumeratorAtPath:
CranePrefs,0x462ea,11,ASCII,nextObject
CranePrefs,0x462f5,67,ASCII,writeSymlinkFileAtPath:withFileName:compressionLevel:password:AES:
CranePrefs,0x46338,15,ASCII,currentHandler
CranePrefs,0x46347,58,ASCII,handleFailureInMethod:object:file:lineNumber:description:
CranePrefs,0x46381,35,ASCII,zipInfo:setAttributesOfItemAtPath:
CranePrefs,0x463a4,43,ASCII,writeFileAtPath:withFileName:withPassword:
CranePrefs,0x463cf,17,ASCII,zipInfo:setDate:
CranePrefs,0x463e0,6,ASCII,bytes
CranePrefs,0x463e6,22,ASCII,dataWithBytes:length:
CranePrefs,0x463fc,75,ASCII,stringEncodingForData:encodingOptions:convertedString:usedLossyConversion:
CranePrefs,0x46447,16,ASCII,numberWithLong:
CranePrefs,0x46457,17,ASCII,unsignedIntValue
CranePrefs,0x46468,11,ASCII,_hexString
CranePrefs,0x46473,11,ASCII,shortValue
CranePrefs,0x4647e,18,ASCII,unsignedLongValue
CranePrefs,0x46490,11,ASCII,_gregorian
CranePrefs,0x4649b,21,ASCII,components:fromDate:
CranePrefs,0x464b0,7,ASCII,second
CranePrefs,0x464b7,7,ASCII,minute
CranePrefs,0x464c7,6,ASCII,month
CranePrefs,0x464d2,28,ASCII,initWithCalendarIdentifier:
CranePrefs,0x464ee,9,ASCII,setYear:
CranePrefs,0x464f7,10,ASCII,setMonth:
CranePrefs,0x46501,8,ASCII,setDay:
CranePrefs,0x46509,9,ASCII,setHour:
CranePrefs,0x46512,11,ASCII,setMinute:
CranePrefs,0x4651d,11,ASCII,setSecond:
CranePrefs,0x46528,20,ASCII,dateFromComponents:
CranePrefs,0x4653c,35,ASCII,payloadSizeForArchiveAtPath:error:
CranePrefs,0x4655f,31,ASCII,unzipFileAtPath:toDestination:
CranePrefs,0x4657e,56,ASCII,unzipFileAtPath:toDestination:overwrite:password:error:
CranePrefs,0x465b6,65,ASCII,unzipFileAtPath:toDestination:overwrite:password:error:delegate:
CranePrefs,0x465f7,65,ASCII,unzipFileAtPath:toDestination:progressHandler:completionHandler:
CranePrefs,0x46638,84,ASCII,unzipFileAtPath:toDestination:preserveAttributes:overwrite:password:error:delegate:
CranePrefs,0x4668c,38,ASCII,createZipFileAtPath:withFilesAtPaths:
CranePrefs,0x466b2,45,ASCII,createZipFileAtPath:withContentsOfDirectory:
CranePrefs,0x466df,65,ASCII,createZipFileAtPath:withContentsOfDirectory:keepParentDirectory:
CranePrefs,0x46720,64,ASCII,createZipFileAtPath:withFilesAtPaths:withPassword:keepSymlinks:
CranePrefs,0x46760,124,ASCII,createZipFileAtPath:withContentsOfDirectory:keepParentDirectory:compressionLevel:password:AES:progressHandler:keepSymlinks:
CranePrefs,0x467dc,17,ASCII,openForAppending
CranePrefs,0x467ed,33,ASCII,writeData:filename:withPassword:
CranePrefs,0x4680e,6,ASCII,_path
CranePrefs,0x46819,32,ASCII,base64EncodedStringWithOptions:
CranePrefs,0x46839,24,ASCII,raise:format:arguments:
CranePrefs,0x46851,50,ASCII,initWithBytesNoCopy:length:encoding:freeWhenDone:
CranePrefs,0x46883,15,ASCII,_base64RFC4648
CranePrefs,0x46892,16,ASCII,standardizedURL
CranePrefs,0x468a2,15,ASCII,absoluteString
CranePrefs,0x468b1,32,ASCII,stringByRemovingPercentEncoding
CranePrefs,0x468d1,35,ASCII,localizedStringForKey:value:table:
CranePrefs,0x468f4,36,ASCII,pathForResource:ofType:inDirectory:
CranePrefs,0x46918,30,ASCII,dictionaryWithContentsOfFile:
CranePrefs,0x46936,25,ASCII,canEvaluatePolicy:error:
CranePrefs,0x4694f,38,ASCII,evaluatePolicy:localizedReason:reply:
CranePrefs,0x46975,93,ASCII,crane_unregisterFromNotificationsIfNeededForContainerIdentifier:ofApplicationWithIdentifier:
CranePrefs,0x469d2,100,ASCII,crane_switchBadgesOfContainerWithIdentifier:andContainerWithIdentifier:ofApplicationWithIdentifier:
CranePrefs,0x46a36,71,ASCII,crane_resetBadgeOfContainerWithIdentifier:ofApplicationWithIdentifier:
CranePrefs,0x46a7d,37,ASCII,crane_presentLibSandyNotWorkingError
CranePrefs,0x46aa2,65,ASCII,crane_presentDaemonErrorWithBrokenDaemons:error:connectionWorks:
CranePrefs,0x46ae3,48,ASCII,crane_presentMainDylibNotLoadedErrorForAppName:
CranePrefs,0x46b13,44,ASCII,crane_presentApsdRegistrationErrorForAppId:
CranePrefs,0x46b3f,43,ASCII,crane_presentPkdRegistrationErrorForAppId:
CranePrefs,0x46b6a,16,ASCII,setWithObjects:
CranePrefs,0x46b7a,62,ASCII,crane_getIdentifier:ofType:forVendorName:andBundleIdentifier:
CranePrefs,0x46bb8,62,ASCII,crane_setIdentifier:ofType:forVendorName:andBundleIdentifier:
CranePrefs,0x46bf6,13,ASCII,integerValue
CranePrefs,0x46c03,29,ASCII,componentsSeparatedByString:
CranePrefs,0x46c20,15,ASCII,sharedInstance
CranePrefs,0x46c2f,27,ASCII,_clearActiveContainerCache
CranePrefs,0x46c4a,26,ASCII,_registerForClearMessages
CranePrefs,0x46c64,36,ASCII,_getActiveContainerFromCacheForPid:
CranePrefs,0x46c88,15,ASCII,resetLastError
CranePrefs,0x46c97,47,ASCII,fetchActiveContainerIDForProcessWithPid:reply:
CranePrefs,0x46cc6,17,ASCII,runSafeXPCBlock:
CranePrefs,0x46cd7,13,ASCII,getLastError
CranePrefs,0x46ce4,35,ASCII,_setActiveContainer:toCacheForPid:
CranePrefs,0x46d07,33,ASCII,activeContainerIdentifierForPid:
CranePrefs,0x46d28,14,ASCII,_daemonCenter
CranePrefs,0x46d36,22,ASCII,_activeContainerCache
CranePrefs,0x46d4c,27,ASCII,_activeContainerCacheQueue
CranePrefs,0x46d67,21,ASCII,shouldShowAppPlugIns
CranePrefs,0x46d7c,17,ASCII,shouldShowTweak:
CranePrefs,0x46d8d,16,ASCII,readPreferences
CranePrefs,0x46d9d,17,ASCII,writePreferences
CranePrefs,0x46dae,21,ASCII,sendPostNotification
CranePrefs,0x46dc3,10,ASCII,dylibName
CranePrefs,0x46dcd,23,ASCII,setProcessPreferences:
CranePrefs,0x46de4,19,ASCII,processPreferences
CranePrefs,0x46df7,21,ASCII,@rpath/libroot.dylib
CranePrefs,0x46e0c,24,ASCII,libroot_get_root_prefix
CranePrefs,0x46e24,26,ASCII,libroot_get_jbroot_prefix
CranePrefs,0x46e3e,22,ASCII,libroot_get_boot_uuid
CranePrefs,0x46e54,19,ASCII,libroot_jbrootpath
CranePrefs,0x46e67,19,ASCII,libroot_rootfspath
CranePrefs,0x46e7a,9,ASCII,/var/LIY
CranePrefs,0x46e83,8,ASCII,/var/jb
CranePrefs,0x46e8b,37,ASCII,00000000-0000-0000-0000-000000000000
CranePrefs,0x46eb0,12,ASCII,/var/mobile
CranePrefs,0x46ebc,22,ASCII,applicationIdentifier
CranePrefs,0x46ed2,31,ASCII,requireBiometricAuthentication
CranePrefs,0x46ef1,33,ASCII,SET_ACTIVE_CONTAINER_DESCRIPTION
CranePrefs,0x46f12,6,ASCII,v8@?0
CranePrefs,0x46f18,11,ASCII,loadingBar
CranePrefs,0x46f23,36,ASCII,"T@""UIProgressView"",&,N,V_loadingBar"
CranePrefs,0x46f47,11,ASCII,Containers
CranePrefs,0x46f52,11,ASCII,identifier
CranePrefs,0x46f5d,20,ASCII,containerIdentifier
CranePrefs,0x46f76,30,ASCII,"v32@?0@""NSDictionary""8Q16^B24"
CranePrefs,0x46f94,8,ASCII,enabled
CranePrefs,0x46f9c,40,ASCII,CRPContainerConfigurationListController
CranePrefs,0x46fc4,17,ASCII,ACTIVE_CONTAINER
CranePrefs,0x46fd5,16,ASCII,activeContainer
CranePrefs,0x46fe9,34,ASCII,containerIdentifersForApplication
CranePrefs,0x4700b,17,ASCII,valuesDataSource
CranePrefs,0x4701c,29,ASCII,containerNamesForApplication
CranePrefs,0x47039,17,ASCII,titlesDataSource
CranePrefs,0x4704a,25,ASCII,ALWAYS_ASK_ON_APP_LAUNCH
CranePrefs,0x47063,29,ASCII,alwaysAskBeforeLaunchEnabled
CranePrefs,0x47080,11,ASCII,CONTAINERS
CranePrefs,0x4708f,28,ASCII,notificationsSupportEnabled
CranePrefs,0x470ab,43,ASCII,SEPARATE_NOTIFICATION_REGISTRATIONS_FOOTER
CranePrefs,0x470d6,11,ASCII,footerText
CranePrefs,0x470e1,36,ASCII,SEPARATE_NOTIFICATION_REGISTRATIONS
CranePrefs,0x47105,8,ASCII,default
CranePrefs,0x4710d,41,ASCII,separateNotificationRegistrationsEnabled
CranePrefs,0x47136,32,ASCII,SEPARATE_SYSTEM_ACCOUNTS_FOOTER
CranePrefs,0x47156,25,ASCII,SEPARATE_SYSTEM_ACCOUNTS
CranePrefs,0x4716f,30,ASCII,separateSystemAccountsEnabled
CranePrefs,0x4718d,20,ASCII,GAME_CENTER_SUPPORT
CranePrefs,0x471a1,25,ASCII,gameCenterSupportEnabled
CranePrefs,0x471ba,28,ASCII,CONTAINER_PROTECTION_FOOTER
CranePrefs,0x471d6,21,ASCII,CONTAINER_PROTECTION
CranePrefs,0x471eb,27,ASCII,containerProtectionEnabled
CranePrefs,0x47206,31,ASCII,PREVENT_SANDBOX_LOOKUPS_FOOTER
CranePrefs,0x47225,24,ASCII,PREVENT_SANDBOX_LOOKUPS
CranePrefs,0x4723d,27,ASCII,spoofSandboxLookupsEnabled
CranePrefs,0x47258,14,ASCII,ADD_CONTAINER
CranePrefs,0x47267,22,ASCII,"v16@?0@""UITextField""8"
CranePrefs,0x47282,24,ASCII,"v16@?0@""UIAlertAction""8"
CranePrefs,0x4729a,7,ASCII,CANCEL
CranePrefs,0x472a1,8,ASCII,DEFAULT
CranePrefs,0x472a9,36,ASCII,CONTAINER_DELETE_CONFIRMATION_TITLE
CranePrefs,0x472cd,38,ASCII,CONTAINER_DELETE_CONFIRMATION_MESSAGE
CranePrefs,0x472f3,7,ASCII,DELETE
CranePrefs,0x472fa,29,ASCII,DELETE_CONTAINER_DESCRIPTION
CranePrefs,0x47317,25,ASCII,UNKNOWN_CONTAINERS_FOUND
CranePrefs,0x47330,33,ASCII,UNKNOWN_CONTAINERS_FOUND_MESSAGE
CranePrefs,0x47351,18,ASCII,DELETE_CONTAINERS
CranePrefs,0x47363,18,ASCII,IMPORT_CONTAINERS
CranePrefs,0x47375,9,ASCII,%@ (%li)
CranePrefs,0x4737e,17,ASCII,UNKOWN_CONTAINER
CranePrefs,0x4738f,16,ASCII,REMIND_ME_LATER
CranePrefs,0x4739f,45,ASCII,/var/mobile/Library/Preferences/Slices/%@/%@
CranePrefs,0x473cc,42,ASCII,/var/mobile/Library/Preferences/Slices/%@
CranePrefs,0x473fb,9,ASCII,%@ (%@)\n
CranePrefs,0x47404,7,ASCII,ACTIVE
CranePrefs,0x4740f,13,ASCII,SLICES_FOUND
CranePrefs,0x4741c,21,ASCII,SLICES_FOUND_MESSAGE
CranePrefs,0x47431,14,ASCII,DELETE_SLICES
CranePrefs,0x4743f,14,ASCII,IMPORT_SLICES
CranePrefs,0x4744d,23,ASCII,"v16@?0@""NSDictionary""8"
CranePrefs,0x47464,39,ASCII,"v40@?0q8@""NSString""16@""NSString""24^B32"
CranePrefs,0x4748b,7,ASCII,%zd %@
CranePrefs,0x47492,8,ASCII,%@ - %@
CranePrefs,0x4749f,10,ASCII,%llu/%llu
CranePrefs,0x474a9,8,ASCII,%@...%@
CranePrefs,0x474b5,18,ASCII,showsCancelButton
CranePrefs,0x474c7,25,ASCII,"TB,N,V_showsCancelButton"
CranePrefs,0x474e0,14,ASCII,cancelHandler
CranePrefs,0x474ee,24,ASCII,"T@?,C,N,V_cancelHandler"
CranePrefs,0x47506,19,ASCII,amountOfOperations
CranePrefs,0x47519,26,ASCII,"TQ,N,V_amountOfOperations"
CranePrefs,0x47533,22,ASCII,currentOperationIndex
CranePrefs,0x47549,29,ASCII,"TQ,N,V_currentOperationIndex"
CranePrefs,0x47566,7,ASCII,status
CranePrefs,0x4756d,26,ASCII,"T@""NSString"",&,N,V_status"
CranePrefs,0x47587,24,ASCII,totalSuboperationsCount
CranePrefs,0x4759f,31,ASCII,"TQ,N,V_totalSuboperationsCount"
CranePrefs,0x475be,25,ASCII,currentSuboperationIndex
CranePrefs,0x475d7,32,ASCII,"TQ,N,V_currentSuboperationIndex"
CranePrefs,0x475f7,14,ASCII,processedFile
CranePrefs,0x47605,30,ASCII,"T@""NSURL"",&,N,V_processedFile"
CranePrefs,0x47623,19,ASCII,processedContainer
CranePrefs,0x47636,48,ASCII,"T@""CRPBackupContainer"",&,N,V_processedContainer"
CranePrefs,0x47666,20,ASCII,processedIdentifier
CranePrefs,0x4767a,39,ASCII,"T@""NSString"",&,N,V_processedIdentifier"
CranePrefs,0x476a1,11,ASCII,pathToOpen
CranePrefs,0x476ac,8,ASCII,%@%@/./
CranePrefs,0x476b4,13,ASCII,filza://view
CranePrefs,0x476c1,12,ASCII,APPLICATION
CranePrefs,0x476cd,26,ASCII,"v32@?0@""NSString""8Q16^B24"
CranePrefs,0x476e7,7,ASCII,GROUPS
CranePrefs,0x476ee,8,ASCII,PLUGINS
CranePrefs,0x476f6,18,ASCII,DEFAULT_CONTAINER
CranePrefs,0x47708,23,ASCII,MAKE_DEFAULT_CONTAINER
CranePrefs,0x4771f,8,ASCII,UNNAMED
CranePrefs,0x47727,41,ASCII,useContainerIdentifierAsDeviceIdentifier
CranePrefs,0x47750,23,ASCII,customDeviceIdentifier
CranePrefs,0x47767,8,ASCII,WARNING
CranePrefs,0x4776f,33,ASCII,DEVICE_IDENTIFIER_CHANGE_WARNING
CranePrefs,0x47790,9,ASCII,CONTINUE
CranePrefs,0x47799,29,ASCII,DEVICE_IDENTIFIER_FOR_VENDOR
CranePrefs,0x477b6,30,ASCII,DEVICE_IDENTIFIER_DESCRIPTION
CranePrefs,0x477d4,6,ASCII,CLOSE
CranePrefs,0x477da,26,ASCII,deviceIdentifierSpecifier
CranePrefs,0x477f4,9,ASCII,v12@?0B8
CranePrefs,0x477fd,30,ASCII,SET_CUSTOM_IDENTIFIER_MESSAGE
CranePrefs,0x4781b,36,ASCII,SET_CUSTOM_IDENTIFIER_ERROR_MESSAGE
CranePrefs,0x4783f,22,ASCII,SET_CUSTOM_IDENTIFIER
CranePrefs,0x47855,11,ASCII,IDENTIFIER
CranePrefs,0x47866,17,ASCII,0123456789ABCDEF
CranePrefs,0x47877,11,ASCII,isCopyable
CranePrefs,0x47882,10,ASCII,cellClass
CranePrefs,0x4788c,25,ASCII,USE_CONTAINER_IDENTIFIER
CranePrefs,0x478a5,13,ASCII,GENERATE_NEW
CranePrefs,0x478b2,22,ASCII,generateNewIdentifier
CranePrefs,0x478c8,11,ASCII,SET_CUSTOM
CranePrefs,0x478d3,20,ASCII,setCustomIdentifier
CranePrefs,0x478e7,46,ASCII,/Library/PreferenceBundles/ChoicyPrefs.bundle
CranePrefs,0x47915,38,ASCII,CHPProcessConfigurationListController
CranePrefs,0x4793b,42,ASCII,CRPContainerChoicyOverwriteListController
CranePrefs,0x47965,18,ASCII,CHPListController
CranePrefs,0x47977,42,ASCII,CHPApplicationListSubcontrollerController
CranePrefs,0x479a1,19,ASCII,CHOICY_INTEGRATION
CranePrefs,0x479b4,31,ASCII,OVERWRITE_CHOICY_CONFIGURATION
CranePrefs,0x479d3,36,ASCII,choicyConfigurationOverwriteEnabled
CranePrefs,0x479f7,21,ASCII,CHOICY_CONFIGURATION
CranePrefs,0x47a0c,29,ASCII,choicyConfigurationOverwrite
CranePrefs,0x47a29,9,ASCII,v16@?0Q8
CranePrefs,0x47a32,6,ASCII,(...)
CranePrefs,0x47a38,7,ASCII,%@: %@
CranePrefs,0x47a3f,18,ASCII,SIZE_OF_CONTAINER
CranePrefs,0x47a51,38,ASCII,ACCESS_CONTAINER_SETTINGS_DESCRIPTION
CranePrefs,0x47a77,30,ASCII,DEFAULT_CONTAINER_DESCRIPTION
CranePrefs,0x47a95,15,ASCII,CONTAINER_NAME
CranePrefs,0x47aa4,21,ASCII,CONTAINER_IDENTIFIER
CranePrefs,0x47ab9,25,ASCII,PROTECT_USING_BIOMETRICS
CranePrefs,0x47ad2,14,ASCII,NOTIFICATIONS
CranePrefs,0x47ae0,21,ASCII,NOTIFICATIONS_FOOTER
CranePrefs,0x47af5,20,ASCII,ALLOW_NOTIFICATIONS
CranePrefs,0x47b09,21,ASCII,notificationsAllowed
CranePrefs,0x47b1e,32,ASCII,RESET_NOTIFICATION_REGISTRATION
CranePrefs,0x47b3e,27,ASCII,GAME_CENTER_SECTION_HEADER
CranePrefs,0x47b59,27,ASCII,GAME_CENTER_SECTION_FOOTER
CranePrefs,0x47b74,20,ASCII,GAME_CENTER_ACCOUNT
CranePrefs,0x47b88,28,ASCII,associatedGameCenterAccount
CranePrefs,0x47ba4,22,ASCII,PSListItemsController
CranePrefs,0x47bba,38,ASCII,availableGameCenterAccountIdentifiers
CranePrefs,0x47be0,32,ASCII,availableGameCenterAccountNames
CranePrefs,0x47c00,28,ASCII,MANAGE_GAME_CENTER_ACCOUNTS
CranePrefs,0x47c1c,20,ASCII,BACKUP_DATA_TO_FILE
CranePrefs,0x47c30,30,ASCII,RESTORE_DATA_FROM_BACKUP_FILE
CranePrefs,0x47c4e,9,ASCII,filza://
CranePrefs,0x47c57,12,ASCII,BROWSE_DATA
CranePrefs,0x47c63,12,ASCII,DELETE_DATA
CranePrefs,0x47c6f,15,ASCII,SYSTEM_DEFAULT
CranePrefs,0x47c7e,8,ASCII,SUCCESS
CranePrefs,0x47c86,24,ASCII,RESTORE_SUCCESS_MESSAGE
CranePrefs,0x47c9e,33,ASCII,"v20@?0B8@""CRPRestoreOperation""12"
CranePrefs,0x47cc9,11,ASCII,superclass
CranePrefs,0x47cd9,12,ASCII,description
CranePrefs,0x47ce5,17,ASCII,"T@""NSString"",R,C"
CranePrefs,0x47cf6,17,ASCII,debugDescription
CranePrefs,0x47d07,28,ASCII,Library/___Crane_Containers
CranePrefs,0x47d23,8,ASCII,Credits
CranePrefs,0x47d2b,21,ASCII,CREDITS_AND_LICENSES
CranePrefs,0x47d40,41,ASCII,https://github.com/ZipArchive/ZipArchive
CranePrefs,0x47d69,36,ASCII,https://github.com/nmoinvaz/minizip
CranePrefs,0x47d8d,10,ASCII,Trithuc16
CranePrefs,0x47d97,9,ASCII,nvbik584
CranePrefs,0x47da0,12,ASCII,Sn0wl3r0ker
CranePrefs,0x47dac,9,ASCII,nzar1988
CranePrefs,0x47db5,10,ASCII,BwntyHntr
CranePrefs,0x47dbf,9,ASCII,guezomri
CranePrefs,0x47dc8,9,ASCII,Torrekie
CranePrefs,0x47dd1,8,ASCII,ian_dxx
CranePrefs,0x47dd9,15,ASCII,Vitalik2187836
CranePrefs,0x47de8,11,ASCII,frknvkilic
CranePrefs,0x47df3,28,ASCII,https://github.com/rdaraujo
CranePrefs,0x47e0f,12,ASCII,RedenticDev
CranePrefs,0x47e1b,6,ASCII,CySxL
CranePrefs,0x47e21,15,ASCII,MiniZipLicense
CranePrefs,0x47e30,18,ASCII,ZipArchiveLicense
CranePrefs,0x47e42,26,ASCII,CRPNonBlueButtonTableCell
CranePrefs,0x47e5c,27,ASCII,GAME_CENTER_MANAGER_FOOTER
CranePrefs,0x47e77,21,ASCII,GAME_CENTER_ACCOUNTS
CranePrefs,0x47e8c,30,ASCII,GAME_CENTER_ADD_ACCOUNT_TITLE
CranePrefs,0x47eaa,32,ASCII,GAME_CENTER_ADD_ACCOUNT_MESSAGE
CranePrefs,0x47eca,33,ASCII,GAME_CENTER_RENAME_ACCOUNT_TITLE
CranePrefs,0x47eeb,7,ASCII,RENAME
CranePrefs,0x47ef2,46,ASCII,GAME_CENTER_ACCOUNT_DELETE_CONFIRMATION_TITLE
CranePrefs,0x47f20,48,ASCII,GAME_CENTER_ACCOUNT_DELETE_CONFIRMATION_MESSAGE
CranePrefs,0x47f50,21,ASCII,"v20@?0B8@""NSError""12"
CranePrefs,0x47f65,41,ASCII,com.opa334.craneprefs/MigrationSucceeded
CranePrefs,0x47f8e,20,ASCII,MIGRATION_SUCCEEDED
CranePrefs,0x47fa2,28,ASCII,MIGRATION_SUCCEEDED_MESSAGE
CranePrefs,0x47fbe,11,ASCII,twitter://
CranePrefs,0x47fc9,30,ASCII,twitter://user?screen_name=%@
CranePrefs,0x47fe7,23,ASCII,https://twitter.com/%@
CranePrefs,0x47ffe,10,ASCII,CONTAINER
CranePrefs,0x48008,7,ASCII,_table
CranePrefs,0x4800f,11,ASCII,SELECT_ALL
CranePrefs,0x4801a,36,ASCII,"v32@?0@""CRPBackupContainer""8Q16^B24"
CranePrefs,0x4803e,13,ASCII,DESELECT_ALL
CranePrefs,0x4804b,10,ASCII,container
CranePrefs,0x48055,52,ASCII,"q24@?0@""CRPBackupContainer""8@""CRPBackupContainer""16"
CranePrefs,0x48089,8,ASCII,presets
CranePrefs,0x48091,11,ASCII,NEW_PRESET
CranePrefs,0x4809c,17,ASCII,isExistingPreset
CranePrefs,0x480ad,27,ASCII,SAVE_SELECTION_INTO_PRESET
CranePrefs,0x480c8,11,ASCII,containers
CranePrefs,0x480d3,19,ASCII,NEW_PRESET_MESSAGE
CranePrefs,0x480e6,25,ASCII,selectedPresetIdentifier
CranePrefs,0x480ff,19,ASCII,"T@""NSString"",&,D,N"
CranePrefs,0x48112,7,ASCII,CREATE
CranePrefs,0x48119,32,ASCII,INCLUDE_KEYCHAIN_UNSAFE_WARNING
CranePrefs,0x48139,18,ASCII,ENABLE_ENCRYPTION
CranePrefs,0x4814b,7,ASCII,IGNORE
CranePrefs,0x48152,6,ASCII,ERROR
CranePrefs,0x48158,18,ASCII,NO_PASSWORD_ERROR
CranePrefs,0x4816a,32,ASCII,PREVIOUS_PASSWORD_WRONG_MESSAGE
CranePrefs,0x4818a,17,ASCII,CONFIRM_PASSWORD
CranePrefs,0x4819b,9,ASCII,PASSWORD
CranePrefs,0x481a4,20,ASCII,INCLUDED_CONTAINERS
CranePrefs,0x481b8,6,ASCII,en_US
CranePrefs,0x481be,20,ASCII,MM.dd.yyyy_hh-mm-ss
CranePrefs,0x481d2,14,ASCII,%@_%@.cranebk
CranePrefs,0x481e0,7,ASCII,%zd-%@
CranePrefs,0x481e7,11,ASCII,%@.cranebk
CranePrefs,0x481f2,20,ASCII,%@_%@_%@_%@.cranect
CranePrefs,0x48206,17,ASCII,%@_%@_%@.cranect
CranePrefs,0x48217,9,ASCII,FILENAME
CranePrefs,0x48220,8,ASCII,PRESETS
CranePrefs,0x48228,9,ASCII,Optional
CranePrefs,0x48231,11,ASCII,backupName
CranePrefs,0x4823c,22,ASCII,ENCRYPT_BACKUP_FOOTER
CranePrefs,0x48252,15,ASCII,ENCRYPT_BACKUP
CranePrefs,0x48261,21,ASCII,encryptBackupEnabled
CranePrefs,0x48276,15,ASCII,backupPassword
CranePrefs,0x48285,24,ASCII,INCLUDE_KEYCHAIN_FOOTER
CranePrefs,0x4829d,17,ASCII,INCLUDE_KEYCHAIN
CranePrefs,0x482ae,23,ASCII,includeKeychainEnabled
CranePrefs,0x482c5,11,ASCII,NEW_BACKUP
CranePrefs,0x482d0,9,ASCII,delegate
CranePrefs,0x482d9,41,ASCII,"T@""<CRPBackupUIDelegate>"",&,N,V_delegate"
CranePrefs,0x48302,19,ASCII,containersToBackup
CranePrefs,0x48315,35,ASCII,"T@""NSSet"",&,N,V_containersToBackup"
CranePrefs,0x48338,19,ASCII,fullBackupFilename
CranePrefs,0x4834b,38,ASCII,"T@""NSString"",R,N,V_fullBackupFilename"
CranePrefs,0x48371,30,ASCII,"T@""NSString"",R,N,V_backupName"
CranePrefs,0x4838f,14,ASCII,encryptBackup
CranePrefs,0x4839d,23,ASCII,"TB,R,N,V_encryptBackup"
CranePrefs,0x483b4,34,ASCII,"T@""NSString"",R,N,V_backupPassword"
CranePrefs,0x483d6,16,ASCII,includeKeychain
CranePrefs,0x483e6,25,ASCII,"TB,R,N,V_includeKeychain"
CranePrefs,0x483ff,64,ASCII,/var/mobile/Library/Preferences/com.opa334.craneliteprefs.plist
CranePrefs,0x4843f,20,ASCII,selectedApplication
CranePrefs,0x48453,12,ASCII,appSettings
CranePrefs,0x4845f,33,ASCII,com.opa334.craneliteprefs.newApp
CranePrefs,0x48480,18,ASCII,CONFIGURE_RESTORE
CranePrefs,0x48492,8,ASCII,RESTORE
CranePrefs,0x4849a,15,ASCII,INTO_CONTAINER
CranePrefs,0x484a9,41,ASCII,getAvailableContainerValuesForSpecifier:
CranePrefs,0x484d2,41,ASCII,getAvailableContainerTitlesForSpecifier:
CranePrefs,0x484fb,19,ASCII,NEW_CONTAINER_NAME
CranePrefs,0x4850e,14,ASCII,NEW_CONTAINER
CranePrefs,0x4851c,16,ASCII,completionBlock
CranePrefs,0x4852c,26,ASCII,"T@?,C,N,V_completionBlock"
CranePrefs,0x48546,26,ASCII,/var/mobile/Library/Crane
CranePrefs,0x48564,8,ASCII,cranect
CranePrefs,0x4856c,8,ASCII,cranebk
CranePrefs,0x48579,25,ASCII,REPLACE_WITH_SUGGESTIONS
CranePrefs,0x48592,29,ASCII,"v32@?0@""PSSpecifier""8Q16^B24"
CranePrefs,0x485af,18,ASCII,LITE_IMPORT_TITLE
CranePrefs,0x485c1,20,ASCII,LITE_IMPORT_MESSAGE
CranePrefs,0x485d5,38,ASCII,IMPORT_CRANE_LITE_CONTAINERS_TO_CRANE
CranePrefs,0x485fb,29,ASCII,DELETE_CRANE_LITE_CONTAINERS
CranePrefs,0x48618,17,ASCII,nestedEntryCount
CranePrefs,0x48629,20,ASCII,CREATE_MULTI_BACKUP
CranePrefs,0x4863d,30,ASCII,MULTI_RESTORE_SUCCESS_MESSAGE
CranePrefs,0x4865b,10,ASCII,opa334dev
CranePrefs,0x48665,10,ASCII,Substrate
CranePrefs,0x4866f,28,ASCII,/usr/lib/ChoicyLoader.dylib
CranePrefs,0x4868b,16,ASCII,   Choicy.dylib
CranePrefs,0x4869b,42,ASCII,/Library/MobileSubstrate/DynamicLibraries
CranePrefs,0x486c5,6,ASCII,dylib
CranePrefs,0x486cb,13,ASCII, Crane.dylib
CranePrefs,0x486d8,28,ASCII,/usr/lib/libactivator.dylib
CranePrefs,0x486f4,20,ASCII,com.apple.shortcuts
CranePrefs,0x48708,23,ASCII,choicyLoaderSuggestion
CranePrefs,0x4871f,30,ASCII,CHOICYLOADER_SUGGESTION_TITLE
CranePrefs,0x4873d,32,ASCII,CHOICYLOADER_SUGGESTION_MESSAGE
CranePrefs,0x4875d,10,ASCII,OPEN_REPO
CranePrefs,0x48767,25,ASCII,https://opa334.github.io
CranePrefs,0x48780,24,ASCII,activatorInfoSuggestion
CranePrefs,0x48798,32,ASCII,ACTIVATOR_INFO_SUGGESTION_TITLE
CranePrefs,0x487b8,34,ASCII,ACTIVATOR_INFO_SUGGESTION_MESSAGE
CranePrefs,0x487da,24,ASCII,shortcutsInfoSuggestion
CranePrefs,0x487f2,32,ASCII,SHORTCUTS_INFO_SUGGESTION_TITLE
CranePrefs,0x48812,34,ASCII,SHORTCUTS_INFO_SUGGESTION_MESSAGE
CranePrefs,0x48834,12,ASCII,SUGGESTIONS
CranePrefs,0x48840,17,ASCII,suggestionsGroup
CranePrefs,0x48851,35,ASCII,CRANEHELPERD_COMMUNICATION_WARNING
CranePrefs,0x48874,43,ASCII,SEROTONIN_ROOTHIDE_INCOMPATIBILITY_MESSAGE
CranePrefs,0x4889f,22,ASCII,com.apple.Preferences
CranePrefs,0x488b5,40,ASCII,com.opa334.cranehelperd.preferences.xpc
CranePrefs,0x488dd,32,ASCII,com.opa334.cranehelperd/Started
CranePrefs,0x488fd,18,ASCII,"v16@?0@""NSError""8"
CranePrefs,0x4890f,29,ASCII,received invalid argument(s)
CranePrefs,0x4892c,24,ASCII,failed to open zip file
CranePrefs,0x48944,42,ASCII,failed to open specified file in zip file
CranePrefs,0x4896e,24,ASCII,SSZipArchiveErrorDomain
CranePrefs,0x48986,33,ASCII,failed to retrieve info for file
CranePrefs,0x489a7,10,ASCII,__MACOSX/
CranePrefs,0x489b6,8,ASCII,modDate
CranePrefs,0x489be,25,ASCII,[SSZipArchive] Error: %@
CranePrefs,0x489da,45,ASCII,Failed to write file (check your free space)
CranePrefs,0x48a07,18,ASCII,[SSZipArchive] %@
CranePrefs,0x48a19,36,ASCII,"v32@?0@""NSString""8@""NSObject""16^B24"
CranePrefs,0x48a3d,14,ASCII,containerName
CranePrefs,0x48a4b,8,ASCII,(%@/%@)
CranePrefs,0x48a53,14,ASCII,applicationID
CranePrefs,0x48a61,33,ASCII,"T@""NSString"",&,N,V_applicationID"
CranePrefs,0x48a82,12,ASCII,containerID
CranePrefs,0x48a8e,31,ASCII,"T@""NSString"",&,N,V_containerID"
CranePrefs,0x48aad,9,ASCII,v16@?0@8
CranePrefs,0x48ab6,33,ASCII,"v24@?0@""CRPBackupContainer""8^B16"
CranePrefs,0x48ad7,35,ASCII,BACKUP_NOT_ENOUGH_FREE_SPACE_ERROR
CranePrefs,0x48afa,12,ASCII,backupError
CranePrefs,0x48b06,20,ASCII,"v24@?0@""NSURL""8^B16"
CranePrefs,0x48b1a,7,ASCII,%@/%@/
CranePrefs,0x48b21,26,ASCII,deviceIdentifierForVendor
CranePrefs,0x48b3b,14,ASCII,originalPaths
CranePrefs,0x48b49,20,ASCII,/virtual/Info.plist
CranePrefs,0x48b5d,11,ASCII,Info.plist
CranePrefs,0x48b68,16,ASCII,SEPItemsOmitted
CranePrefs,0x48b78,24,ASCII,/virtual/Keychain.plist
CranePrefs,0x48b90,15,ASCII,Keychain.plist
CranePrefs,0x48b9f,24,ASCII,/virtual/Metadata.plist
CranePrefs,0x48bb7,15,ASCII,Metadata.plist
CranePrefs,0x48bc6,20,ASCII,containedContainers
CranePrefs,0x48bda,10,ASCII,PREPARING
CranePrefs,0x48be4,11,ASCII,BACKING_UP
CranePrefs,0x48bef,16,ASCII,handlerDelegate
CranePrefs,0x48bff,35,ASCII,"T@""CRPBackupRestoreController"",&,N"
CranePrefs,0x48c22,17,ASCII,"T@""NSString"",&,N"
CranePrefs,0x48c38,14,ASCII,"T@""NSURL"",&,N"
CranePrefs,0x48c46,27,ASCII,"T@""CRPBackupContainer"",&,N"
CranePrefs,0x48c61,6,ASCII,error
CranePrefs,0x48c67,16,ASCII,"T@""NSError"",&,N"
CranePrefs,0x48c77,11,ASCII,targetPath
CranePrefs,0x48c82,30,ASCII,"T@""NSString"",&,N,V_targetPath"
CranePrefs,0x48ca0,14,ASCII,passwordToUse
CranePrefs,0x48cae,33,ASCII,"T@""NSString"",&,N,V_passwordToUse"
CranePrefs,0x48ccf,22,ASCII,shouldIncludeKeychain
CranePrefs,0x48ce5,29,ASCII,"TB,N,V_shouldIncludeKeychain"
CranePrefs,0x48d02,24,ASCII,sepKeychainItemsOmmited
CranePrefs,0x48d1a,31,ASCII,"TB,N,V_sepKeychainItemsOmmited"
CranePrefs,0x48d39,23,ASCII,isMultiContainerBackup
CranePrefs,0x48d50,30,ASCII,"TB,N,V_isMultiContainerBackup"
CranePrefs,0x48d6e,53,ASCII,"T@""CRPBackupRestoreController"",&,N,V_handlerDelegate"
CranePrefs,0x48da3,24,ASCII,"T@""NSError"",&,N,V_error"
CranePrefs,0x48dbb,24,ASCII,RESTORE_WARNING_MESSAGE
CranePrefs,0x48dd3,43,ASCII,NOT_A_MULTI_CONTAINER_BACKUP_ERROR_MESSAGE
CranePrefs,0x48dfe,27,ASCII,NOT_A_BACKUP_ERROR_MESSAGE
CranePrefs,0x48e19,16,ASCII,"v16@?0@""NSURL""8"
CranePrefs,0x48e29,12,ASCII,public.item
CranePrefs,0x48e35,13,ASCII,BACKUP_ERROR
CranePrefs,0x48e42,14,ASCII,RESTORE_ERROR
CranePrefs,0x48e50,34,ASCII,SEP_ITEMS_OMMITED_WARNING_MESSAGE
CranePrefs,0x48e72,11,ASCII,backupPath
CranePrefs,0x48e7d,27,ASCII,ENTER_PASSWORD_DESCRIPTION
CranePrefs,0x48e98,16,ASCII,%@\n\n%@ (%@: %@)
CranePrefs,0x48ea8,7,ASCII,%@\n\n%@
CranePrefs,0x48eaf,15,ASCII,ENTER_PASSWORD
CranePrefs,0x48ebe,19,ASCII,containersInBackup
CranePrefs,0x48ed1,18,ASCII,backupIdentifiers
CranePrefs,0x48ee6,19,ASCII,currentIdentifiers
CranePrefs,0x48ef9,26,ASCII,GROUP_ID_MISMATCH_WARNING
CranePrefs,0x48f13,36,ASCII,RESTORE_NOT_ENOUGH_FREE_SPACE_ERROR
CranePrefs,0x48f37,13,ASCII,restoreError
CranePrefs,0x48f44,24,ASCII,NO_APPS_INSTALLED_ERROR
CranePrefs,0x48f5c,22,ASCII,APP_ID_MISMATCH_ERROR
CranePrefs,0x48f72,60,ASCII,"v80@?0@""NSString""8{unz_file_info_s=SSSSIIIISSSSSIQ}16q64q72"
CranePrefs,0x48fae,34,ASCII,"v28@?0@""NSString""8B16@""NSError""20"
CranePrefs,0x48fd0,6,ASCII,%@/%@
CranePrefs,0x48fd6,18,ASCII,applicationGroups
CranePrefs,0x48fe8,13,ASCII,originalPath
CranePrefs,0x48ff5,15,ASCII,BACKUP_INVALID
CranePrefs,0x49004,36,ASCII,"v32@?0@""NSString""8@""NSString""16^B24"
CranePrefs,0x49028,14,ASCII,/private/var/
CranePrefs,0x49036,6,ASCII,/var/
CranePrefs,0x4903e,9,ASCII,/private
CranePrefs,0x49047,20,ASCII,Library/Preferences
CranePrefs,0x4905b,12,ASCII,UNARCHIVING
CranePrefs,0x49067,9,ASCII,CHECKING
CranePrefs,0x49070,56,ASCII,"v32@?0@""CRPBackupContainer""8@""CRPBackupContainer""16^B24"
CranePrefs,0x490a8,10,ASCII,RESTORING
CranePrefs,0x490b2,30,ASCII,"T@""NSString"",&,N,V_backupPath"
CranePrefs,0x490d0,17,ASCII,containedBackups
CranePrefs,0x490e1,33,ASCII,"T@""NSSet"",&,N,V_containedBackups"
CranePrefs,0x49102,17,ASCII,backupsToRestore
CranePrefs,0x49113,40,ASCII,"T@""NSDictionary"",&,N,V_backupsToRestore"
CranePrefs,0x4913b,23,ASCII,single_targetContainer
CranePrefs,0x49152,52,ASCII,"T@""CRPBackupContainer"",&,N,V_single_targetContainer"
CranePrefs,0x49186,35,ASCII,failed to open file in zip archive
CranePrefs,0x491a9,38,ASCII,failed to read contents of file entry
CranePrefs,0x491cf,38,ASCII,failed to open first file in zip file
CranePrefs,0x491f5,32,ASCII,failed to open file in zip file
CranePrefs,0x49219,75,ASCII,[SSZipArchive] Failed to set attributes - whilst setting modification date
CranePrefs,0x49264,69,ASCII,[SSZipArchive] Failed to set attributes - whilst setting permissions
CranePrefs,0x492a9,53,ASCII,[SSZipArchive] Failed to open file on unzipping.(%@)
CranePrefs,0x492de,48,ASCII,"Failed to delete existing symbolic link at ""%@"""
CranePrefs,0x4930e,74,ASCII,"Failed to create symbolic link at ""%@"" to ""%@"" - symlink() error code: %d"
CranePrefs,0x49358,56,ASCII,[SSZipArchive] Set attributes failed for directory: %@.
CranePrefs,0x49390,76,ASCII,[SSZipArchive] Error setting directory file modification date attribute: %@
CranePrefs,0x493dc,26,ASCII,crc check failed for file
CranePrefs,0x493f6,88,ASCII,"[SSZipArchive] the archive path and the file path: %@ are the same, which is forbidden."
CranePrefs,0x4944e,15,ASCII,SSZipArchive.m
CranePrefs,0x4945d,57,ASCII,Attempting to write to an archive which was never opened
CranePrefs,0x49496,37,ASCII,[SSZipArchive] Failed to read sylink
CranePrefs,0x494bb,52,ASCII,Attempting to open an archive which is already open
CranePrefs,0x494f1,69,ASCII,[SSZipArchive] Attempting to close an archive which was never opened
CranePrefs,0x4953a,33,ASCII,NSInternalInconsistencyException
CranePrefs,0x4955b,14,ASCII,failed malloc
CranePrefs,0x4956b,9,ASCII,file:///
CranePrefs,0x4957b,7,ASCII,.z%02d
CranePrefs,0x49582,7,ASCII,1.2.11
CranePrefs,0x4958b,7,ASCII,stored
CranePrefs,0x49592,8,ASCII,deflate
CranePrefs,0x4959a,6,ASCII,bzip2
CranePrefs,0x495ad,8,ASCII,%x_%llx
CranePrefs,0x495b5,9,ASCII,__cdcd__
CranePrefs,0x495c3,42,ASCII,/Library/Application Support/Crane.bundle
CranePrefs,0x495ed,12,ASCII,Localizable
CranePrefs,0x495f9,8,ASCII,strings
CranePrefs,0x49601,9,ASCII,en.lproj
CranePrefs,0x4960a,34,ASCII,%@/Library/___Crane_Containers/%@
CranePrefs,0x4962c,51,ASCII,UNUserNotificationServerProtocolPlusCraneAdditions
CranePrefs,0x4965f,33,ASCII,UNUserNotificationServerProtocol
CranePrefs,0x49680,35,ASCII,/usr/lib/substitute-inserter.dylib
CranePrefs,0x496a3,11,ASCII,Substitute
CranePrefs,0x496ae,27,ASCII,/usr/lib/TweakInject.dylib
CranePrefs,0x496c9,10,ASCII,libhooker
CranePrefs,0x496d3,43,ASCII,/usr/lib/substrate/SubstrateInserter.dylib
CranePrefs,0x496fe,16,ASCII,com.apple.token
CranePrefs,0x4970e,23,ASCII,com.apple.certificates
CranePrefs,0x49725,21,ASCII,com.apple.identities
CranePrefs,0x4973a,6,ASCII,apple
CranePrefs,0x49740,20,ASCII,com.apple.cfnetwork
CranePrefs,0x49754,32,ASCII,com.apple.ProtectedCloudStorage
CranePrefs,0x49774,16,ASCII,com.apple.passd
CranePrefs,0x49784,29,ASCII,com.apple.managed.vpn.shared
CranePrefs,0x497a1,47,ASCII,_LSDDeviceIdentifierProtocolPlusCraneAdditions
CranePrefs,0x497d0,29,ASCII,_LSDDeviceIdentifierProtocol
CranePrefs,0x497ed,55,ASCII,/Library/MobileSubstrate/DynamicLibraries/ Crane.plist
CranePrefs,0x49824,7,ASCII,Filter
CranePrefs,0x4982b,6,ASCII,Flags
CranePrefs,0x49831,16,ASCII,%@.c_r_a_n_e.%@
CranePrefs,0x49841,12,ASCII,.c_r_a_n_e.
CranePrefs,0x4984d,26,ASCII,activeContainerCacheQueue
CranePrefs,0x49867,26,ASCII,com.opa334.cranesb/Loaded
CranePrefs,0x49881,22,ASCII,"v20@?0@""NSString""8i16"
CranePrefs,0x49897,28,ASCII,com.apple.containermanagerd
CranePrefs,0x498b3,34,ASCII,"v16@?0@""NSObject<OS_xpc_object>""8"
CranePrefs,0x498d5,21,ASCII,crane_isProxyMessage
CranePrefs,0x498ea,15,ASCII,crane_checkPid
CranePrefs,0x498f9,18,ASCII,crane_containerID
CranePrefs,0x4990b,7,ASCII, Crane
CranePrefs,0x49912,28,ASCII,_availability_version_check
CranePrefs,0x4992e,17,ASCII,kCFAllocatorNull
CranePrefs,0x4993f,28,ASCII,CFDataCreateWithBytesNoCopy
CranePrefs,0x4995b,29,ASCII,CFPropertyListCreateWithData
CranePrefs,0x49978,32,ASCII,CFPropertyListCreateFromXMLData
CranePrefs,0x49998,32,ASCII,CFStringCreateWithCStringNoCopy
CranePrefs,0x499b8,21,ASCII,CFDictionaryGetValue
CranePrefs,0x499cd,12,ASCII,CFGetTypeID
CranePrefs,0x499d9,18,ASCII,CFStringGetTypeID
CranePrefs,0x499eb,19,ASCII,CFStringGetCString
CranePrefs,0x499fe,10,ASCII,CFRelease
CranePrefs,0x49a08,49,ASCII,/System/Library/CoreServices/SystemVersion.plist
CranePrefs,0x49a39,15,ASCII,ProductVersion
CranePrefs,0x49a48,9,ASCII,%d.%d.%d
CranePrefs,0x49a51,38,ASCII,CRPActiveContainerListItemsController
CranePrefs,0x49a77,33,ASCII,CRPAlertWithLoadingBarController
CranePrefs,0x49a9a,42,ASCII,CRPApplicationConfigurationListController
CranePrefs,0x49ac4,21,ASCII,CraneManagerObserver
CranePrefs,0x49adb,42,ASCII,CRPApplicationListSubcontrollerController
CranePrefs,0x49b05,40,ASCII,CRPBackupRestoreProgressAlertController
CranePrefs,0x49b32,33,ASCII,CRPBrowseContainerListController
CranePrefs,0x49b53,37,ASCII,CRPCellRefreshingListItemsController
CranePrefs,0x49b78,40,ASCII,CRPContainerConfigurationListController
CranePrefs,0x49ba0,40,ASCII,UIDocumentInteractionControllerDelegate
CranePrefs,0x49bc8,9,ASCII,NSObject
CranePrefs,0x49bd1,25,ASCII,UIDocumentPickerDelegate
CranePrefs,0x49bea,47,ASCII,CRPBackupRestorePresentationControllerDelegate
CranePrefs,0x49c1c,20,ASCII,CRPContainerManager
CranePrefs,0x49c30,21,ASCII,CRPCreditsController
CranePrefs,0x49c45,28,ASCII,CRPCreditsMiniZipController
CranePrefs,0x49c61,31,ASCII,CRPCreditsZipArchiveController
CranePrefs,0x49c80,24,ASCII,CRPDestructiveTableCell
CranePrefs,0x49c98,32,ASCII,CRPGameCenterAccountsController
CranePrefs,0x49cb8,17,ASCII,CRPInfoTableCell
CranePrefs,0x49ccc,19,ASCII,CRPKeychainManager
CranePrefs,0x49cdf,18,ASCII,CRPListController
CranePrefs,0x49cf1,37,ASCII,CRPMultiBackupContainerSelectionCell
CranePrefs,0x49d16,47,ASCII,CRPMultiBackupContainerSelectionListController
CranePrefs,0x49d45,24,ASCII,UISearchResultsUpdating
CranePrefs,0x49d5f,35,ASCII,CRPMultiBackupPresetListController
CranePrefs,0x49d82,27,ASCII,CRPNewBackupListController
CranePrefs,0x49da0,26,ASCII,CRPNonBlueButtonTableCell
CranePrefs,0x49dba,22,ASCII,CRPPreferenceMigrator
CranePrefs,0x49dd0,23,ASCII,CRPPresetSelectionCell
CranePrefs,0x49de7,35,ASCII,CRPRestoreContainerMatchController
CranePrefs,0x49e0d,33,ASCII,CRPRightAlignedEditableTableCell
CranePrefs,0x49e2e,22,ASCII,CRPRootListController
CranePrefs,0x49e46,30,ASCII,CRPRootPageSuggestionProvider
CranePrefs,0x49e64,6,ASCII,Crane
CranePrefs,0x49e6a,30,ASCII,CRHPreferencesServiceProtocol
CranePrefs,0x49e88,15,ASCII,CraneAdditions
CranePrefs,0x49e97,19,ASCII,CRPBackupContainer
CranePrefs,0x49eaa,19,ASCII,CRPBackupOperation
CranePrefs,0x49ebd,28,ASCII,CRPProgressTrackedOperation
CranePrefs,0x49edd,27,ASCII,CRPBackupRestoreController
CranePrefs,0x49ef8,20,ASCII,CRPBackupUIDelegate
CranePrefs,0x49f0f,20,ASCII,CRPRestoreOperation
CranePrefs,0x49f26,13,ASCII,SSZipArchive
CranePrefs,0x49f33,41,ASCII,UNUserNotificationProtocolCraneAdditions
CranePrefs,0x49f5c,43,ASCII,_LSDDeviceIdentifierProtocolCraneAdditions
CranePrefs,0x49f87,21,ASCII,ClientContainerCache
CranePrefs,0x49f9e,8,ASCII,@16@0:8
CranePrefs,0x49fa6,14,ASCII,v32@0:8@16@24
CranePrefs,0x49fb4,17,ASCII,@40@0:8@16@24q32
CranePrefs,0x49fc5,8,ASCII,v16@0:8
CranePrefs,0x49fcd,11,ASCII,v24@0:8@16
CranePrefs,0x49fd8,18,ASCII,"@""UIProgressView"""
CranePrefs,0x49fea,21,ASCII,"v24@0:8@""NSString""16"
CranePrefs,0x49fff,34,ASCII,"v32@0:8@""NSString""16@""NSString""24"
CranePrefs,0x4a021,11,ASCII,@24@0:8@16
CranePrefs,0x4a02c,14,ASCII,B32@0:8@16@24
CranePrefs,0x4a03a,14,ASCII,q32@0:8@16@24
CranePrefs,0x4a048,17,ASCII,@40@0:8@16@24@32
CranePrefs,0x4a059,17,ASCII,v40@0:8@16@24@32
CranePrefs,0x4a06a,17,ASCII,v40@0:8@16q24@32
CranePrefs,0x4a07b,11,ASCII,B24@0:8@16
CranePrefs,0x4a086,11,ASCII,v20@0:8B16
CranePrefs,0x4a091,23,ASCII,"@""NSMutableDictionary"""
CranePrefs,0x4a0a8,15,ASCII,"@""PSSpecifier"""
CranePrefs,0x4a0b7,8,ASCII,B16@0:8
CranePrefs,0x4a0bf,11,ASCII,v24@0:8Q16
CranePrefs,0x4a0ca,9,ASCII,@?16@0:8
CranePrefs,0x4a0d3,12,ASCII,v24@0:8@?16
CranePrefs,0x4a0df,8,ASCII,Q16@0:8
CranePrefs,0x4a0e7,12,ASCII,"@""NSString"""
CranePrefs,0x4a0fa,9,ASCII,"@""NSURL"""
CranePrefs,0x4a103,22,ASCII,"@""CRPBackupContainer"""
CranePrefs,0x4a119,14,ASCII,@32@0:8@16@24
CranePrefs,0x4a127,8,ASCII,#16@0:8
CranePrefs,0x4a12f,11,ASCII,@24@0:8:16
CranePrefs,0x4a13a,14,ASCII,@32@0:8:16@24
CranePrefs,0x4a148,17,ASCII,@40@0:8:16@24@32
CranePrefs,0x4a159,11,ASCII,B24@0:8#16
CranePrefs,0x4a164,11,ASCII,B24@0:8:16
CranePrefs,0x4a16f,9,ASCII,Vv16@0:8
CranePrefs,0x4a178,18,ASCII,^{_NSZone=}16@0:8
CranePrefs,0x4a18a,21,ASCII,"B24@0:8@""Protocol""16"
CranePrefs,0x4a19f,18,ASCII,"@""NSString""16@0:8"
CranePrefs,0x4a1b1,42,ASCII,{CGRect={CGPoint=dd}{CGSize=dd}}24@0:8@16
CranePrefs,0x4a1db,14,ASCII,B32@0:8@16:24
CranePrefs,0x4a1e9,62,ASCII,"@""UIViewController""24@0:8@""UIDocumentInteractionController""16"
CranePrefs,0x4a227,75,ASCII,"{CGRect={CGPoint=dd}{CGSize=dd}}24@0:8@""UIDocumentInteractionController""16"
CranePrefs,0x4a272,52,ASCII,"@""UIView""24@0:8@""UIDocumentInteractionController""16"
CranePrefs,0x4a2a6,44,ASCII,"v24@0:8@""UIDocumentInteractionController""16"
CranePrefs,0x4a2d2,57,ASCII,"v32@0:8@""UIDocumentInteractionController""16@""NSString""24"
CranePrefs,0x4a30b,47,ASCII,"B32@0:8@""UIDocumentInteractionController""16:24"
CranePrefs,0x4a33a,55,ASCII,"v32@0:8@""UIDocumentPickerViewController""16@""NSArray""24"
CranePrefs,0x4a371,43,ASCII,"v24@0:8@""UIDocumentPickerViewController""16"
CranePrefs,0x4a39c,53,ASCII,"v32@0:8@""UIDocumentPickerViewController""16@""NSURL""24"
CranePrefs,0x4a3d1,26,ASCII,"@""UITapGestureRecognizer"""
CranePrefs,0x4a3eb,30,ASCII,"@""CRPBackupRestoreController"""
CranePrefs,0x4a409,35,ASCII,"@""UIDocumentInteractionController"""
CranePrefs,0x4a42c,18,ASCII,"@""NSMutableArray"""
CranePrefs,0x4a43e,31,ASCII,"v24@0:8@""UISearchController""16"
CranePrefs,0x4a45d,56,ASCII,"v32@0:8@""UISearchController""16@""<UISearchSuggestion>""24"
CranePrefs,0x4a495,11,ASCII,"@""NSArray"""
CranePrefs,0x4a4a0,16,ASCII,"@""NSMutableSet"""
CranePrefs,0x4a4b0,22,ASCII,"@""UISearchController"""
CranePrefs,0x4a4c6,15,ASCII,v28@0:8@?16B24
CranePrefs,0x4a4d5,10,ASCII,"@""NSDate"""
CranePrefs,0x4a4df,24,ASCII,"@""PSTextFieldSpecifier"""
CranePrefs,0x4a4f7,25,ASCII,"@""<CRPBackupUIDelegate>"""
CranePrefs,0x4a510,9,ASCII,"@""NSSet"""
CranePrefs,0x4a519,14,ASCII,v28@0:8@16B24
CranePrefs,0x4a527,16,ASCII,"@""NSDictionary"""
CranePrefs,0x4a537,17,ASCII,@40@0:8q16@24@32
CranePrefs,0x4a548,34,ASCII,"@""UIDocumentPickerViewController"""
CranePrefs,0x4a56a,18,ASCII,v40@0:8@16@24@?32
CranePrefs,0x4a57c,58,ASCII,"v40@0:8@""NSString""16@""NSString""24@?<v@?@""NSDictionary"">32"
CranePrefs,0x4a5b6,51,ASCII,"v40@0:8@""NSString""16@""NSString""24@""NSDictionary""32"
CranePrefs,0x4a5e9,38,ASCII,"v32@0:8@""NSString""16@""NSDictionary""24"
CranePrefs,0x4a60f,27,ASCII,B60@0:8@16@24@32B40@44^@52
CranePrefs,0x4a62a,21,ASCII,@24@0:8^{_NSZone=}16
CranePrefs,0x4a63f,36,ASCII,"@""CRPBackupRestoreController""16@0:8"
CranePrefs,0x4a663,39,ASCII,"v24@0:8@""CRPBackupRestoreController""16"
CranePrefs,0x4a68a,15,ASCII,"@""NSURL""16@0:8"
CranePrefs,0x4a699,18,ASCII,"v24@0:8@""NSURL""16"
CranePrefs,0x4a6ab,28,ASCII,"@""CRPBackupContainer""16@0:8"
CranePrefs,0x4a6c7,31,ASCII,"v24@0:8@""CRPBackupContainer""16"
CranePrefs,0x4a6e6,17,ASCII,"@""NSError""16@0:8"
CranePrefs,0x4a6f7,20,ASCII,"v24@0:8@""NSError""16"
CranePrefs,0x4a70b,14,ASCII,@32@0:8Q16@24
CranePrefs,0x4a719,11,ASCII,@24@0:8Q16
CranePrefs,0x4a724,20,ASCII,v48@0:8@16@24@32@40
CranePrefs,0x4a738,16,ASCII,"@""SSZipArchive"""
CranePrefs,0x4a748,11,ASCII,"@""NSError"""
CranePrefs,0x4a753,39,ASCII,"v24@0:8@""CRPNewBackupListController""16"
CranePrefs,0x4a77a,15,ASCII,v32@0:8@16@?24
CranePrefs,0x4a789,21,ASCII,v48@0:8@16@24@32^v40
CranePrefs,0x4a79e,21,ASCII,v48@0:8@16Q24@32@?40
CranePrefs,0x4a7b3,68,ASCII,"@""UIViewController<CRPBackupRestorePresentationControllerDelegate>"""
CranePrefs,0x4a7f7,43,ASCII,"@""CRPBackupRestoreProgressAlertController"""
CranePrefs,0x4a822,26,ASCII,"@""UINavigationController"""
CranePrefs,0x4a83c,20,ASCII,"@""NSOperationQueue"""
CranePrefs,0x4a850,18,ASCII,B40@0:8@16@24^@32
CranePrefs,0x4a862,15,ASCII,@32@0:8@16^@24
CranePrefs,0x4a871,24,ASCII,B52@0:8@16@24B32@36^@44
CranePrefs,0x4a889,17,ASCII,B40@0:8@16@24@32
CranePrefs,0x4a89a,27,ASCII,B60@0:8@16@24B32@36^@44@52
CranePrefs,0x4a8b5,28,ASCII,B60@0:8@16@24B32@36@?44@?52
CranePrefs,0x4a8d1,22,ASCII,B48@0:8@16@24@?32@?40
CranePrefs,0x4a8e7,30,ASCII,B64@0:8@16@24B32B36@40^@48@56
CranePrefs,0x4a905,38,ASCII,B80@0:8@16@24B32B36@40^@48@56@?64@?72
CranePrefs,0x4a92b,41,ASCII,B88@0:8@16@24B32B36q40@48^@56@64@?72@?80
CranePrefs,0x4a954,17,ASCII,B36@0:8@16@24B32
CranePrefs,0x4a965,21,ASCII,B48@0:8@16@24@32@?40
CranePrefs,0x4a97a,20,ASCII,B44@0:8@16@24B32@36
CranePrefs,0x4a98e,24,ASCII,B52@0:8@16@24B32@36@?44
CranePrefs,0x4a9a6,30,ASCII,B60@0:8@16@24B32i36@40B48@?52
CranePrefs,0x4a9c4,20,ASCII,B44@0:8@16@24@32B40
CranePrefs,0x4a9d8,33,ASCII,B64@0:8@16@24B32i36@40B48@?52B60
CranePrefs,0x4a9f9,21,ASCII,@36@0:8r*16S24S28S32
CranePrefs,0x4aa0e,37,ASCII,v32@0:8^{?=I{tm=iiiiiiiiiq*}SI}16@24
CranePrefs,0x4aa33,11,ASCII,@20@0:8I16
CranePrefs,0x4aa3e,23,ASCII,B48@0:8@16@24i32@36B44
CranePrefs,0x4aa58,17,ASCII,v36@0:8@16@24B32
CranePrefs,0x4aa69,47,ASCII,"v40@0:8@""NSString""16@""NSString""24@""NSString""32"
CranePrefs,0x4aa98,35,ASCII,"v36@0:8@""NSArray""16@""NSError""24B32"
CranePrefs,0x4aabb,21,ASCII,v48@0:8@?16q24@32@40
CranePrefs,0x4aad0,20,ASCII,v48@0:8@16q24@32@40
CranePrefs,0x4aae4,56,ASCII,"v48@0:8@?<v@?@""NSArray"">16q24@""NSString""32@""NSString""40"
CranePrefs,0x4ab1c,50,ASCII,"v48@0:8@""NSString""16q24@""NSString""32@""NSString""40"
CranePrefs,0x4ab4e,11,ASCII,@20@0:8i16
CranePrefs,0x4ab59,14,ASCII,v28@0:8@16i24
CranePrefs,0x4ab67,32,ASCII,"@""CPDistributedMessagingCenter"""
CranePrefs,0x4ab87,31,ASCII,"@""NSObject<OS_dispatch_queue>"""
CraneApplication,0x100000028,16,ASCII,__PAGEZERO
CraneApplication,0x100000070,16,ASCII,__TEXT
CraneApplication,0x1000000b0,16,ASCII,__text
CraneApplication,0x1000000c0,16,ASCII,__TEXT
CraneApplication,0x100000100,16,ASCII,__stubs
CraneApplication,0x100000110,16,ASCII,__TEXT
CraneApplication,0x100000150,16,ASCII,__objc_stubs
CraneApplication,0x100000160,16,ASCII,__TEXT
CraneApplication,0x1000001a0,16,ASCII,__objc_methlist
CraneApplication,0x1000001b0,16,ASCII,__TEXT
CraneApplication,0x1000001f0,16,ASCII,__objc_methname
CraneApplication,0x100000200,16,ASCII,__TEXT
CraneApplication,0x100000240,16,ASCII,__objc_classname
CraneApplication,0x100000250,16,ASCII,__TEXT
CraneApplication,0x100000290,16,ASCII,__objc_methtype
CraneApplication,0x1000002a0,16,ASCII,__TEXT
CraneApplication,0x1000002e0,16,ASCII,__cstring
CraneApplication,0x1000002f0,16,ASCII,__TEXT
CraneApplication,0x100000330,16,ASCII,__unwind_info
CraneApplication,0x100000340,16,ASCII,__TEXT
CraneApplication,0x100000388,16,ASCII,__DATA_CONST
CraneApplication,0x1000003c8,16,ASCII,__got
CraneApplication,0x1000003d8,16,ASCII,__DATA_CONST
CraneApplication,0x100000418,16,ASCII,__cfstring
CraneApplication,0x100000428,16,ASCII,__DATA_CONST
CraneApplication,0x100000468,16,ASCII,__objc_classlist
CraneApplication,0x100000478,16,ASCII,__DATA_CONST
CraneApplication,0x1000004b8,16,ASCII,__objc_protolist
CraneApplication,0x1000004c8,16,ASCII,__DATA_CONST
CraneApplication,0x100000508,16,ASCII,__objc_imageinfo
CraneApplication,0x100000518,16,ASCII,__DATA_CONST
CraneApplication,0x100000560,16,ASCII,__DATA
CraneApplication,0x1000005a0,16,ASCII,__objc_const
CraneApplication,0x1000005b0,16,ASCII,__DATA
CraneApplication,0x1000005f0,16,ASCII,__objc_selrefs
CraneApplication,0x100000600,16,ASCII,__DATA
CraneApplication,0x100000640,16,ASCII,__objc_classrefs
CraneApplication,0x100000650,16,ASCII,__DATA
CraneApplication,0x100000690,16,ASCII,__objc_superrefs
CraneApplication,0x1000006a0,16,ASCII,__DATA
CraneApplication,0x1000006e0,16,ASCII,__objc_ivar
CraneApplication,0x1000006f0,16,ASCII,__DATA
CraneApplication,0x100000730,16,ASCII,__objc_data
CraneApplication,0x100000740,16,ASCII,__DATA
CraneApplication,0x100000780,16,ASCII,__data
CraneApplication,0x100000790,16,ASCII,__DATA
CraneApplication,0x1000007d8,16,ASCII,__LINKEDIT
CraneApplication,0x1000008ac,14,ASCII,/usr/lib/dyld
CraneApplication,0x100000950,59,ASCII,/System/Library/Frameworks/Foundation.framework/Foundation
CraneApplication,0x1000009a8,25,ASCII,/usr/lib/libobjc.A.dylib
CraneApplication,0x1000009e0,27,ASCII,/usr/lib/libSystem.B.dylib
CraneApplication,0x100000a18,67,ASCII,/System/Library/Frameworks/CoreFoundation.framework/CoreFoundation
CraneApplication,0x100000a78,53,ASCII,/System/Library/Frameworks/Intents.framework/Intents
CraneApplication,0x100000ac8,49,ASCII,/System/Library/Frameworks/UIKit.framework/UIKit
CraneApplication,0x100000b0c,16,ASCII,/var/jb/usr/lib
CraneApplication,0x100000b2c,29,ASCII,@loader_path/.jbroot/usr/lib
CraneApplication,0x100000b5c,28,ASCII,@executable_path/Frameworks
CraneApplication,0x10000497c,8,ASCII,_window
CraneApplication,0x100004989,32,ASCII,applicationWillEnterForeground:
CraneApplication,0x1000049a9,20,ASCII,"T@""Container"",C,D,N"
CraneApplication,0x1000049bd,8,ASCII,release
CraneApplication,0x1000049c5,19,ASCII,"T@""NSString"",C,D,N"
CraneApplication,0x1000049d8,14,ASCII,.cxx_destruct
CraneApplication,0x1000049ea,22,ASCII,"T@""Application"",C,D,N"
CraneApplication,0x100004a00,8,ASCII,isProxy
CraneApplication,0x100004a08,19,ASCII,"T@""NSString"",?,R,C"
CraneApplication,0x100004a1b,32,ASCII,successWithResolvedApplication:
CraneApplication,0x100004a3b,17,ASCII,"T@""NSString"",R,C"
CraneApplication,0x100004a4c,26,ASCII,"T@""UIWindow"",&,N,V_window"
CraneApplication,0x100004a66,19,ASCII,"T@""UIWindow"",?,&,N"
CraneApplication,0x100004a7e,12,ASCII,"Tq,N,V_code"
CraneApplication,0x100004a8a,6,ASCII,_code
CraneApplication,0x100004a90,60,ASCII,application:configurationForConnectingSceneSession:options:
CraneApplication,0x100004acc,53,ASCII,application:continueUserActivity:restorationHandler:
CraneApplication,0x100004b01,37,ASCII,application:didChangeStatusBarFrame:
CraneApplication,0x100004b26,43,ASCII,application:didChangeStatusBarOrientation:
CraneApplication,0x100004b51,47,ASCII,application:didDecodeRestorableStateWithCoder:
CraneApplication,0x100004b80,37,ASCII,application:didDiscardSceneSessions:
CraneApplication,0x100004ba5,57,ASCII,application:didFailToContinueUserActivityWithType:error:
CraneApplication,0x100004bde,62,ASCII,application:didFailToRegisterForRemoteNotificationsWithError:
CraneApplication,0x100004c1c,43,ASCII,application:didFinishLaunchingWithOptions:
CraneApplication,0x100004c47,41,ASCII,application:didReceiveLocalNotification:
CraneApplication,0x100004c70,42,ASCII,application:didReceiveRemoteNotification:
CraneApplication,0x100004c9a,65,ASCII,application:didReceiveRemoteNotification:fetchCompletionHandler:
CraneApplication,0x100004cdb,62,ASCII,application:didRegisterForRemoteNotificationsWithDeviceToken:
CraneApplication,0x100004d19,49,ASCII,application:didRegisterUserNotificationSettings:
CraneApplication,0x100004d4a,35,ASCII,application:didUpdateUserActivity:
CraneApplication,0x100004d6d,79,ASCII,application:handleActionWithIdentifier:forLocalNotification:completionHandler:
CraneApplication,0x100004dbc,96,ASCII,application:handleActionWithIdentifier:forLocalNotification:withResponseInfo:completionHandler:
CraneApplication,0x100004e1c,80,ASCII,application:handleActionWithIdentifier:forRemoteNotification:completionHandler:
CraneApplication,0x100004e6c,97,ASCII,application:handleActionWithIdentifier:forRemoteNotification:withResponseInfo:completionHandler:
CraneApplication,0x100004ecd,67,ASCII,application:handleEventsForBackgroundURLSession:completionHandler:
CraneApplication,0x100004f10,44,ASCII,application:handleIntent:completionHandler:
CraneApplication,0x100004f3c,27,ASCII,application:handleOpenURL:
CraneApplication,0x100004f57,50,ASCII,application:handleWatchKitExtensionRequest:reply:
CraneApplication,0x100004f89,30,ASCII,application:handlerForIntent:
CraneApplication,0x100004fa7,29,ASCII,application:openURL:options:
CraneApplication,0x100004fc4,50,ASCII,application:openURL:sourceApplication:annotation:
CraneApplication,0x100004ff6,60,ASCII,application:performActionForShortcutItem:completionHandler:
CraneApplication,0x100005032,47,ASCII,application:performFetchWithCompletionHandler:
CraneApplication,0x100005061,49,ASCII,application:shouldAllowExtensionPointIdentifier:
CraneApplication,0x100005092,43,ASCII,application:shouldRestoreApplicationState:
CraneApplication,0x1000050bd,49,ASCII,application:shouldRestoreSecureApplicationState:
CraneApplication,0x1000050ee,40,ASCII,application:shouldSaveApplicationState:
CraneApplication,0x100005116,46,ASCII,application:shouldSaveSecureApplicationState:
CraneApplication,0x100005144,53,ASCII,application:supportedInterfaceOrientationsForWindow:
CraneApplication,0x100005179,52,ASCII,application:userDidAcceptCloudKitShareWithMetadata:
CraneApplication,0x1000051ad,63,ASCII,application:viewControllerWithRestorationIdentifierPath:coder:
CraneApplication,0x1000051ec,38,ASCII,application:willChangeStatusBarFrame:
CraneApplication,0x100005212,53,ASCII,application:willChangeStatusBarOrientation:duration:
CraneApplication,0x100005247,46,ASCII,application:willContinueUserActivityWithType:
CraneApplication,0x100005275,48,ASCII,application:willEncodeRestorableStateWithCoder:
CraneApplication,0x1000052a5,44,ASCII,application:willFinishLaunchingWithOptions:
CraneApplication,0x1000052d1,28,ASCII,applicationDidBecomeActive:
CraneApplication,0x1000052ed,31,ASCII,applicationDidEnterBackground:
CraneApplication,0x10000530c,31,ASCII,applicationDidFinishLaunching:
CraneApplication,0x10000532b,36,ASCII,applicationDidReceiveMemoryWarning:
CraneApplication,0x10000534f,44,ASCII,applicationProtectedDataDidBecomeAvailable:
CraneApplication,0x10000537b,47,ASCII,applicationProtectedDataWillBecomeUnavailable:
CraneApplication,0x1000053aa,51,ASCII,applicationShouldAutomaticallyLocalizeKeyCommands:
CraneApplication,0x1000053dd,45,ASCII,applicationShouldRequestHealthAuthorization:
CraneApplication,0x10000540a,34,ASCII,applicationSignificantTimeChange:
CraneApplication,0x10000542c,29,ASCII,applicationWillResignActive:
CraneApplication,0x100005449,26,ASCII,applicationWillTerminate:
CraneApplication,0x100005463,12,ASCII,autorelease
CraneApplication,0x10000546f,6,ASCII,class
CraneApplication,0x10000547a,46,ASCII,confirmationRequiredWithApplicationToConfirm:
CraneApplication,0x1000054a8,44,ASCII,confirmationRequiredWithContainerToConfirm:
CraneApplication,0x1000054d4,41,ASCII,confirmationRequiredWithObjectToConfirm:
CraneApplication,0x1000054fd,20,ASCII,conformsToProtocol:
CraneApplication,0x100005511,10,ASCII,container
CraneApplication,0x10000551b,14,ASCII,containername
CraneApplication,0x100005529,17,ASCII,debugDescription
CraneApplication,0x10000553a,12,ASCII,description
CraneApplication,0x100005546,46,ASCII,disambiguationWithApplicationsToDisambiguate:
CraneApplication,0x100005574,44,ASCII,disambiguationWithContainersToDisambiguate:
CraneApplication,0x1000055a0,41,ASCII,disambiguationWithObjectsToDisambiguate:
CraneApplication,0x1000055d3,27,ASCII,initWithCode:userActivity:
CraneApplication,0x1000055ee,26,ASCII,initWithName:sessionRole:
CraneApplication,0x100005608,9,ASCII,isEqual:
CraneApplication,0x100005611,15,ASCII,isKindOfClass:
CraneApplication,0x100005620,17,ASCII,isMemberOfClass:
CraneApplication,0x100005631,13,ASCII,newcontainer
CraneApplication,0x10000563e,17,ASCII,performSelector:
CraneApplication,0x10000564f,28,ASCII,performSelector:withObject:
CraneApplication,0x10000566b,39,ASCII,performSelector:withObject:withObject:
CraneApplication,0x100005692,20,ASCII,respondsToSelector:
CraneApplication,0x1000056a6,7,ASCII,retain
CraneApplication,0x1000056ad,12,ASCII,retainCount
CraneApplication,0x1000056be,28,ASCII,scene:continueUserActivity:
CraneApplication,0x1000056da,51,ASCII,scene:didFailToContinueUserActivityWithType:error:
CraneApplication,0x10000570d,29,ASCII,scene:didUpdateUserActivity:
CraneApplication,0x10000572a,23,ASCII,scene:openURLContexts:
CraneApplication,0x100005741,47,ASCII,scene:restoreInteractionStateWithUserActivity:
CraneApplication,0x100005770,36,ASCII,scene:willConnectToSession:options:
CraneApplication,0x100005794,40,ASCII,scene:willContinueUserActivityWithType:
CraneApplication,0x1000057bc,22,ASCII,sceneDidBecomeActive:
CraneApplication,0x1000057d2,20,ASCII,sceneDidDisconnect:
CraneApplication,0x1000057e6,25,ASCII,sceneDidEnterBackground:
CraneApplication,0x1000057ff,26,ASCII,sceneWillEnterForeground:
CraneApplication,0x100005819,23,ASCII,sceneWillResignActive:
CraneApplication,0x100005835,9,ASCII,setCode:
CraneApplication,0x10000583e,17,ASCII,setUserActivity:
CraneApplication,0x10000584f,11,ASCII,setWindow:
CraneApplication,0x10000585a,34,ASCII,stateRestorationActivityForScene:
CraneApplication,0x10000587c,30,ASCII,successWithResolvedContainer:
CraneApplication,0x10000589a,27,ASCII,successWithResolvedObject:
CraneApplication,0x1000058b5,11,ASCII,superclass
CraneApplication,0x1000058c0,21,ASCII,supportsSecureCoding
CraneApplication,0x1000058d5,12,ASCII,viewDidLoad
CraneApplication,0x1000058e1,7,ASCII,window
CraneApplication,0x1000058e8,75,ASCII,windowScene:didUpdateCoordinateSpace:interfaceOrientation:traitCollection:
CraneApplication,0x100005933,60,ASCII,windowScene:performActionForShortcutItem:completionHandler:
CraneApplication,0x10000596f,52,ASCII,windowScene:userDidAcceptCloudKitShareWithMetadata:
CraneApplication,0x1000059a8,15,ASCII,ViewController
CraneApplication,0x1000059b7,12,ASCII,AppDelegate
CraneApplication,0x1000059c3,22,ASCII,UIApplicationDelegate
CraneApplication,0x1000059d9,9,ASCII,NSObject
CraneApplication,0x1000059e2,14,ASCII,SceneDelegate
CraneApplication,0x1000059f0,22,ASCII,UIWindowSceneDelegate
CraneApplication,0x100005a06,16,ASCII,UISceneDelegate
CraneApplication,0x100005a18,30,ASCII,SetActiveCraneContainerIntent
CraneApplication,0x100005a36,38,ASCII,SetActiveCraneContainerIntentResponse
CraneApplication,0x100005a5c,25,ASCII,NextCraneContainerIntent
CraneApplication,0x100005a75,33,ASCII,NextCraneContainerIntentResponse
CraneApplication,0x100005a96,25,ASCII,WipeCraneContainerIntent
CraneApplication,0x100005aaf,33,ASCII,WipeCraneContainerIntentResponse
CraneApplication,0x100005ad0,27,ASCII,CreateCraneContainerIntent
CraneApplication,0x100005aeb,35,ASCII,CreateCraneContainerIntentResponse
CraneApplication,0x100005b0e,31,ASCII,SetDefaultCraneContainerIntent
CraneApplication,0x100005b2d,39,ASCII,SetDefaultCraneContainerIntentResponse
CraneApplication,0x100005b54,12,ASCII,Application
CraneApplication,0x100005b60,28,ASCII,ApplicationResolutionResult
CraneApplication,0x100005b7c,10,ASCII,Container
CraneApplication,0x100005b86,26,ASCII,ContainerResolutionResult
CraneApplication,0x100005ba0,8,ASCII,v16@0:8
CraneApplication,0x100005ba8,11,ASCII,B24@0:8@16
CraneApplication,0x100005bb3,8,ASCII,#16@0:8
CraneApplication,0x100005bbb,8,ASCII,@16@0:8
CraneApplication,0x100005bc3,11,ASCII,@24@0:8:16
CraneApplication,0x100005bce,14,ASCII,@32@0:8:16@24
CraneApplication,0x100005bdc,17,ASCII,@40@0:8:16@24@32
CraneApplication,0x100005bed,8,ASCII,B16@0:8
CraneApplication,0x100005bf5,11,ASCII,B24@0:8#16
CraneApplication,0x100005c00,11,ASCII,B24@0:8:16
CraneApplication,0x100005c0b,9,ASCII,Vv16@0:8
CraneApplication,0x100005c14,8,ASCII,Q16@0:8
CraneApplication,0x100005c1c,18,ASCII,^{_NSZone=}16@0:8
CraneApplication,0x100005c2e,21,ASCII,"B24@0:8@""Protocol""16"
CraneApplication,0x100005c43,18,ASCII,"@""NSString""16@0:8"
CraneApplication,0x100005c55,11,ASCII,v24@0:8@16
CraneApplication,0x100005c60,14,ASCII,B32@0:8@16@24
CraneApplication,0x100005c6e,20,ASCII,B48@0:8@16@24@32@40
CraneApplication,0x100005c82,17,ASCII,B40@0:8@16@24@32
CraneApplication,0x100005c93,17,ASCII,v40@0:8@16q24d32
CraneApplication,0x100005ca4,14,ASCII,v32@0:8@16q24
CraneApplication,0x100005cb2,45,ASCII,v56@0:8@16{CGRect={CGPoint=dd}{CGSize=dd}}24
CraneApplication,0x100005cdf,14,ASCII,v32@0:8@16@24
CraneApplication,0x100005ced,21,ASCII,v48@0:8@16@24@32@?40
CraneApplication,0x100005d02,24,ASCII,v56@0:8@16@24@32@40@?48
CraneApplication,0x100005d1a,18,ASCII,v40@0:8@16@24@?32
CraneApplication,0x100005d2c,15,ASCII,v32@0:8@16@?24
CraneApplication,0x100005d3b,14,ASCII,@32@0:8@16@24
CraneApplication,0x100005d49,14,ASCII,Q32@0:8@16@24
CraneApplication,0x100005d57,17,ASCII,@40@0:8@16@24@32
CraneApplication,0x100005d68,18,ASCII,B40@0:8@16@24@?32
CraneApplication,0x100005d7a,17,ASCII,v40@0:8@16@24@32
CraneApplication,0x100005d8b,26,ASCII,"v24@0:8@""UIApplication""16"
CraneApplication,0x100005da5,43,ASCII,"B32@0:8@""UIApplication""16@""NSDictionary""24"
CraneApplication,0x100005dd0,36,ASCII,"B32@0:8@""UIApplication""16@""NSURL""24"
CraneApplication,0x100005df4,52,ASCII,"B48@0:8@""UIApplication""16@""NSURL""24@""NSString""32@40"
CraneApplication,0x100005e28,53,ASCII,"B40@0:8@""UIApplication""16@""NSURL""24@""NSDictionary""32"
CraneApplication,0x100005e5d,32,ASCII,"v40@0:8@""UIApplication""16q24d32"
CraneApplication,0x100005e7d,29,ASCII,"v32@0:8@""UIApplication""16q24"
CraneApplication,0x100005e9a,60,ASCII,"v56@0:8@""UIApplication""16{CGRect={CGPoint=dd}{CGSize=dd}}24"
CraneApplication,0x100005ed6,57,ASCII,"v32@0:8@""UIApplication""16@""UIUserNotificationSettings""24"
CraneApplication,0x100005f0f,37,ASCII,"v32@0:8@""UIApplication""16@""NSData""24"
CraneApplication,0x100005f34,38,ASCII,"v32@0:8@""UIApplication""16@""NSError""24"
CraneApplication,0x100005f5a,43,ASCII,"v32@0:8@""UIApplication""16@""NSDictionary""24"
CraneApplication,0x100005f85,50,ASCII,"v32@0:8@""UIApplication""16@""UILocalNotification""24"
CraneApplication,0x100005fb7,72,ASCII,"v48@0:8@""UIApplication""16@""NSString""24@""UILocalNotification""32@?<v@?>40"
CraneApplication,0x100005fff,82,ASCII,"v56@0:8@""UIApplication""16@""NSString""24@""NSDictionary""32@""NSDictionary""40@?<v@?>48"
CraneApplication,0x100006051,65,ASCII,"v48@0:8@""UIApplication""16@""NSString""24@""NSDictionary""32@?<v@?>40"
CraneApplication,0x100006092,89,ASCII,"v56@0:8@""UIApplication""16@""NSString""24@""UILocalNotification""32@""NSDictionary""40@?<v@?>48"
CraneApplication,0x1000060eb,53,ASCII,"v40@0:8@""UIApplication""16@""NSDictionary""24@?<v@?Q>32"
CraneApplication,0x100006120,36,ASCII,"v32@0:8@""UIApplication""16@?<v@?Q>24"
CraneApplication,0x100006144,66,ASCII,"v40@0:8@""UIApplication""16@""UIApplicationShortcutItem""24@?<v@?B>32"
CraneApplication,0x100006186,48,ASCII,"v40@0:8@""UIApplication""16@""NSString""24@?<v@?>32"
CraneApplication,0x1000061b6,67,ASCII,"v40@0:8@""UIApplication""16@""NSDictionary""24@?<v@?@""NSDictionary"">32"
CraneApplication,0x1000061f9,39,ASCII,"@32@0:8@""UIApplication""16@""INIntent""24"
CraneApplication,0x100006220,67,ASCII,"v40@0:8@""UIApplication""16@""INIntent""24@?<v@?@""INIntentResponse"">32"
CraneApplication,0x100006263,39,ASCII,"Q32@0:8@""UIApplication""16@""UIWindow""24"
CraneApplication,0x10000628a,39,ASCII,"B32@0:8@""UIApplication""16@""NSString""24"
CraneApplication,0x1000062b1,68,ASCII,"@""UIViewController""40@0:8@""UIApplication""16@""NSArray""24@""NSCoder""32"
CraneApplication,0x1000062f5,38,ASCII,"B32@0:8@""UIApplication""16@""NSCoder""24"
CraneApplication,0x10000631b,38,ASCII,"v32@0:8@""UIApplication""16@""NSCoder""24"
CraneApplication,0x100006341,64,ASCII,"B40@0:8@""UIApplication""16@""NSUserActivity""24@?<v@?@""NSArray"">32"
CraneApplication,0x100006381,51,ASCII,"v40@0:8@""UIApplication""16@""NSString""24@""NSError""32"
CraneApplication,0x1000063b4,45,ASCII,"v32@0:8@""UIApplication""16@""NSUserActivity""24"
CraneApplication,0x1000063e1,46,ASCII,"v32@0:8@""UIApplication""16@""CKShareMetadata""24"
CraneApplication,0x10000640f,96,ASCII,"@""UISceneConfiguration""40@0:8@""UIApplication""16@""UISceneSession""24@""UISceneConnectionOptions""32"
CraneApplication,0x10000646f,36,ASCII,"v32@0:8@""UIApplication""16@""NSSet""24"
CraneApplication,0x100006493,26,ASCII,"B24@0:8@""UIApplication""16"
CraneApplication,0x1000064ad,18,ASCII,"@""UIWindow""16@0:8"
CraneApplication,0x1000064bf,21,ASCII,"v24@0:8@""UIWindow""16"
CraneApplication,0x1000064d4,11,ASCII,@24@0:8@16
CraneApplication,0x1000064df,68,ASCII,"v40@0:8@""UIScene""16@""UISceneSession""24@""UISceneConnectionOptions""32"
CraneApplication,0x100006523,20,ASCII,"v24@0:8@""UIScene""16"
CraneApplication,0x100006537,30,ASCII,"v32@0:8@""UIScene""16@""NSSet""24"
CraneApplication,0x100006555,36,ASCII,"@""NSUserActivity""24@0:8@""UIScene""16"
CraneApplication,0x100006579,39,ASCII,"v32@0:8@""UIScene""16@""NSUserActivity""24"
CraneApplication,0x1000065a0,33,ASCII,"v32@0:8@""UIScene""16@""NSString""24"
CraneApplication,0x1000065c1,45,ASCII,"v40@0:8@""UIScene""16@""NSString""24@""NSError""32"
CraneApplication,0x1000065ee,20,ASCII,v48@0:8@16@24q32@40
CraneApplication,0x100006602,75,ASCII,"v48@0:8@""UIWindowScene""16@""<UICoordinateSpace>""24q32@""UITraitCollection""40"
CraneApplication,0x10000664d,66,ASCII,"v40@0:8@""UIWindowScene""16@""UIApplicationShortcutItem""24@?<v@?B>32"
CraneApplication,0x10000668f,46,ASCII,"v32@0:8@""UIWindowScene""16@""CKShareMetadata""24"
CraneApplication,0x1000066bd,12,ASCII,"@""UIWindow"""
CraneApplication,0x1000066c9,14,ASCII,@32@0:8q16@24
CraneApplication,0x1000066d7,8,ASCII,q16@0:8
CraneApplication,0x1000066df,11,ASCII,v24@0:8q16
CraneApplication,0x1000066ec,22,ASCII,Default Configuration
