binary,addr,name,file,n_callers,callers,n_callees,callees
Crane.dylib,0x6020,sub_6020,decompile/6020.c,0,,1,0x7458
Crane.dylib,0x6060,sub_6060,decompile/6060.c,0,,1,0x7458
Crane.dylib,0x60A0,sub_60A0,decompile/60A0.c,0,,1,0x7458
Crane.dylib,0x60E0,sub_60E0,decompile/60E0.c,0,,1,0x7458
Crane.dylib,0x6138,sub_6138,decompile/6138.c,1,0x6924,1,0x7458
Crane.dylib,0x6190,sub_6190,decompile/6190.c,0,,2,0x7464; 0x7470
Crane.dylib,0x62CC,sub_62CC,decompile/62CC.c,1,0x6190,0,
Crane.dylib,0x62D8,sub_62D8,decompile/62D8.c,1,0x6190,1,0x7434
Crane.dylib,0x6310,sub_6310,decompile/6310.c,1,0x6190,0,
Crane.dylib,0x631C,sub_631C,decompile/631C.c,1,0x6190,6,0x741C; 0x7428; 0x7434; 0x7458; 0x7494; 0x7554
Crane.dylib,0x6414,sub_6414,decompile/6414.c,1,0x6190,6,0x741C; 0x7428; 0x7458; 0x7494; 0x7548; 0x7554
Crane.dylib,0x6544,_safe_getBundleIdentifier,decompile/6544.c,0,,3,0x73BC; 0x73C8; 0x7500
Crane.dylib,0x6564,_sandbox_container_path_for_pid_hook,decompile/6564.c,1,0x65D0,3,0x747C; 0x7488; 0x7560
Crane.dylib,0x65D0,InitFunc_0,decompile/65D0.c,0,,13,0x6B2C; 0x6BE0; 0x7268; 0x7360; 0x73F8; 0x747C; 0x74DC; 0x74F4; 0x750C; 0x7518; 0x7530; 0x753C; 0x7578
Crane.dylib,0x6924,_localize,decompile/6924.c,0,,7,0x6138; 0x7410; 0x74B8; 0x74DC; 0x74F4; 0x7500; 0x7518
Crane.dylib,0x6B2C,_containerPathForContainer,decompile/6B2C.c,1,0x65D0,4,0x74DC; 0x74F4; 0x7500; 0x7518
Crane.dylib,0x6BE0,_createDirectoryIfNotExists,decompile/6BE0.c,1,0x65D0,5,0x7410; 0x74DC; 0x74F4; 0x7500; 0x7518
Crane.dylib,0x6DC0,_normalizedContainerID,decompile/6DC0.c,0,,2,0x74F4; 0x7500
Crane.dylib,0x6E08,_requestAuthentication,decompile/6E08.c,0,,4,0x74A0; 0x74DC; 0x74F4; 0x7500
Crane.dylib,0x6F40,sub_6F40,decompile/6F40.c,1,0x6E08,5,0x7440; 0x744C; 0x74F4; 0x7500; 0x7518
Crane.dylib,0x6FC0,sub_6FC0,decompile/6FC0.c,0,,0,
Crane.dylib,0x6FD0,sub_6FD0,decompile/6FD0.c,0,,0,
Crane.dylib,0x6FD8,_initUNProtocol,decompile/6FD8.c,0,,1,0x7458
Crane.dylib,0x7010,sub_7010,decompile/7010.c,0,,6,0x74AC; 0x74D0; 0x74E8; 0x74F4; 0x7518; 0x7524
Crane.dylib,0x70B0,_new_URLEnumeratorGetNextURL,decompile/70B0.c,1,0x7268,2,0x73D4; 0x73E0
Crane.dylib,0x7140,_new_readdir_r,decompile/7140.c,1,0x7268,1,0x756C
Crane.dylib,0x71C0,_new_readdir,decompile/71C0.c,1,0x7268,1,0x756C
Crane.dylib,0x721C,_new_unlink,decompile/721C.c,1,0x7268,1,0x756C
Crane.dylib,0x7268,_initProtection,decompile/7268.c,1,0x65D0,2,0x7464; 0x7470
Crane.dylib,0x7360,_HCHookFunctions,decompile/7360.c,1,0x65D0,1,0x73EC
Crane.dylib,0x73BC,_CFBundleGetIdentifier,decompile/73BC.c,1,0x6544,0,
Crane.dylib,0x73C8,_CFBundleGetMainBundle,decompile/73C8.c,1,0x6544,0,
Crane.dylib,0x73D4,_CFStringFind,decompile/73D4.c,1,0x70B0,0,
Crane.dylib,0x73E0,_CFURLGetString,decompile/73E0.c,1,0x70B0,0,
Crane.dylib,0x73EC,_MSHookFunction,decompile/73EC.c,1,0x7360,0,
Crane.dylib,0x73F8,_NSHomeDirectory,decompile/73F8.c,1,0x65D0,0,
Crane.dylib,0x7404,__Block_object_assign,decompile/7404.c,1,0x6FC0,0,
Crane.dylib,0x7410,___stack_chk_fail,decompile/7410.c,2,0x6924; 0x6BE0,0,
Crane.dylib,0x741C,___strlcat_chk,decompile/741C.c,2,0x631C; 0x6414,0,
Crane.dylib,0x7428,___strlcpy_chk,decompile/7428.c,2,0x631C; 0x6414,0,
Crane.dylib,0x7434,_access,decompile/7434.c,2,0x62D8; 0x631C,0,
Crane.dylib,0x7440,_dispatch_async,decompile/7440.c,1,0x6F40,0,
Crane.dylib,0x744C,_dispatch_get_global_queue,decompile/744C.c,1,0x6F40,0,
Crane.dylib,0x7458,_dispatch_once,decompile/7458.c,8,0x6020; 0x6060; 0x60A0; 0x60E0; 0x6138; 0x631C; 0x6414; 0x6FD8,0,
Crane.dylib,0x7464,_dlopen,decompile/7464.c,2,0x6190; 0x7268,0,
Crane.dylib,0x7470,_dlsym,decompile/7470.c,2,0x6190; 0x7268,0,
Crane.dylib,0x747C,_getenv,decompile/747C.c,2,0x6564; 0x65D0,0,
Crane.dylib,0x7488,_getpid,decompile/7488.c,1,0x6564,0,
Crane.dylib,0x7494,_malloc,decompile/7494.c,2,0x631C; 0x6414,0,
Crane.dylib,0x74A0,_objc_alloc,decompile/74A0.c,1,0x6E08,0,
Crane.dylib,0x74AC,_objc_allocateProtocol,decompile/74AC.c,1,0x7010,0,
Crane.dylib,0x74B8,_objc_autorelease,decompile/74B8.c,1,0x6924,0,
Crane.dylib,0x74C4,_objc_autoreleaseReturnValue,decompile/74C4.c,4,0x6544; 0x6924; 0x6B2C; 0x6DC0,0,
Crane.dylib,0x74D0,_objc_getProtocol,decompile/74D0.c,1,0x7010,0,
Crane.dylib,0x74DC,_objc_msgSend,decompile/74DC.c,5,0x65D0; 0x6924; 0x6B2C; 0x6BE0; 0x6E08,0,
Crane.dylib,0x74E8,_objc_registerProtocol,decompile/74E8.c,1,0x7010,0,
Crane.dylib,0x74F4,_objc_release,decompile/74F4.c,9,0x65D0; 0x6924; 0x6B2C; 0x6BE0; 0x6DC0; 0x6E08; 0x6F40; 0x6FD0; 0x7010,0,
Crane.dylib,0x7500,_objc_retain,decompile/7500.c,7,0x6544; 0x6924; 0x6B2C; 0x6BE0; 0x6DC0; 0x6E08; 0x6F40,0,
Crane.dylib,0x750C,_objc_retainAutorelease,decompile/750C.c,1,0x65D0,0,
Crane.dylib,0x7518,_objc_retainAutoreleasedReturnValue,decompile/7518.c,6,0x65D0; 0x6924; 0x6B2C; 0x6BE0; 0x6F40; 0x7010,0,
Crane.dylib,0x7524,_protocol_addProtocol,decompile/7524.c,1,0x7010,0,
Crane.dylib,0x7530,_setenv,decompile/7530.c,1,0x65D0,0,
Crane.dylib,0x753C,_strcmp,decompile/753C.c,1,0x65D0,0,
Crane.dylib,0x7548,_strlen,decompile/7548.c,1,0x6414,0,
Crane.dylib,0x7554,_strncmp,decompile/7554.c,2,0x631C; 0x6414,0,
Crane.dylib,0x7560,_strncpy,decompile/7560.c,1,0x6564,0,
Crane.dylib,0x756C,_strstr,decompile/756C.c,3,0x7140; 0x71C0; 0x721C,0,
Crane.dylib,0x7578,_unsetenv,decompile/7578.c,1,0x65D0,0,
CraneSB.dylib,0x795C,sub_795C,decompile/795C.c,0,,1,0x211D8
CraneSB.dylib,0x799C,sub_799C,decompile/799C.c,0,,1,0x211D8
CraneSB.dylib,0x79DC,sub_79DC,decompile/79DC.c,0,,1,0x211D8
CraneSB.dylib,0x7A1C,sub_7A1C,decompile/7A1C.c,0,,1,0x211D8
CraneSB.dylib,0x7A74,sub_7A74,decompile/7A74.c,10,0xAE20; 0x11BB8; 0x12720; 0x14894; 0x17A14; 0x1BBB8; 0x1C580; 0x1F0DC; 0x1F850; 0x1FD74,1,0x211D8
CraneSB.dylib,0x7ACC,sub_7ACC,decompile/7ACC.c,0,,2,0x21244; 0x21250
CraneSB.dylib,0x7C08,sub_7C08,decompile/7C08.c,1,0x7ACC,0,
CraneSB.dylib,0x7C14,sub_7C14,decompile/7C14.c,1,0x7ACC,1,0x21184
CraneSB.dylib,0x7C4C,sub_7C4C,decompile/7C4C.c,1,0x7ACC,0,
CraneSB.dylib,0x7C58,sub_7C58,decompile/7C58.c,1,0x7ACC,6,0x21154; 0x21160; 0x21184; 0x211D8; 0x212BC; 0x21460
CraneSB.dylib,0x7D50,sub_7D50,decompile/7D50.c,1,0x7ACC,6,0x21154; 0x21160; 0x211D8; 0x212BC; 0x21454; 0x21460
CraneSB.dylib,0x7E80,sub_7E80,decompile/7E80.c,3,0x7E80; 0x7E8C; 0x7F58,0,
CraneSB.dylib,0x7E8C,sub_7E8C,decompile/7E8C.c,1,0x7F58,2,0x213AC; 0x213E8
CraneSB.dylib,0x7EC8,sub_7EC8,decompile/7EC8.c,3,0x7EC8; 0x7ED4; 0x7F58,0,
CraneSB.dylib,0x7ED4,sub_7ED4,decompile/7ED4.c,1,0x7F58,2,0x213AC; 0x213E8
CraneSB.dylib,0x7F10,sub_7F10,decompile/7F10.c,3,0x7F10; 0x7F1C; 0x7F58,0,
CraneSB.dylib,0x7F1C,sub_7F1C,decompile/7F1C.c,1,0x7F58,2,0x213AC; 0x213E8
CraneSB.dylib,0x7F58,_initCRBadgeContextMenuActionView,decompile/7F58.c,1,0x17A14,9,0x210AC; 0x210B8; 0x21130; 0x2113C; 0x21190; 0x2119C; 0x212E0; 0x2134C; 0x21388
CraneSB.dylib,0x8438,sub_8438,decompile/8438.c,1,0x7F58,0,
CraneSB.dylib,0x8444,sub_8444,decompile/8444.c,1,0x7F58,3,0x21370; 0x213A0; 0x213D0
CraneSB.dylib,0x84A0,sub_84A0,decompile/84A0.c,1,0x7F58,4,0x21370; 0x213A0; 0x213AC; 0x213D0
CraneSB.dylib,0x8530,sub_8530,decompile/8530.c,1,0x7F58,3,0x21370; 0x213A0; 0x213AC
CraneSB.dylib,0x863C,sub_863C,decompile/863C.c,1,0x7F58,2,0x21370; 0x213D0
CraneSB.dylib,0x86FC,sub_86FC,decompile/86FC.c,1,0x7F58,1,0x21370
CraneSB.dylib,0x8778,sub_8778,decompile/8778.c,1,0x7F58,7,0x2113C; 0x211D8; 0x21334; 0x21370; 0x213A0; 0x213AC; 0x213D0
CraneSB.dylib,0x8ED4,sub_8ED4,decompile/8ED4.c,1,0x7F58,7,0x212D4; 0x2134C; 0x21370; 0x213A0; 0x213AC; 0x213B8; 0x213D0
CraneSB.dylib,0x9214,sub_9214,decompile/9214.c,1,0x7F58,3,0x21370; 0x213A0; 0x213D0
CraneSB.dylib,0x9360,sub_9360,decompile/9360.c,1,0x7F58,3,0x21370; 0x213A0; 0x213D0
CraneSB.dylib,0x9464,sub_9464,decompile/9464.c,1,0x8778,1,0x21370
CraneSB.dylib,0x948C,sub_948C,decompile/948C.c,0,,0,
CraneSB.dylib,0x9494,sub_9494,decompile/9494.c,0,,0,
CraneSB.dylib,0x949C,sub_949C,decompile/949C.c,1,0x8778,1,0x21370
CraneSB.dylib,0x94C4,sub_94C4,decompile/94C4.c,3,0x94C4; 0x94D0; 0x9684,0,
CraneSB.dylib,0x94D0,sub_94D0,decompile/94D0.c,1,0x9684,2,0x213AC; 0x213E8
CraneSB.dylib,0x950C,sub_950C,decompile/950C.c,3,0x950C; 0x9518; 0x9684,0,
CraneSB.dylib,0x9518,sub_9518,decompile/9518.c,1,0x9684,2,0x213AC; 0x213E8
CraneSB.dylib,0x9554,sub_9554,decompile/9554.c,3,0x9554; 0x9560; 0x9684,0,
CraneSB.dylib,0x9560,sub_9560,decompile/9560.c,1,0x9684,2,0x213AC; 0x213E8
CraneSB.dylib,0x959C,sub_959C,decompile/959C.c,3,0x959C; 0x95F4; 0x9684,4,0x21340; 0x21370; 0x213A0; 0x213D0
CraneSB.dylib,0x95F4,sub_95F4,decompile/95F4.c,1,0x9684,5,0x21370; 0x213A0; 0x213AC; 0x213D0; 0x213E8
CraneSB.dylib,0x9684,InitFunc_0,decompile/9684.c,0,,8,0x210AC; 0x21130; 0x2113C; 0x21190; 0x2119C; 0x212E0; 0x2134C; 0x21388
CraneSB.dylib,0x9A60,sub_9A60,decompile/9A60.c,1,0x9684,11,0x2113C; 0x21148; 0x21280; 0x212BC; 0x21334; 0x21370; 0x213A0; 0x213D0; 0x213DC; 0x21454; 0x2146C
CraneSB.dylib,0x9DA4,sub_9DA4,decompile/9DA4.c,1,0x9684,0,
CraneSB.dylib,0x9DB0,sub_9DB0,decompile/9DB0.c,1,0x9A60,0,
CraneSB.dylib,0x9DC0,sub_9DC0,decompile/9DC0.c,3,0x9DC0; 0x9DCC; 0x9E08,0,
CraneSB.dylib,0x9DCC,sub_9DCC,decompile/9DCC.c,1,0x9E08,2,0x213AC; 0x213E8
CraneSB.dylib,0x9E08,InitFunc_1,decompile/9E08.c,0,,8,0x210AC; 0x21130; 0x2113C; 0x21190; 0x2119C; 0x212E0; 0x2134C; 0x21388
CraneSB.dylib,0x9F8C,sub_9F8C,decompile/9F8C.c,1,0x9E08,6,0x1ED64; 0x1F0DC; 0x21370; 0x213A0; 0x213AC; 0x213D0
CraneSB.dylib,0xA1A8,sub_A1A8,decompile/A1A8.c,0,,5,0x1F0DC; 0x21370; 0x213A0; 0x213AC; 0x213D0
CraneSB.dylib,0xA204,sub_A204,decompile/A204.c,1,0x9F8C,10,0x1ED64; 0x212D4; 0x21328; 0x2134C; 0x21364; 0x21370; 0x213A0; 0x213AC; 0x213B8; 0x213D0
CraneSB.dylib,0xA474,sub_A474,decompile/A474.c,0,,2,0x21118; 0x21328
CraneSB.dylib,0xA48C,sub_A48C,decompile/A48C.c,0,,0,
CraneSB.dylib,0xA490,sub_A490,decompile/A490.c,1,0x9F8C,0,
CraneSB.dylib,0xA4A0,_containerIDForXPCConnection,decompile/A4A0.c,9,0xF398; 0xF59C; 0xF750; 0xFA20; 0xFD9C; 0x104AC; 0x1072C; 0x108F4; 0x10D10,9,0x20124; 0x205CC; 0x20F58; 0x2134C; 0x21370; 0x213A0; 0x213AC; 0x213B8; 0x213D0
CraneSB.dylib,0xA658,_existingBadgeCountForApplication,decompile/A658.c,1,0xB00C,6,0x210B8; 0x212D4; 0x21370; 0x213A0; 0x213AC; 0x213D0
CraneSB.dylib,0xA774,_setExistingBadgeCountForApplication,decompile/A774.c,1,0xAC2C,6,0x210B8; 0x212D4; 0x21370; 0x213A0; 0x213AC; 0x213D0
CraneSB.dylib,0xA860,_badgeCountStoreGetContainerCount,decompile/A860.c,4,0xAB44; 0x10BEC; 0x137FC; 0x16A90,5,0xA990; 0x21370; 0x213A0; 0x213AC; 0x213D0
CraneSB.dylib,0xA990,sub_A990,decompile/A990.c,3,0xA860; 0xAA00; 0xACD0,4,0x21370; 0x213A0; 0x213AC; 0x213D0
CraneSB.dylib,0xAA00,_badgeCountStoreGetAppCount,decompile/AA00.c,2,0xAC2C; 0xBB04,6,0xA990; 0x21100; 0x21370; 0x213A0; 0x213AC; 0x213D0
CraneSB.dylib,0xAB1C,sub_AB1C,decompile/AB1C.c,0,,2,0x21100; 0x21118
CraneSB.dylib,0xAB40,sub_AB40,decompile/AB40.c,0,,0,
CraneSB.dylib,0xAB44,sub_AB44,decompile/AB44.c,1,0xAA00,3,0xA860; 0x213A0; 0x213AC
CraneSB.dylib,0xABB0,sub_ABB0,decompile/ABB0.c,0,,2,0x210F4; 0x213AC
CraneSB.dylib,0xABF4,sub_ABF4,decompile/ABF4.c,0,,1,0x21100
CraneSB.dylib,0xAC2C,_badgeCountStoreUpdateBadge,decompile/AC2C.c,3,0xB00C; 0x10BEC; 0x10CB0,3,0xA774; 0xAA00; 0x213AC
CraneSB.dylib,0xAC68,_badgeCountStoreSetAppDict,decompile/AC68.c,1,0xACD0,4,0x11BB8; 0x21370; 0x213A0; 0x213AC
CraneSB.dylib,0xACD0,_badgeCountStoreSetContainerCount,decompile/ACD0.c,4,0xBB04; 0xFD9C; 0x10BEC; 0x10CB0,6,0xA990; 0xAC68; 0x21370; 0x213A0; 0x213AC; 0x213D0
CraneSB.dylib,0xADE8,_badgeCountStore_init,decompile/ADE8.c,1,0x17A10,1,0x211D8
CraneSB.dylib,0xAE20,sub_AE20,decompile/AE20.c,0,,9,0x7A74; 0x11BB8; 0x21100; 0x2113C; 0x212F8; 0x21370; 0x213A0; 0x213AC; 0x213D0
CraneSB.dylib,0xAFF0,sub_AFF0,decompile/AFF0.c,0,,2,0x21100; 0x21118
CraneSB.dylib,0xB008,sub_B008,decompile/B008.c,0,,0,
CraneSB.dylib,0xB00C,sub_B00C,decompile/B00C.c,1,0xAE20,12,0xA658; 0xAC2C; 0xB5DC; 0x21100; 0x2113C; 0x21334; 0x2134C; 0x21370; 0x213A0; 0x213AC; 0x213B8; 0x213D0
CraneSB.dylib,0xB5AC,sub_B5AC,decompile/B5AC.c,0,,2,0x21100; 0x21118
CraneSB.dylib,0xB5D8,sub_B5D8,decompile/B5D8.c,0,,0,
CraneSB.dylib,0xB5DC,sub_B5DC,decompile/B5DC.c,21,0xB00C; 0xBA6C; 0xBB04; 0xC08C; 0xC4B0; 0xC8B4; 0xDA30; 0xDC5C; 0xDF68; 0xE194; 0xEBA0; 0xF398; 0xF524; 0xF59C; 0xF750; 0xFA20; 0xFD9C; 0x104AC; 0x1072C; 0x108F4; 0x10D10,5,0x1EB9C; 0x21370; 0x213A0; 0x213AC; 0x213D0
CraneSB.dylib,0xB688,sub_B688,decompile/B688.c,1,0xB00C,3,0x21370; 0x213A0; 0x213AC
CraneSB.dylib,0xB72C,sub_B72C,decompile/B72C.c,0,,1,0x213AC
CraneSB.dylib,0xB768,sub_B768,decompile/B768.c,0,,2,0x21100; 0x213A0
CraneSB.dylib,0xB79C,sub_B79C,decompile/B79C.c,0,,0,
CraneSB.dylib,0xB7AC,sub_B7AC,decompile/B7AC.c,0,,0,
CraneSB.dylib,0xB7B8,_tryToModifyNotificationRequestHook,decompile/B7B8.c,2,0xEF84; 0xF094,8,0xBA6C; 0x1AEC0; 0x21100; 0x21370; 0x213A0; 0x213AC; 0x213D0; 0x21400
CraneSB.dylib,0xBA50,sub_BA50,decompile/BA50.c,0,,2,0x21100; 0x21118
CraneSB.dylib,0xBA68,sub_BA68,decompile/BA68.c,0,,0,
CraneSB.dylib,0xBA6C,sub_BA6C,decompile/BA6C.c,5,0xB7B8; 0xBF00; 0xF254; 0x1119C; 0x11420,5,0xB5DC; 0x21370; 0x213A0; 0x213AC; 0x213D0
CraneSB.dylib,0xBB04,_privSetBadgeNumberHook,decompile/BB04.c,2,0xFBB4; 0xFCA8,7,0xAA00; 0xACD0; 0xB5DC; 0x21370; 0x213A0; 0x213AC; 0x213D0
CraneSB.dylib,0xBD98,sub_BD98,decompile/BD98.c,1,0xBB04,4,0xBE18; 0x21370; 0x213A0; 0x213D0
CraneSB.dylib,0xBE18,sub_BE18,decompile/BE18.c,10,0xBD98; 0xBE80; 0xEDF4; 0xF59C; 0xF750; 0x115F4; 0x11884; 0x11FC0; 0x120B0; 0x12424,4,0x21370; 0x213A0; 0x213AC; 0x213D0
CraneSB.dylib,0xBE80,sub_BE80,decompile/BE80.c,1,0xBB04,4,0xBE18; 0x21370; 0x213A0; 0x213D0
CraneSB.dylib,0xBF00,__queue_saveNotificationRecordHook,decompile/BF00.c,3,0xFF30; 0x10050; 0x10138,5,0xBA6C; 0x21370; 0x213A0; 0x213AC; 0x213D0
CraneSB.dylib,0xC08C,_removePendingNotificationRequestsWithIdentifiers_hook,decompile/C08C.c,2,0x10EA4; 0x10F94,5,0xB5DC; 0x21370; 0x213A0; 0x213AC; 0x213D0
CraneSB.dylib,0xC1D4,sub_C1D4,decompile/C1D4.c,1,0xC08C,6,0x2113C; 0x21334; 0x21370; 0x213A0; 0x213AC; 0x213D0
CraneSB.dylib,0xC454,sub_C454,decompile/C454.c,0,,1,0x213AC
CraneSB.dylib,0xC488,sub_C488,decompile/C488.c,0,,1,0x213A0
CraneSB.dylib,0xC4B0,_removeAllPendingNotificationRequestsForBundleIdentifier_hook,decompile/C4B0.c,2,0x11044; 0x11110,5,0xB5DC; 0x21370; 0x213A0; 0x213AC; 0x213D0
CraneSB.dylib,0xC5E0,sub_C5E0,decompile/C5E0.c,1,0xC4B0,6,0x2113C; 0x21334; 0x21370; 0x213A0; 0x213AC; 0x213D0
CraneSB.dylib,0xC7AC,sub_C7AC,decompile/C7AC.c,0,,1,0x213AC
CraneSB.dylib,0xC7D4,_handleUninstall,decompile/C7D4.c,2,0xF19C; 0xF1F8,5,0x2122C; 0x21370; 0x213A0; 0x213AC; 0x213D0
CraneSB.dylib,0xC8B4,sub_C8B4,decompile/C8B4.c,1,0xC7D4,8,0xB5DC; 0x1FEF0; 0x2113C; 0x21334; 0x21370; 0x213A0; 0x213AC; 0x213D0
CraneSB.dylib,0xCBEC,_initNotificationSupport,decompile/CBEC.c,1,0x17A14,9,0x210AC; 0x210B8; 0x2113C; 0x21190; 0x212E0; 0x2134C; 0x21370; 0x21388; 0x2140C
CraneSB.dylib,0xD55C,sub_D55C,decompile/D55C.c,1,0xCBEC,4,0x21370; 0x213A0; 0x213AC; 0x213D0
CraneSB.dylib,0xD6B4,sub_D6B4,decompile/D6B4.c,1,0xCBEC,4,0x21370; 0x213A0; 0x213AC; 0x213D0
CraneSB.dylib,0xD80C,sub_D80C,decompile/D80C.c,1,0xCBEC,4,0x21370; 0x213A0; 0x213AC; 0x213D0
CraneSB.dylib,0xD958,sub_D958,decompile/D958.c,1,0xCBEC,5,0x1FEF0; 0x21370; 0x213A0; 0x213AC; 0x213D0
CraneSB.dylib,0xDA30,sub_DA30,decompile/DA30.c,1,0xCBEC,10,0xB5DC; 0x11D74; 0x1AA34; 0x1FEF0; 0x20124; 0x205CC; 0x21370; 0x213A0; 0x213AC; 0x213D0
CraneSB.dylib,0xDC5C,sub_DC5C,decompile/DC5C.c,1,0xCBEC,9,0xB5DC; 0x11D74; 0x1FEF0; 0x20124; 0x205CC; 0x21370; 0x213A0; 0x213AC; 0x213D0
CraneSB.dylib,0xDE54,sub_DE54,decompile/DE54.c,1,0xCBEC,5,0x1FF68; 0x1FF7C; 0x213A0; 0x213AC; 0x213D0
CraneSB.dylib,0xDEEC,sub_DEEC,decompile/DEEC.c,1,0xCBEC,5,0x2134C; 0x21370; 0x213B8; 0x213D0; 0x21418
CraneSB.dylib,0xDF68,sub_DF68,decompile/DF68.c,1,0xCBEC,11,0xB5DC; 0x11D74; 0x1AA34; 0x1FEF0; 0x20018; 0x20124; 0x205CC; 0x21370; 0x213A0; 0x213AC; 0x213D0
CraneSB.dylib,0xE194,sub_E194,decompile/E194.c,1,0xCBEC,9,0xB5DC; 0x11D74; 0x1FEF0; 0x20124; 0x205CC; 0x21370; 0x213A0; 0x213AC; 0x213D0
CraneSB.dylib,0xE2C4,sub_E2C4,decompile/E2C4.c,1,0xCBEC,6,0x1FF68; 0x1FF7C; 0x21370; 0x213A0; 0x213AC; 0x213D0
CraneSB.dylib,0xE448,sub_E448,decompile/E448.c,1,0xCBEC,4,0x1FF68; 0x1FF7C; 0x213A0; 0x213AC
CraneSB.dylib,0xE4DC,sub_E4DC,decompile/E4DC.c,1,0xCBEC,4,0x1FF68; 0x1FF7C; 0x213A0; 0x213AC
CraneSB.dylib,0xE570,sub_E570,decompile/E570.c,1,0xCBEC,4,0x1FF68; 0x1FF7C; 0x213A0; 0x213AC
CraneSB.dylib,0xE604,sub_E604,decompile/E604.c,1,0xCBEC,4,0x1FF68; 0x1FF7C; 0x213A0; 0x213AC
CraneSB.dylib,0xE698,sub_E698,decompile/E698.c,1,0xCBEC,5,0x1FF68; 0x1FF7C; 0x213A0; 0x213AC; 0x213D0
CraneSB.dylib,0xE730,sub_E730,decompile/E730.c,1,0xCBEC,4,0x21370; 0x213A0; 0x213AC; 0x213D0
CraneSB.dylib,0xE94C,sub_E94C,decompile/E94C.c,1,0xCBEC,5,0x1FF68; 0x1FF7C; 0x21370; 0x213A0; 0x213AC
CraneSB.dylib,0xEA50,sub_EA50,decompile/EA50.c,1,0xCBEC,8,0x1FF68; 0x1FF7C; 0x20124; 0x205CC; 0x21370; 0x213A0; 0x213AC; 0x213D0
CraneSB.dylib,0xEBA0,sub_EBA0,decompile/EBA0.c,1,0xCBEC,8,0xB5DC; 0x1FEF0; 0x2113C; 0x21334; 0x21370; 0x213A0; 0x213AC; 0x213D0
CraneSB.dylib,0xEDF4,sub_EDF4,decompile/EDF4.c,1,0xCBEC,6,0xBE18; 0x1EB9C; 0x21370; 0x213A0; 0x213AC; 0x213D0
CraneSB.dylib,0xEF84,sub_EF84,decompile/EF84.c,1,0xCBEC,3,0xB7B8; 0x213A0; 0x213AC
CraneSB.dylib,0xF094,sub_F094,decompile/F094.c,1,0xCBEC,3,0xB7B8; 0x213A0; 0x213AC
CraneSB.dylib,0xF19C,sub_F19C,decompile/F19C.c,1,0xCBEC,2,0xC7D4; 0x213AC
CraneSB.dylib,0xF1F8,sub_F1F8,decompile/F1F8.c,1,0xCBEC,2,0xC7D4; 0x213AC
CraneSB.dylib,0xF254,sub_F254,decompile/F254.c,1,0xCBEC,6,0xBA6C; 0x211C0; 0x21370; 0x213A0; 0x213AC; 0x213D0
CraneSB.dylib,0xF398,sub_F398,decompile/F398.c,1,0xCBEC,7,0xA4A0; 0xB5DC; 0x21370; 0x213A0; 0x213AC; 0x213D0; 0x213DC
CraneSB.dylib,0xF524,sub_F524,decompile/F524.c,1,0xCBEC,3,0xB5DC; 0x21370; 0x213AC
CraneSB.dylib,0xF59C,sub_F59C,decompile/F59C.c,1,0xCBEC,7,0xA4A0; 0xB5DC; 0xBE18; 0x21370; 0x213A0; 0x213AC; 0x213D0
CraneSB.dylib,0xF750,sub_F750,decompile/F750.c,1,0xCBEC,9,0xA4A0; 0xB5DC; 0xBE18; 0x2113C; 0x21334; 0x21370; 0x213A0; 0x213AC; 0x213D0
CraneSB.dylib,0xFA20,sub_FA20,decompile/FA20.c,1,0xCBEC,7,0xA4A0; 0xB5DC; 0x21370; 0x213A0; 0x213AC; 0x213D0; 0x213DC
CraneSB.dylib,0xFBB4,sub_FBB4,decompile/FBB4.c,1,0xCBEC,3,0xBB04; 0x213A0; 0x213AC
CraneSB.dylib,0xFCA8,sub_FCA8,decompile/FCA8.c,1,0xCBEC,3,0xBB04; 0x213A0; 0x213AC
CraneSB.dylib,0xFD9C,sub_FD9C,decompile/FD9C.c,1,0xCBEC,7,0xA4A0; 0xACD0; 0xB5DC; 0x21370; 0x213A0; 0x213AC; 0x213D0
CraneSB.dylib,0xFF30,sub_FF30,decompile/FF30.c,1,0xCBEC,3,0xBF00; 0x213A0; 0x213AC
CraneSB.dylib,0x10050,sub_10050,decompile/10050.c,1,0xCBEC,3,0xBF00; 0x213A0; 0x213AC
CraneSB.dylib,0x10138,sub_10138,decompile/10138.c,1,0xCBEC,3,0xBF00; 0x213A0; 0x213AC
CraneSB.dylib,0x10218,sub_10218,decompile/10218.c,1,0xCBEC,6,0x2134C; 0x21370; 0x213A0; 0x213AC; 0x213B8; 0x213D0
CraneSB.dylib,0x10350,sub_10350,decompile/10350.c,1,0xCBEC,7,0x1235C; 0x1FF68; 0x1FF7C; 0x21370; 0x213A0; 0x213AC; 0x213D0
CraneSB.dylib,0x104AC,sub_104AC,decompile/104AC.c,1,0xCBEC,9,0xA4A0; 0xB5DC; 0x1235C; 0x2113C; 0x21334; 0x21370; 0x213A0; 0x213AC; 0x213D0
CraneSB.dylib,0x1072C,sub_1072C,decompile/1072C.c,1,0xCBEC,7,0xA4A0; 0xB5DC; 0x1235C; 0x21370; 0x213A0; 0x213AC; 0x213D0
CraneSB.dylib,0x108F4,sub_108F4,decompile/108F4.c,1,0xCBEC,7,0xA4A0; 0xB5DC; 0x1235C; 0x21370; 0x213A0; 0x213AC; 0x213D0
CraneSB.dylib,0x10AD8,sub_10AD8,decompile/10AD8.c,1,0xCBEC,6,0x1FEF0; 0x210B8; 0x21370; 0x213A0; 0x213AC; 0x213D0
CraneSB.dylib,0x10BEC,sub_10BEC,decompile/10BEC.c,1,0xCBEC,5,0xA860; 0xAC2C; 0xACD0; 0x213A0; 0x213AC
CraneSB.dylib,0x10CB0,sub_10CB0,decompile/10CB0.c,1,0xCBEC,4,0xAC2C; 0xACD0; 0x213A0; 0x213AC
CraneSB.dylib,0x10D10,sub_10D10,decompile/10D10.c,1,0xCBEC,7,0xA4A0; 0xB5DC; 0x21370; 0x213A0; 0x213AC; 0x213D0; 0x213DC
CraneSB.dylib,0x10EA4,sub_10EA4,decompile/10EA4.c,1,0xCBEC,3,0xC08C; 0x213A0; 0x213AC
CraneSB.dylib,0x10F94,sub_10F94,decompile/10F94.c,1,0xCBEC,3,0xC08C; 0x213A0; 0x213AC
CraneSB.dylib,0x11044,sub_11044,decompile/11044.c,1,0xCBEC,3,0xC4B0; 0x213A0; 0x213AC
CraneSB.dylib,0x11110,sub_11110,decompile/11110.c,1,0xCBEC,3,0xC4B0; 0x213A0; 0x213AC
CraneSB.dylib,0x1119C,sub_1119C,decompile/1119C.c,1,0xCBEC,6,0xBA6C; 0x1235C; 0x21370; 0x213A0; 0x213AC; 0x213D0
CraneSB.dylib,0x11420,sub_11420,decompile/11420.c,1,0xCBEC,5,0xBA6C; 0x21370; 0x213A0; 0x213AC; 0x213D0
CraneSB.dylib,0x115F4,sub_115F4,decompile/115F4.c,1,0xCBEC,6,0xBE18; 0x1235C; 0x21370; 0x213A0; 0x213AC; 0x213D0
CraneSB.dylib,0x1172C,sub_1172C,decompile/1172C.c,1,0xCBEC,8,0x126E8; 0x212D4; 0x2134C; 0x21370; 0x213A0; 0x213AC; 0x213B8; 0x213D0
CraneSB.dylib,0x11884,sub_11884,decompile/11884.c,1,0xCBEC,5,0xBE18; 0x21370; 0x213A0; 0x213AC; 0x213D0
CraneSB.dylib,0x11984,sub_11984,decompile/11984.c,1,0xCBEC,5,0x126E8; 0x21370; 0x213A0; 0x213AC; 0x213D0
CraneSB.dylib,0x11AF8,sub_11AF8,decompile/11AF8.c,1,0xCBEC,5,0x21358; 0x213A0; 0x213AC; 0x213D0; 0x21430
CraneSB.dylib,0x11BB8,sub_11BB8,decompile/11BB8.c,2,0xAC68; 0xAE20,6,0x7A74; 0x2113C; 0x212F8; 0x21370; 0x213A0; 0x213D0
CraneSB.dylib,0x11CA4,sub_11CA4,decompile/11CA4.c,1,0xB7B8,3,0x21370; 0x213A0; 0x213D0
CraneSB.dylib,0x11D64,sub_11D64,decompile/11D64.c,1,0x11CA4,0,
CraneSB.dylib,0x11D74,sub_11D74,decompile/11D74.c,4,0xDA30; 0xDC5C; 0xDF68; 0xE194,4,0x21100; 0x21370; 0x213A0; 0x213D0
CraneSB.dylib,0x11E28,sub_11E28,decompile/11E28.c,0,,2,0x21100; 0x21118
CraneSB.dylib,0x11E40,sub_11E40,decompile/11E40.c,0,,0,
CraneSB.dylib,0x11E44,sub_11E44,decompile/11E44.c,1,0x11D74,3,0x21370; 0x213A0; 0x213D0
CraneSB.dylib,0x11F04,sub_11F04,decompile/11F04.c,1,0x11E44,0,
CraneSB.dylib,0x11F14,sub_11F14,decompile/11F14.c,1,0xEF84,0,
CraneSB.dylib,0x11F34,sub_11F34,decompile/11F34.c,0,,1,0x213AC
CraneSB.dylib,0x11F64,sub_11F64,decompile/11F64.c,0,,1,0x213A0
CraneSB.dylib,0x11F94,sub_11F94,decompile/11F94.c,1,0xF094,0,
CraneSB.dylib,0x11FB0,sub_11FB0,decompile/11FB0.c,0,,0,
CraneSB.dylib,0x11FC0,sub_11FC0,decompile/11FC0.c,1,0xF398,5,0xBE18; 0x21370; 0x213A0; 0x213AC; 0x213D0
CraneSB.dylib,0x12078,sub_12078,decompile/12078.c,0,,1,0x210F4
CraneSB.dylib,0x120A8,sub_120A8,decompile/120A8.c,0,,0,
CraneSB.dylib,0x120B0,sub_120B0,decompile/120B0.c,1,0xFA20,7,0xBE18; 0x2113C; 0x21334; 0x21370; 0x213A0; 0x213AC; 0x213D0
CraneSB.dylib,0x122C8,sub_122C8,decompile/122C8.c,1,0xFBB4,0,
CraneSB.dylib,0x122E4,sub_122E4,decompile/122E4.c,1,0xFCA8,0,
CraneSB.dylib,0x12300,sub_12300,decompile/12300.c,1,0xFF30,0,
CraneSB.dylib,0x12320,sub_12320,decompile/12320.c,1,0x10050,0,
CraneSB.dylib,0x12340,sub_12340,decompile/12340.c,1,0x10138,0,
CraneSB.dylib,0x1235C,sub_1235C,decompile/1235C.c,6,0x10350; 0x104AC; 0x1072C; 0x108F4; 0x1119C; 0x115F4,3,0x21370; 0x213A0; 0x213AC
CraneSB.dylib,0x12424,sub_12424,decompile/12424.c,1,0x10D10,7,0xBE18; 0x2113C; 0x21334; 0x21370; 0x213A0; 0x213AC; 0x213D0
CraneSB.dylib,0x12668,sub_12668,decompile/12668.c,1,0x10EA4,0,
CraneSB.dylib,0x12684,sub_12684,decompile/12684.c,1,0x10F94,0,
CraneSB.dylib,0x126A0,sub_126A0,decompile/126A0.c,1,0x11044,0,
CraneSB.dylib,0x126B8,sub_126B8,decompile/126B8.c,1,0x11110,0,
CraneSB.dylib,0x126D0,sub_126D0,decompile/126D0.c,1,0x11420,0,
CraneSB.dylib,0x126E8,sub_126E8,decompile/126E8.c,2,0x1172C; 0x11984,2,0x21370; 0x213D0
CraneSB.dylib,0x12718,sub_12718,decompile/12718.c,0,,1,0x21060
CraneSB.dylib,0x12720,_openCraneSettingsWithApplicationIdentifier,decompile/12720.c,2,0x14484; 0x19068,8,0x7A74; 0x2113C; 0x212D4; 0x212F8; 0x21370; 0x213A0; 0x213AC; 0x213D0
CraneSB.dylib,0x12AD0,_checkKeychainVersion,decompile/12AD0.c,1,0x1782C,3,0x21370; 0x213A0; 0x213D0
CraneSB.dylib,0x12B30,_keychainMigrationSuceeded,decompile/12B30.c,1,0x17A14,0,
CraneSB.dylib,0x12B3C,_handleAppLaunchContainerPicker,decompile/12B3C.c,3,0x18354; 0x18580; 0x18710,7,0x1F0DC; 0x2113C; 0x21334; 0x21370; 0x213A0; 0x213AC; 0x213D0
CraneSB.dylib,0x13130,sub_13130,decompile/13130.c,1,0x12B3C,4,0x21370; 0x213A0; 0x213AC; 0x213D0
CraneSB.dylib,0x13234,sub_13234,decompile/13234.c,1,0x13130,4,0x212D4; 0x2134C; 0x21370; 0x213B8
CraneSB.dylib,0x132BC,sub_132BC,decompile/132BC.c,0,,2,0x210F4; 0x213AC
CraneSB.dylib,0x13300,sub_13300,decompile/13300.c,0,,1,0x213A0
CraneSB.dylib,0x13338,sub_13338,decompile/13338.c,3,0x13338; 0x13390; 0x14D18,4,0x21340; 0x21370; 0x213A0; 0x213D0
CraneSB.dylib,0x13390,sub_13390,decompile/13390.c,1,0x14D18,5,0x21370; 0x213A0; 0x213AC; 0x213D0; 0x213E8
CraneSB.dylib,0x13420,sub_13420,decompile/13420.c,3,0x13420; 0x13478; 0x14D18,4,0x21340; 0x21370; 0x213A0; 0x213D0
CraneSB.dylib,0x13478,sub_13478,decompile/13478.c,1,0x14D18,5,0x21370; 0x213A0; 0x213AC; 0x213D0; 0x213E8
CraneSB.dylib,0x13508,_configureCellHook,decompile/13508.c,3,0x1621C; 0x16398; 0x164A8,8,0x210B8; 0x2134C; 0x21370; 0x213A0; 0x213AC; 0x213B8; 0x213D0; 0x21418
CraneSB.dylib,0x137FC,_crane_replacementMenu,decompile/137FC.c,1,0x145B8,15,0xA860; 0x1C064; 0x1C1C0; 0x1EB9C; 0x1EDE4; 0x1EEF0; 0x1EF7C; 0x1F0DC; 0x2113C; 0x21334; 0x21370; 0x213A0; 0x213AC; 0x213D0; 0x213DC
CraneSB.dylib,0x14214,sub_14214,decompile/14214.c,1,0x137FC,5,0x1ED64; 0x212D4; 0x2134C; 0x21370; 0x213B8
CraneSB.dylib,0x14294,sub_14294,decompile/14294.c,1,0x137FC,4,0x21370; 0x213A0; 0x213AC; 0x213D0
CraneSB.dylib,0x143CC,sub_143CC,decompile/143CC.c,1,0x14294,1,0x21238
CraneSB.dylib,0x14438,sub_14438,decompile/14438.c,0,,0,
CraneSB.dylib,0x14448,sub_14448,decompile/14448.c,0,,1,0x213AC
CraneSB.dylib,0x14484,sub_14484,decompile/14484.c,1,0x137FC,0,
CraneSB.dylib,0x1448C,sub_1448C,decompile/1448C.c,1,0x137FC,7,0x211C0; 0x212D4; 0x2134C; 0x21370; 0x213A0; 0x213AC; 0x213B8
CraneSB.dylib,0x14550,sub_14550,decompile/14550.c,1,0x1448C,4,0x2134C; 0x21370; 0x213B8; 0x213D0
CraneSB.dylib,0x145B8,_initWithTitleHook,decompile/145B8.c,2,0x149F8; 0x14B88,7,0x137FC; 0x2113C; 0x21334; 0x21370; 0x213A0; 0x213AC; 0x213D0
CraneSB.dylib,0x1486C,_resetContainerByPidCache,decompile/1486C.c,0,,1,0x21088
CraneSB.dylib,0x14894,_cranehelperd_start,decompile/14894.c,1,0x1782C,7,0x7A74; 0x2113C; 0x212D4; 0x212F8; 0x21370; 0x213A0; 0x213D0
CraneSB.dylib,0x1497C,_initUIMenuHooks,decompile/1497C.c,1,0x17A14,2,0x2134C; 0x21370
CraneSB.dylib,0x149F8,sub_149F8,decompile/149F8.c,1,0x1497C,4,0x145B8; 0x213A0; 0x213AC; 0x213D0
CraneSB.dylib,0x14B88,sub_14B88,decompile/14B88.c,1,0x1497C,4,0x145B8; 0x213A0; 0x213AC; 0x213D0
CraneSB.dylib,0x14CE0,_initApplicationShortcutHooks,decompile/14CE0.c,0,,1,0x211D8
CraneSB.dylib,0x14D18,sub_14D18,decompile/14D18.c,0,,7,0x210AC; 0x210B8; 0x21130; 0x2113C; 0x21190; 0x2119C; 0x2134C
CraneSB.dylib,0x151E4,sub_151E4,decompile/151E4.c,1,0x14D18,0,
CraneSB.dylib,0x15204,sub_15204,decompile/15204.c,1,0x14D18,1,0x21370
CraneSB.dylib,0x15240,sub_15240,decompile/15240.c,1,0x14D18,3,0x21370; 0x213A0; 0x213D0
CraneSB.dylib,0x152B8,sub_152B8,decompile/152B8.c,1,0x14D18,6,0x212D4; 0x2134C; 0x21370; 0x213A0; 0x213B8; 0x213D0
CraneSB.dylib,0x15490,sub_15490,decompile/15490.c,1,0x14D18,4,0x21370; 0x213A0; 0x213AC; 0x213D0
CraneSB.dylib,0x1555C,sub_1555C,decompile/1555C.c,1,0x14D18,8,0x210D0; 0x210DC; 0x210E8; 0x21370; 0x213A0; 0x213AC; 0x213D0; 0x213DC
CraneSB.dylib,0x15D00,sub_15D00,decompile/15D00.c,1,0x14D18,4,0x1EDE4; 0x21370; 0x213A0; 0x213D0
CraneSB.dylib,0x15D8C,sub_15D8C,decompile/15D8C.c,1,0x14D18,4,0x1EDE4; 0x21370; 0x213A0; 0x213D0
CraneSB.dylib,0x15E20,sub_15E20,decompile/15E20.c,1,0x14D18,11,0x1ECD8; 0x1EDE4; 0x1EE64; 0x2113C; 0x212D4; 0x2134C; 0x21370; 0x213A0; 0x213AC; 0x213B8; 0x213D0
CraneSB.dylib,0x1611C,sub_1611C,decompile/1611C.c,1,0x14D18,5,0x1ECD8; 0x21370; 0x213A0; 0x213AC; 0x213D0
CraneSB.dylib,0x1621C,sub_1621C,decompile/1621C.c,1,0x14D18,4,0x13508; 0x210C4; 0x213A0; 0x213AC
CraneSB.dylib,0x16398,sub_16398,decompile/16398.c,1,0x14D18,4,0x13508; 0x210C4; 0x213A0; 0x213AC
CraneSB.dylib,0x164A8,sub_164A8,decompile/164A8.c,1,0x14D18,3,0x13508; 0x213A0; 0x213AC
CraneSB.dylib,0x16598,sub_16598,decompile/16598.c,1,0x14D18,5,0x21370; 0x213A0; 0x213AC; 0x213C4; 0x213D0
CraneSB.dylib,0x166B0,sub_166B0,decompile/166B0.c,1,0x14D18,5,0x21370; 0x213A0; 0x213AC; 0x213D0; 0x21418
CraneSB.dylib,0x16820,sub_16820,decompile/16820.c,1,0x14D18,6,0x210C4; 0x21370; 0x213A0; 0x213AC; 0x213D0; 0x21418
CraneSB.dylib,0x169B8,_initApplicationShortcutLateHooks_12Down,decompile/169B8.c,0,,1,0x211D8
CraneSB.dylib,0x169F0,sub_169F0,decompile/169F0.c,0,,4,0x210AC; 0x2113C; 0x21190; 0x2134C
CraneSB.dylib,0x16A90,sub_16A90,decompile/16A90.c,1,0x169F0,14,0xA860; 0x1EB9C; 0x1EDE4; 0x1EEF0; 0x1EF7C; 0x1F0DC; 0x2113C; 0x212D4; 0x21334; 0x2134C; 0x21370; 0x213A0; 0x213B8; 0x213D0
CraneSB.dylib,0x170A4,sub_170A4,decompile/170A4.c,1,0x169F0,13,0x1ECD8; 0x1EDE4; 0x1EE64; 0x1F0DC; 0x2113C; 0x212D4; 0x212F8; 0x2134C; 0x21370; 0x213A0; 0x213AC; 0x213B8; 0x213D0
CraneSB.dylib,0x17620,_initRunningboarddErrorAlertHooks,decompile/17620.c,1,0x17A14,4,0x210AC; 0x2113C; 0x21190; 0x2134C
CraneSB.dylib,0x17768,sub_17768,decompile/17768.c,1,0x17620,2,0x213A0; 0x213AC
CraneSB.dylib,0x177CC,j__crane_presentLibSandyNotWorkingError,decompile/177CC.c,1,0x17620,0,
CraneSB.dylib,0x177D0,sub_177D0,decompile/177D0.c,1,0x17620,2,0x19E70; 0x213AC
CraneSB.dylib,0x17814,sub_17814,decompile/17814.c,1,0x17620,0,
CraneSB.dylib,0x1781C,sub_1781C,decompile/1781C.c,1,0x17620,0,
CraneSB.dylib,0x17824,sub_17824,decompile/17824.c,1,0x17620,0,
CraneSB.dylib,0x1782C,_didFinishLaunching,decompile/1782C.c,1,0x17A14,11,0x12AD0; 0x14894; 0x1ECD8; 0x21088; 0x210A0; 0x211C0; 0x211CC; 0x211D8; 0x21370; 0x213A0; 0x213D0
CraneSB.dylib,0x179C4,sub_179C4,decompile/179C4.c,0,,2,0x213AC; 0x213F4
CraneSB.dylib,0x17A10,j__badgeCountStore_init,decompile/17A10.c,0,,0,
CraneSB.dylib,0x17A14,_crane_initSpringBoard,decompile/17A14.c,1,0x1BC70,22,0x7A74; 0x7F58; 0xCBEC; 0x1497C; 0x17620; 0x1BBB8; 0x1C580; 0x1ECD8; 0x2107C; 0x21088; 0x21094; 0x210AC; 0x2113C; 0x21190; 0x211D8; 0x212F8; 0x21304; 0x21310; 0x2134C; 0x21370; 0x213A0; 0x213D0
CraneSB.dylib,0x17D28,sub_17D28,decompile/17D28.c,1,0x17A14,6,0x20124; 0x205CC; 0x21370; 0x213A0; 0x213AC; 0x213D0
CraneSB.dylib,0x17DF4,sub_17DF4,decompile/17DF4.c,1,0x17A14,6,0x19A2C; 0x212B0; 0x21370; 0x213A0; 0x213AC; 0x213D0
CraneSB.dylib,0x17F14,sub_17F14,decompile/17F14.c,1,0x17A14,6,0x19A2C; 0x212B0; 0x21370; 0x213A0; 0x213AC; 0x213D0
CraneSB.dylib,0x1801C,sub_1801C,decompile/1801C.c,1,0x17A14,4,0x21370; 0x213A0; 0x213AC; 0x213D0
CraneSB.dylib,0x180F0,sub_180F0,decompile/180F0.c,1,0x17A14,6,0x1B360; 0x1B45C; 0x21370; 0x213A0; 0x213AC; 0x213D0
CraneSB.dylib,0x18238,sub_18238,decompile/18238.c,1,0x17A14,4,0x21370; 0x213A0; 0x213AC; 0x213DC
CraneSB.dylib,0x18354,sub_18354,decompile/18354.c,1,0x17A14,8,0x12B3C; 0x1F008; 0x2134C; 0x21370; 0x213A0; 0x213AC; 0x213B8; 0x213D0
CraneSB.dylib,0x18580,sub_18580,decompile/18580.c,1,0x17A14,6,0x12B3C; 0x1F008; 0x21370; 0x213A0; 0x213AC; 0x213D0
CraneSB.dylib,0x18710,sub_18710,decompile/18710.c,1,0x17A14,6,0x12B3C; 0x1F008; 0x21370; 0x213A0; 0x213AC; 0x213D0
CraneSB.dylib,0x188B4,sub_188B4,decompile/188B4.c,1,0x149F8,2,0x213A0; 0x213AC
CraneSB.dylib,0x1891C,sub_1891C,decompile/1891C.c,0,,1,0x213AC
CraneSB.dylib,0x1895C,sub_1895C,decompile/1895C.c,0,,1,0x213A0
CraneSB.dylib,0x1899C,sub_1899C,decompile/1899C.c,1,0x14B88,2,0x213A0; 0x213AC
CraneSB.dylib,0x18A04,sub_18A04,decompile/18A04.c,0,,1,0x213AC
CraneSB.dylib,0x18A3C,sub_18A3C,decompile/18A3C.c,1,0x1555C,5,0x21370; 0x213A0; 0x213AC; 0x213D0; 0x213DC
CraneSB.dylib,0x18B4C,sub_18B4C,decompile/18B4C.c,1,0x18A3C,5,0x2134C; 0x21370; 0x213A0; 0x213B8; 0x213D0
CraneSB.dylib,0x18CFC,sub_18CFC,decompile/18CFC.c,0,,0,
CraneSB.dylib,0x18D08,sub_18D08,decompile/18D08.c,1,0x1555C,5,0x1ED64; 0x21370; 0x213A0; 0x213AC; 0x213D0
CraneSB.dylib,0x18E84,sub_18E84,decompile/18E84.c,1,0x18D08,3,0x1ED64; 0x21370; 0x213D0
CraneSB.dylib,0x18F04,sub_18F04,decompile/18F04.c,1,0x1555C,8,0x211C0; 0x212D4; 0x2134C; 0x21370; 0x213A0; 0x213AC; 0x213B8; 0x213D0
CraneSB.dylib,0x19000,sub_19000,decompile/19000.c,1,0x18F04,4,0x2134C; 0x21370; 0x213B8; 0x213D0
CraneSB.dylib,0x19068,sub_19068,decompile/19068.c,1,0x1555C,0,
CraneSB.dylib,0x19070,nullsub_1,decompile/19070.c,0,,0,
CraneSB.dylib,0x19074,sub_19074,decompile/19074.c,1,0x1621C,0,
CraneSB.dylib,0x19098,sub_19098,decompile/19098.c,1,0x16398,0,
CraneSB.dylib,0x190B8,sub_190B8,decompile/190B8.c,1,0x164A8,0,
CraneSB.dylib,0x190D4,sub_190D4,decompile/190D4.c,1,0x16598,7,0x212D4; 0x2134C; 0x21370; 0x213A0; 0x213AC; 0x213B8; 0x213D0
CraneSB.dylib,0x194EC,sub_194EC,decompile/194EC.c,1,0x18238,4,0x21370; 0x213A0; 0x213AC; 0x213D0
CraneSB.dylib,0x19608,sub_19608,decompile/19608.c,1,0x194EC,6,0x19E70; 0x1A68C; 0x2113C; 0x21370; 0x213A0; 0x213D0
CraneSB.dylib,0x19758,sub_19758,decompile/19758.c,1,0x18354,0,
CraneSB.dylib,0x19770,sub_19770,decompile/19770.c,1,0x18580,0,
CraneSB.dylib,0x19788,sub_19788,decompile/19788.c,1,0x18710,0,
CraneSB.dylib,0x197A4,_crane_stringifyDaemons,decompile/197A4.c,1,0x19E70,5,0x1F0DC; 0x21370; 0x213A0; 0x213AC; 0x213D0
CraneSB.dylib,0x19A2C,_crane_presentLibSandyNotWorkingError,decompile/19A2C.c,4,0x177CC; 0x17DF4; 0x17F14; 0x1B45C,11,0x1F0DC; 0x1FC88; 0x2113C; 0x211C0; 0x212D4; 0x2134C; 0x21370; 0x213A0; 0x213AC; 0x213B8; 0x213D0
CraneSB.dylib,0x19DF8,sub_19DF8,decompile/19DF8.c,1,0x19A2C,0,
CraneSB.dylib,0x19E08,sub_19E08,decompile/19E08.c,1,0x19A2C,4,0x2134C; 0x21370; 0x213B8; 0x213D0
CraneSB.dylib,0x19E70,_crane_presentDaemonError,decompile/19E70.c,3,0x177D0; 0x19608; 0x1B45C,12,0x197A4; 0x1F0DC; 0x1FC88; 0x2113C; 0x211C0; 0x212D4; 0x2134C; 0x21370; 0x213A0; 0x213AC; 0x213B8; 0x213D0
CraneSB.dylib,0x1A53C,sub_1A53C,decompile/1A53C.c,1,0x19E70,5,0x2134C; 0x21370; 0x213A0; 0x213B8; 0x213D0
CraneSB.dylib,0x1A614,sub_1A614,decompile/1A614.c,1,0x19E70,0,
CraneSB.dylib,0x1A624,sub_1A624,decompile/1A624.c,1,0x19E70,4,0x2134C; 0x21370; 0x213B8; 0x213D0
CraneSB.dylib,0x1A68C,_crane_presentMainDylibNotLoadedError,decompile/1A68C.c,2,0x17814; 0x19608,10,0x1F0DC; 0x2113C; 0x211C0; 0x212D4; 0x2134C; 0x21370; 0x213A0; 0x213AC; 0x213B8; 0x213D0
CraneSB.dylib,0x1A940,sub_1A940,decompile/1A940.c,1,0x1A68C,0,
CraneSB.dylib,0x1A950,sub_1A950,decompile/1A950.c,1,0x1A68C,6,0x1F0DC; 0x2134C; 0x21370; 0x213A0; 0x213B8; 0x213D0
CraneSB.dylib,0x1AA34,_crane_presentApsdRegistrationError,decompile/1AA34.c,3,0xDA30; 0xDF68; 0x1781C,10,0x1F0DC; 0x2113C; 0x211C0; 0x212D4; 0x2134C; 0x21370; 0x213A0; 0x213AC; 0x213B8; 0x213D0
CraneSB.dylib,0x1AD5C,sub_1AD5C,decompile/1AD5C.c,1,0x1AA34,0,
CraneSB.dylib,0x1AD6C,sub_1AD6C,decompile/1AD6C.c,1,0x1AA34,7,0x1F0DC; 0x1FC88; 0x2134C; 0x21370; 0x213A0; 0x213B8; 0x213D0
CraneSB.dylib,0x1AEC0,_crane_presentPkdRegistrationError,decompile/1AEC0.c,2,0xB7B8; 0x17824,10,0x1F0DC; 0x2113C; 0x211C0; 0x212D4; 0x2134C; 0x21370; 0x213A0; 0x213AC; 0x213B8; 0x213D0
CraneSB.dylib,0x1B1FC,sub_1B1FC,decompile/1B1FC.c,1,0x1AEC0,0,
CraneSB.dylib,0x1B20C,sub_1B20C,decompile/1B20C.c,1,0x1AEC0,7,0x1F0DC; 0x1FC88; 0x2134C; 0x21370; 0x213A0; 0x213B8; 0x213D0
CraneSB.dylib,0x1B360,_crane_containerToRedirectTo,decompile/1B360.c,1,0x180F0,4,0x21370; 0x213A0; 0x213AC; 0x213D0
CraneSB.dylib,0x1B45C,_crane_applyEnvironmentChanges,decompile/1B45C.c,2,0x180F0; 0x1BD44,9,0x19A2C; 0x19E70; 0x21100; 0x212B0; 0x21370; 0x213A0; 0x213AC; 0x213D0; 0x213F4
CraneSB.dylib,0x1BA50,sub_1BA50,decompile/1BA50.c,0,,2,0x21100; 0x21118
CraneSB.dylib,0x1BA88,sub_1BA88,decompile/1BA88.c,0,,0,
CraneSB.dylib,0x1BA8C,sub_1BA8C,decompile/1BA8C.c,1,0x1B45C,0,
CraneSB.dylib,0x1BA9C,sub_1BA9C,decompile/1BA9C.c,1,0x1B45C,0,
CraneSB.dylib,0x1BAA4,sub_1BAA4,decompile/1BAA4.c,1,0x1B45C,2,0x213A0; 0x213AC
CraneSB.dylib,0x1BB30,sub_1BB30,decompile/1BB30.c,0,,1,0x210F4
CraneSB.dylib,0x1BB7C,sub_1BB7C,decompile/1BB7C.c,0,,1,0x21100
CraneSB.dylib,0x1BBB8,_crane_initChoicyIntegration,decompile/1BBB8.c,2,0x17A14; 0x1BF10,8,0x7A74; 0x210B8; 0x21184; 0x21244; 0x212D4; 0x21370; 0x213A0; 0x213D0
CraneSB.dylib,0x1BC70,InitFunc_2,decompile/1BC70.c,0,,7,0x17A14; 0x1BF10; 0x1F778; 0x1FB8C; 0x21370; 0x213A0; 0x213D0
CraneSB.dylib,0x1BD44,_executeLaunchRequest_hook,decompile/1BD44.c,2,0x1BF74; 0x1BFEC,6,0x1B45C; 0x212A4; 0x21370; 0x213A0; 0x213AC; 0x213D0
CraneSB.dylib,0x1BF10,_crane_initRunningBoardd,decompile/1BF10.c,1,0x1BC70,2,0x210AC; 0x2134C
CraneSB.dylib,0x1BF74,sub_1BF74,decompile/1BF74.c,1,0x1BF10,4,0x1BD44; 0x213A0; 0x213AC; 0x213D0
CraneSB.dylib,0x1BFEC,sub_1BFEC,decompile/1BFEC.c,1,0x1BF10,4,0x1BD44; 0x213A0; 0x213AC; 0x213D0
CraneSB.dylib,0x1C064,+[CRBadgeAction actionWithTitle:badgeText:image:identifier:associatedApplicationIdentifier:handler:],decompile/1C064.c,1,0x137FC,6,0x2134C; 0x21370; 0x213A0; 0x213AC; 0x213D0; 0x21418
CraneSB.dylib,0x1C188,-[CRBadgeAction badgeText],decompile/1C188.c,0,,0,
CraneSB.dylib,0x1C194,-[CRBadgeAction setBadgeText:],decompile/1C194.c,0,,0,
CraneSB.dylib,0x1C1A4,-[CRBadgeAction associatedApplicationID],decompile/1C1A4.c,0,,0,
CraneSB.dylib,0x1C1B0,-[CRBadgeAction setAssociatedApplicationID:],decompile/1C1B0.c,0,,0,
CraneSB.dylib,0x1C1C0,+[CRSubtitleMenu menuWithTitle:subtitle:image:identifier:options:children:],decompile/1C1C0.c,1,0x137FC,6,0x2134C; 0x21370; 0x213A0; 0x213AC; 0x213D0; 0x21418
CraneSB.dylib,0x1C2B0,-[CRSubtitleMenu subtitle],decompile/1C2B0.c,0,,0,
CraneSB.dylib,0x1C2BC,-[CRSubtitleMenu setSubtitle:],decompile/1C2BC.c,0,,0,
CraneSB.dylib,0x1C2CC,-[CRSubtitleMenu copyWithZone:],decompile/1C2CC.c,1,0x1C2CC,6,0x1C2B0; 0x1C2CC; 0x21370; 0x2137C; 0x213A0; 0x213D0
CraneSB.dylib,0x1C34C,-[CRSubtitleMenu _copyWithOverrideChildren:],decompile/1C34C.c,1,0x1C34C,6,0x1C2B0; 0x1C34C; 0x21370; 0x2137C; 0x213A0; 0x213D0
CraneSB.dylib,0x1C3CC,-[CRSubtitleMenu _immutableCopy],decompile/1C3CC.c,1,0x1C3CC,6,0x1C2B0; 0x1C3CC; 0x21370; 0x2137C; 0x213A0; 0x213D0
CraneSB.dylib,0x1C454,-[CRSubtitleMenu _mutableCopy],decompile/1C454.c,1,0x1C454,6,0x1C2B0; 0x1C454; 0x21370; 0x2137C; 0x213A0; 0x213D0
CraneSB.dylib,0x1C4D4,+[CraneActivatorManager sharedInstance],decompile/1C4D4.c,0,,1,0x211D8
CraneSB.dylib,0x1C548,sub_1C548,decompile/1C548.c,1,0x1C4D4,1,0x21370
CraneSB.dylib,0x1C578,nullsub_4,decompile/1C578.c,0,,0,
CraneSB.dylib,0x1C57C,nullsub_5,decompile/1C57C.c,0,,0,
CraneSB.dylib,0x1C580,+[CraneActivatorManager startIfPossible],decompile/1C580.c,1,0x17A14,6,0x7A74; 0x21244; 0x2134C; 0x21370; 0x213A0; 0x213D0
CraneSB.dylib,0x1C61C,-[CraneActivatorManager init],decompile/1C61C.c,1,0x1C61C,7,0x1C61C; 0x1CAD0; 0x1DAC4; 0x21370; 0x2137C; 0x213A0; 0x213D0
CraneSB.dylib,0x1C740,-[CraneActivatorManager dealloc],decompile/1C740.c,1,0x1C740,7,0x1C740; 0x1CAC4; 0x1DEE0; 0x21370; 0x2137C; 0x213A0; 0x213D0
CraneSB.dylib,0x1C814,-[CraneActivatorManager didChangeContainersOfApplicationWithIdentifier:],decompile/1C814.c,0,,2,0x1CAD0; 0x21370
CraneSB.dylib,0x1C848,-[CraneActivatorManager applicationsDidInstall:],decompile/1C848.c,0,,2,0x1CAD0; 0x21370
CraneSB.dylib,0x1C87C,-[CraneActivatorManager applicationsDidUninstall:],decompile/1C87C.c,0,,2,0x1CAD0; 0x21370
CraneSB.dylib,0x1C8B0,-[CraneActivatorManager listenerNameForSettingActiveContainerOfApplicationWithIdentifier:toActiveContainerWithIdentifier:],decompile/1C8B0.c,0,,4,0x21370; 0x213A0; 0x213AC; 0x213D0
CraneSB.dylib,0x1C924,-[CraneActivatorManager listenerNameIsSetActiveContainerListener:],decompile/1C924.c,0,,0,
CraneSB.dylib,0x1C93C,-[CraneActivatorManager applicationIdentifierForSetActiveContainerListenerName:],decompile/1C93C.c,0,,5,0x1C924; 0x21370; 0x213A0; 0x213AC; 0x213D0
CraneSB.dylib,0x1CA00,-[CraneActivatorManager containerIdentifierForSetActiveContainerListenerName:],decompile/1CA00.c,0,,5,0x1C924; 0x21370; 0x213A0; 0x213AC; 0x213D0
CraneSB.dylib,0x1CAC4,-[CraneActivatorManager unregisterAllListeners],decompile/1CAC4.c,1,0x1C740,0,
CraneSB.dylib,0x1CAD0,-[CraneActivatorManager updateAvailableListeners],decompile/1CAD0.c,4,0x1C61C; 0x1C814; 0x1C848; 0x1C87C,0,
CraneSB.dylib,0x1CADC,-[CraneActivatorManager updateSetActiveContainerListeners],decompile/1CADC.c,1,0x1CAD0,3,0x21370; 0x213A0; 0x213D0
CraneSB.dylib,0x1CBD0,sub_1CBD0,decompile/1CBD0.c,1,0x1CADC,4,0x21370; 0x213A0; 0x213AC; 0x213D0
CraneSB.dylib,0x1CD38,sub_1CD38,decompile/1CD38.c,1,0x1CADC,4,0x21370; 0x213A0; 0x213AC; 0x213D0
CraneSB.dylib,0x1CE60,sub_1CE60,decompile/1CE60.c,1,0x1CD38,2,0x21370; 0x213D0
CraneSB.dylib,0x1CEF4,-[CraneActivatorManager unregisterSetActiveContainerListeners],decompile/1CEF4.c,1,0x1CAC4,1,0x21370
CraneSB.dylib,0x1CF34,sub_1CF34,decompile/1CF34.c,0,,0,
CraneSB.dylib,0x1CF4C,-[CraneActivatorManager activator:receiveEvent:forListenerName:],decompile/1CF4C.c,0,,7,0x1C93C; 0x1CA00; 0x2113C; 0x21370; 0x213A0; 0x213AC; 0x213D0
CraneSB.dylib,0x1D12C,nullsub_2,decompile/1D12C.c,0,,0,
CraneSB.dylib,0x1D130,-[CraneActivatorManager activator:abortEvent:forListenerName:],decompile/1D130.c,0,,5,0x1C93C; 0x21370; 0x213A0; 0x213AC; 0x213D0
CraneSB.dylib,0x1D234,-[CraneActivatorManager activator:receiveUnlockingDeviceEvent:forListenerName:],decompile/1D234.c,0,,0,
CraneSB.dylib,0x1D23C,-[CraneActivatorManager activator:requiresLocalizedTitleForListenerName:],decompile/1D23C.c,0,,7,0x1C924; 0x1C93C; 0x1CA00; 0x21370; 0x213A0; 0x213AC; 0x213D0
CraneSB.dylib,0x1D3CC,-[CraneActivatorManager activator:requiresLocalizedDescriptionForListenerName:],decompile/1D3CC.c,0,,8,0x1C924; 0x1C93C; 0x1CA00; 0x1F0DC; 0x21370; 0x213A0; 0x213AC; 0x213D0
CraneSB.dylib,0x1D52C,-[CraneActivatorManager activator:requiresLocalizedGroupForListenerName:],decompile/1D52C.c,0,,0,
CraneSB.dylib,0x1D538,-[CraneActivatorManager activator:requiresRequiresAssignmentForListenerName:],decompile/1D538.c,0,,0,
CraneSB.dylib,0x1D550,-[CraneActivatorManager activator:requiresCompatibleEventModesForListenerWithName:],decompile/1D550.c,0,,1,0x21370
CraneSB.dylib,0x1D59C,-[CraneActivatorManager activator:requiresIsCompatibleWithEventName:listenerName:],decompile/1D59C.c,0,,0,
CraneSB.dylib,0x1D5B4,-[CraneActivatorManager activator:requiresExclusiveAssignmentGroupsForListenerName:],decompile/1D5B4.c,0,,0,
CraneSB.dylib,0x1D5C8,-[CraneActivatorManager activator:requiresInfoDictionaryValueOfKey:forListenerWithName:],decompile/1D5C8.c,0,,0,
CraneSB.dylib,0x1D5D0,-[CraneActivatorManager activator:requiresNeedsPoweredDisplayForListenerName:],decompile/1D5D0.c,0,,0,
CraneSB.dylib,0x1D5D8,-[CraneActivatorManager imageForApplicationWithIdentifier:scale:],decompile/1D5D8.c,0,,5,0x210B8; 0x21370; 0x213A0; 0x213AC; 0x213D0
CraneSB.dylib,0x1D6B8,-[CraneActivatorManager activator:requiresIconForListenerName:scale:],decompile/1D6B8.c,0,,7,0x1C924; 0x1C93C; 0x1D5D8; 0x21370; 0x213A0; 0x213AC; 0x213D0
CraneSB.dylib,0x1D76C,-[CraneActivatorManager activator:requiresSmallIconForListenerName:scale:],decompile/1D76C.c,0,,7,0x1C924; 0x1C93C; 0x1D5D8; 0x21370; 0x213A0; 0x213AC; 0x213D0
CraneSB.dylib,0x1D820,-[CraneActivatorManager activator:requiresSupportsRemovalForListenerWithName:],decompile/1D820.c,0,,0,
CraneSB.dylib,0x1D828,-[CraneActivatorManager activator:requestsRemovalForListenerWithName:],decompile/1D828.c,0,,0,
CraneSB.dylib,0x1D82C,-[CraneActivatorManager changedToContainerEventNameForContainerIdentifier:ofApplicationWithIdentifier:],decompile/1D82C.c,0,,4,0x21370; 0x213A0; 0x213AC; 0x213D0
CraneSB.dylib,0x1D8A0,-[CraneActivatorManager eventNameIsChangedToContainerEvent:],decompile/1D8A0.c,0,,4,0x21370; 0x213A0; 0x213AC; 0x213D0
CraneSB.dylib,0x1D93C,-[CraneActivatorManager containerIDForChangedToContainerEventName:],decompile/1D93C.c,0,,5,0x1D8A0; 0x21370; 0x213A0; 0x213AC; 0x213D0
CraneSB.dylib,0x1DA00,-[CraneActivatorManager applicationIDForChangedToContainerEventName:],decompile/1DA00.c,0,,5,0x1D8A0; 0x21370; 0x213A0; 0x213AC; 0x213D0
CraneSB.dylib,0x1DAC4,-[CraneActivatorManager updateProvidedEvents],decompile/1DAC4.c,4,0x1C61C; 0x1C814; 0x1C848; 0x1C87C,3,0x21370; 0x213A0; 0x213D0
CraneSB.dylib,0x1DBB8,sub_1DBB8,decompile/1DBB8.c,1,0x1DAC4,4,0x21370; 0x213A0; 0x213AC; 0x213D0
CraneSB.dylib,0x1DD20,sub_1DD20,decompile/1DD20.c,1,0x1DAC4,4,0x21370; 0x213A0; 0x213AC; 0x213D0
CraneSB.dylib,0x1DE4C,sub_1DE4C,decompile/1DE4C.c,1,0x1DD20,2,0x21370; 0x213D0
CraneSB.dylib,0x1DEE0,-[CraneActivatorManager unregisterAllEvents],decompile/1DEE0.c,1,0x1C740,1,0x21370
CraneSB.dylib,0x1DF20,sub_1DF20,decompile/1DF20.c,0,,0,
CraneSB.dylib,0x1DF38,-[CraneActivatorManager localizedGroupForEventName:],decompile/1DF38.c,0,,0,
CraneSB.dylib,0x1DF44,-[CraneActivatorManager localizedTitleForEventName:],decompile/1DF44.c,0,,7,0x1D8A0; 0x1D93C; 0x1DA00; 0x21370; 0x213A0; 0x213AC; 0x213D0
CraneSB.dylib,0x1E0D4,-[CraneActivatorManager localizedDescriptionForEventName:],decompile/1E0D4.c,0,,8,0x1D8A0; 0x1D93C; 0x1DA00; 0x1F0DC; 0x21370; 0x213A0; 0x213AC; 0x213D0
CraneSB.dylib,0x1E284,-[CraneActivatorManager eventWithName:isCompatibleWithMode:],decompile/1E284.c,0,,0,
CraneSB.dylib,0x1E28C,-[CraneActivatorManager .cxx_destruct],decompile/1E28C.c,0,,1,0x213F4
CraneSB.dylib,0x1E2BC,_parseNumberBool,decompile/1E2BC.c,5,0x1E3A4; 0x1E4E0; 0x1E65C; 0x1E7A0; 0x1E920,3,0x21370; 0x213A0; 0x213AC
CraneSB.dylib,0x1E330,_parseNumberInteger,decompile/1E330.c,2,0x1E7A0; 0x1E920,3,0x21370; 0x213A0; 0x213AC
CraneSB.dylib,0x1E3A4,-[CraneChoicyOverwriteProvider providedOverridesForApplication:],decompile/1E3A4.c,0,,5,0x1E2BC; 0x21370; 0x213A0; 0x213AC; 0x213D0
CraneSB.dylib,0x1E4E0,-[CraneChoicyOverwriteProvider customTweakConfigurationEnabledOverrideForApplication:],decompile/1E4E0.c,0,,5,0x1E2BC; 0x21370; 0x213A0; 0x213AC; 0x213D0
CraneSB.dylib,0x1E65C,-[CraneChoicyOverwriteProvider overwriteGlobalConfigurationOverrideForApplication:],decompile/1E65C.c,0,,5,0x1E2BC; 0x21370; 0x213A0; 0x213AC; 0x213D0
CraneSB.dylib,0x1E798,-[CraneChoicyOverwriteProvider disableTweakInjectionOverrideForApplication:],decompile/1E798.c,0,,0,
CraneSB.dylib,0x1E7A0,-[CraneChoicyOverwriteProvider customTweakConfigurationAllowDenyModeOverrideForApplication:],decompile/1E7A0.c,0,,6,0x1E2BC; 0x1E330; 0x21370; 0x213A0; 0x213AC; 0x213D0
CraneSB.dylib,0x1E920,-[CraneChoicyOverwriteProvider customTweakConfigurationAllowOrDenyListOverrideForApplication:],decompile/1E920.c,0,,7,0x1E2BC; 0x1E330; 0x2113C; 0x21370; 0x213A0; 0x213AC; 0x213D0
CraneSB.dylib,0x1EB9C,_notificationRedirectionEnabledForApp,decompile/1EB9C.c,4,0xB5DC; 0xEDF4; 0x137FC; 0x16A90,4,0x21370; 0x213A0; 0x213AC; 0x213D0
CraneSB.dylib,0x1ECD8,_applicationShortcutsEnabled,decompile/1ECD8.c,5,0x15E20; 0x1611C; 0x170A4; 0x1782C; 0x17A14,3,0x21370; 0x213A0; 0x213D0
CraneSB.dylib,0x1ED64,_launchApplicationOnContainerSelectionEnabled,decompile/1ED64.c,5,0x9F8C; 0xA204; 0x14214; 0x18D08; 0x18E84,3,0x21370; 0x213A0; 0x213D0
CraneSB.dylib,0x1EDE4,_expandContainersShortcutEnabled,decompile/1EDE4.c,6,0x137FC; 0x15D00; 0x15D8C; 0x15E20; 0x16A90; 0x170A4,3,0x21370; 0x213A0; 0x213D0
CraneSB.dylib,0x1EE64,_onlyShowIfContainersExistEnabled,decompile/1EE64.c,2,0x15E20; 0x170A4,3,0x21370; 0x213A0; 0x213D0
CraneSB.dylib,0x1EEF0,_newContainerShortcutEnabled,decompile/1EEF0.c,2,0x137FC; 0x16A90,3,0x21370; 0x213A0; 0x213D0
CraneSB.dylib,0x1EF7C,_showContainerNotificationBadgesEnabled,decompile/1EF7C.c,2,0x137FC; 0x16A90,3,0x21370; 0x213A0; 0x213D0
CraneSB.dylib,0x1F008,_alwaysAskBeforeLaunchEnabled,decompile/1F008.c,3,0x18354; 0x18580; 0x18710,4,0x21370; 0x213A0; 0x213AC; 0x213D0
CraneSB.dylib,0x1F0DC,_localize,decompile/1F0DC.c,17,0x9F8C; 0xA1A8; 0x12B3C; 0x137FC; 0x16A90; 0x170A4; 0x197A4; 0x19A2C; 0x19E70; 0x1A68C; 0x1A950; 0x1AA34; 0x1AD6C; 0x1AEC0; 0x1B20C; 0x1D3CC; 0x1E0D4,7,0x7A74; 0x2113C; 0x212F8; 0x21370; 0x213A0; 0x213AC; 0x213D0
CraneSB.dylib,0x1F2E4,_containerPathForContainer,decompile/1F2E4.c,0,,4,0x21370; 0x213A0; 0x213AC; 0x213D0
CraneSB.dylib,0x1F398,_createDirectoryIfNotExists,decompile/1F398.c,0,,5,0x2113C; 0x21370; 0x213A0; 0x213AC; 0x213D0
CraneSB.dylib,0x1F578,_normalizedContainerID,decompile/1F578.c,0,,2,0x213A0; 0x213AC
CraneSB.dylib,0x1F5C0,_requestAuthentication,decompile/1F5C0.c,0,,4,0x212D4; 0x21370; 0x213A0; 0x213AC
CraneSB.dylib,0x1F6F8,sub_1F6F8,decompile/1F6F8.c,1,0x1F5C0,5,0x211C0; 0x211CC; 0x213A0; 0x213AC; 0x213D0
CraneSB.dylib,0x1F778,_initUNProtocol,decompile/1F778.c,1,0x1BC70,1,0x211D8
CraneSB.dylib,0x1F7B0,sub_1F7B0,decompile/1F7B0.c,0,,6,0x212EC; 0x21358; 0x21394; 0x213A0; 0x213D0; 0x21424
CraneSB.dylib,0x1F850,_getInjectionPlatform,decompile/1F850.c,0,,8,0x7A74; 0x2113C; 0x2116C; 0x21178; 0x212F8; 0x21370; 0x213A0; 0x213D0
CraneSB.dylib,0x1FA44,_getSecurityAccessGroupsToIgnore,decompile/1FA44.c,0,,1,0x211D8
CraneSB.dylib,0x1FA84,sub_1FA84,decompile/1FA84.c,0,,2,0x21370; 0x213D0
CraneSB.dylib,0x1FB18,_initLSDProtocol,decompile/1FB18.c,0,,6,0x212EC; 0x21358; 0x21394; 0x213A0; 0x213D0; 0x21424
CraneSB.dylib,0x1FB8C,_safe_getExecutablePath,decompile/1FB8C.c,1,0x1BC70,3,0x2110C; 0x2113C; 0x21370
CraneSB.dylib,0x1FC04,_getProcessName,decompile/1FC04.c,0,,3,0x2110C; 0x2113C; 0x21370
CraneSB.dylib,0x1FC88,_isDylibLoaded,decompile/1FC88.c,4,0x19A2C; 0x19E70; 0x1AD6C; 0x1B20C,6,0x2116C; 0x21178; 0x21370; 0x213A0; 0x213AC; 0x213D0
CraneSB.dylib,0x1FD74,_craneDylibInjectsInSafeModeEnabled,decompile/1FD74.c,0,,6,0x7A74; 0x2113C; 0x212F8; 0x21370; 0x213A0; 0x213D0
CraneSB.dylib,0x1FEF0,_buildCraneTopic,decompile/1FEF0.c,8,0xC8B4; 0xD958; 0xDA30; 0xDC5C; 0xDF68; 0xE194; 0xEBA0; 0x10AD8,4,0x21370; 0x213A0; 0x213AC; 0x213D0
CraneSB.dylib,0x1FF68,_isCraneTopic,decompile/1FF68.c,10,0xDE54; 0xE2C4; 0xE448; 0xE4DC; 0xE570; 0xE604; 0xE698; 0xE94C; 0xEA50; 0x10350,0,
CraneSB.dylib,0x1FF7C,_decodeCraneTopic,decompile/1FF7C.c,10,0xDE54; 0xE2C4; 0xE448; 0xE4DC; 0xE570; 0xE604; 0xE698; 0xE94C; 0xEA50; 0x10350,3,0x212F8; 0x21370; 0x213D0
CraneSB.dylib,0x20018,_CRObjHasIvar,decompile/20018.c,1,0xDF68,2,0x211A8; 0x2140C
CraneSB.dylib,0x20048,_msleep,decompile/20048.c,0,,2,0x21124; 0x212C8
CraneSB.dylib,0x200DC,_clearActiveContainerCache,decompile/200DC.c,1,0x20244,4,0x20124; 0x20534; 0x21370; 0x213D0
CraneSB.dylib,0x20124,+[ClientContainerCache sharedInstance],decompile/20124.c,8,0xA4A0; 0xDA30; 0xDC5C; 0xDF68; 0xE194; 0xEA50; 0x17D28; 0x200DC,1,0x211D8
CraneSB.dylib,0x20164,sub_20164,decompile/20164.c,0,,3,0x2019C; 0x212D4; 0x21370
CraneSB.dylib,0x2019C,-[ClientContainerCache init],decompile/2019C.c,2,0x20164; 0x2019C,9,0x2019C; 0x20244; 0x20534; 0x211F0; 0x211FC; 0x21370; 0x2137C; 0x213A0; 0x213D0
CraneSB.dylib,0x20244,-[ClientContainerCache _registerForClearMessages],decompile/20244.c,1,0x2019C,1,0x21088
CraneSB.dylib,0x20274,-[ClientContainerCache _getActiveContainerFromCacheForPid:],decompile/20274.c,0,,4,0x21100; 0x2122C; 0x213A0; 0x213AC
CraneSB.dylib,0x20334,sub_20334,decompile/20334.c,2,0x20274; 0x205CC,0,
CraneSB.dylib,0x20344,sub_20344,decompile/20344.c,2,0x20274; 0x205CC,0,
CraneSB.dylib,0x2034C,sub_2034C,decompile/2034C.c,1,0x20274,3,0x21370; 0x213A0; 0x213D0
CraneSB.dylib,0x203D4,sub_203D4,decompile/203D4.c,0,,1,0x213AC
CraneSB.dylib,0x20408,sub_20408,decompile/20408.c,0,,1,0x21100
CraneSB.dylib,0x20434,-[ClientContainerCache _setActiveContainer:toCacheForPid:],decompile/20434.c,0,,3,0x211C0; 0x213A0; 0x213AC
CraneSB.dylib,0x204C8,sub_204C8,decompile/204C8.c,1,0x20434,2,0x21370; 0x213D0
CraneSB.dylib,0x20534,-[ClientContainerCache _clearActiveContainerCache],decompile/20534.c,2,0x200DC; 0x2019C,1,0x2122C
CraneSB.dylib,0x2058C,sub_2058C,decompile/2058C.c,1,0x20534,1,0x21370
CraneSB.dylib,0x205CC,-[ClientContainerCache activeContainerIdentifierForPid:],decompile/205CC.c,7,0xA4A0; 0xDA30; 0xDC5C; 0xDF68; 0xE194; 0xEA50; 0x17D28,19,0x20274; 0x20434; 0x21100; 0x211CC; 0x21208; 0x21220; 0x21238; 0x21370; 0x213A0; 0x213AC; 0x213D0; 0x213F4; 0x21478; 0x21484; 0x21490; 0x2149C; 0x214A8; 0x214C0; 0x214CC
CraneSB.dylib,0x2099C,sub_2099C,decompile/2099C.c,0,,2,0x21100; 0x21118
CraneSB.dylib,0x209D4,sub_209D4,decompile/209D4.c,0,,0,
CraneSB.dylib,0x209D8,sub_209D8,decompile/209D8.c,1,0x205CC,3,0x21370; 0x213A0; 0x213D0
CraneSB.dylib,0x20A94,sub_20A94,decompile/20A94.c,1,0x209D8,0,
CraneSB.dylib,0x20AA4,nullsub_3,decompile/20AA4.c,0,,0,
CraneSB.dylib,0x20AA8,sub_20AA8,decompile/20AA8.c,1,0x205CC,7,0x21214; 0x21370; 0x213A0; 0x213AC; 0x213D0; 0x214B4; 0x214D8
CraneSB.dylib,0x20B3C,-[ClientContainerCache .cxx_destruct],decompile/20B3C.c,0,,1,0x213F4
CraneSB.dylib,0x20B78,sub_20B78,decompile/20B78.c,0,,1,0x211E4
CraneSB.dylib,0x20C3C,sub_20C3C,decompile/20C3C.c,2,0x20B78; 0x20F58,11,0x2113C; 0x21250; 0x2125C; 0x21268; 0x21274; 0x21280; 0x2128C; 0x21298; 0x212BC; 0x2143C; 0x21448
CraneSB.dylib,0x20F58,sub_20F58,decompile/20F58.c,1,0xA4A0,2,0x2113C; 0x211E4
CraneSB.dylib,0x21060,sub_21060,decompile/21060.c,1,0x12718,1,0x21070
CraneSB.dylib,0x21070,_CFBundleGetVersionNumber,decompile/21070.c,1,0x21060,0,
CraneSB.dylib,0x2107C,_CFNotificationCenterAddObserver,decompile/2107C.c,2,0x17A14; 0x20244,0,
CraneSB.dylib,0x21088,_CFNotificationCenterGetDarwinNotifyCenter,decompile/21088.c,4,0x1486C; 0x1782C; 0x17A14; 0x20244,0,
CraneSB.dylib,0x21094,_CFNotificationCenterGetLocalCenter,decompile/21094.c,1,0x17A14,0,
CraneSB.dylib,0x210A0,_CFNotificationCenterPostNotification,decompile/210A0.c,2,0x1486C; 0x1782C,0,
CraneSB.dylib,0x210AC,_MSHookMessageEx,decompile/210AC.c,10,0x7F58; 0x9684; 0x9E08; 0xCBEC; 0x1497C; 0x14D18; 0x169F0; 0x17620; 0x17A14; 0x1BF10,0,
CraneSB.dylib,0x210B8,_NSClassFromString,decompile/210B8.c,9,0x7F58; 0xA658; 0xA774; 0xCBEC; 0x10AD8; 0x13508; 0x14D18; 0x1BBB8; 0x1D5D8,0,
CraneSB.dylib,0x210C4,_NSLog,decompile/210C4.c,3,0x1621C; 0x16398; 0x16820,0,
CraneSB.dylib,0x210D0,_UIGraphicsBeginImageContextWithOptions,decompile/210D0.c,1,0x1555C,0,
CraneSB.dylib,0x210DC,_UIGraphicsEndImageContext,decompile/210DC.c,1,0x1555C,0,
CraneSB.dylib,0x210E8,_UIGraphicsGetImageFromCurrentImageContext,decompile/210E8.c,1,0x1555C,0,
CraneSB.dylib,0x210F4,__Block_object_assign,decompile/210F4.c,10,0xABB0; 0xB72C; 0xB79C; 0xC454; 0x12078; 0x132BC; 0x14438; 0x14448; 0x1BB30; 0x203D4,0,
CraneSB.dylib,0x21100,__Block_object_dispose,decompile/21100.c,20,0xAA00; 0xAB1C; 0xABF4; 0xAE20; 0xAFF0; 0xB00C; 0xB5AC; 0xB768; 0xB7AC; 0xB7B8; 0xBA50; 0x11D74; 0x11E28; 0x1B45C; 0x1BA50; 0x1BB7C; 0x20274; 0x20408; 0x205CC; 0x2099C,0,
CraneSB.dylib,0x2110C,__NSGetExecutablePath,decompile/2110C.c,2,0x1FB8C; 0x1FC04,0,
CraneSB.dylib,0x21118,__Unwind_Resume,decompile/21118.c,8,0xA474; 0xAB1C; 0xAFF0; 0xB5AC; 0xBA50; 0x11E28; 0x1BA50; 0x2099C,0,
CraneSB.dylib,0x21124,___error,decompile/21124.c,1,0x20048,0,
CraneSB.dylib,0x21130,___snprintf_chk,decompile/21130.c,4,0x7F58; 0x9684; 0x9E08; 0x14D18,0,
CraneSB.dylib,0x2113C,___stack_chk_fail,decompile/2113C.c,45,0x7F58; 0x8778; 0x9684; 0x9A60; 0x9E08; 0xAE20; 0xB00C; 0xC1D4; 0xC5E0; 0xC8B4; 0xCBEC; 0xEBA0; 0xF750; 0x104AC; 0x11BB8; 0x120B0; 0x12424; 0x12720; 0x12B3C; 0x137FC; 0x145B8; 0x14894; 0x14D18; 0x15E20; 0x169F0; 0x16A90; 0x170A4; 0x17620; 0x17A14; 0x19608; 0x19A2C; 0x19E70; 0x1A68C; 0x1AA34; 0x1AEC0; 0x1CF4C; 0x1E920; 0x1F0DC; 0x1F398; 0x1F850; 0x1FB8C; 0x1FC04; 0x1FD74; 0x20C3C; 0x20F58,0,
CraneSB.dylib,0x21148,___strcat_chk,decompile/21148.c,1,0x9A60,0,
CraneSB.dylib,0x21154,___strlcat_chk,decompile/21154.c,2,0x7C58; 0x7D50,0,
CraneSB.dylib,0x21160,___strlcpy_chk,decompile/21160.c,2,0x7C58; 0x7D50,0,
CraneSB.dylib,0x2116C,__dyld_get_image_name,decompile/2116C.c,2,0x1F850; 0x1FC88,0,
CraneSB.dylib,0x21178,__dyld_image_count,decompile/21178.c,2,0x1F850; 0x1FC88,0,
CraneSB.dylib,0x21184,_access,decompile/21184.c,3,0x7C14; 0x7C58; 0x1BBB8,0,
CraneSB.dylib,0x21190,_class_addMethod,decompile/21190.c,8,0x7F58; 0x9684; 0x9E08; 0xCBEC; 0x14D18; 0x169F0; 0x17620; 0x17A14,0,
CraneSB.dylib,0x2119C,_class_addProperty,decompile/2119C.c,4,0x7F58; 0x9684; 0x9E08; 0x14D18,0,
CraneSB.dylib,0x211A8,_class_getInstanceVariable,decompile/211A8.c,1,0x20018,0,
CraneSB.dylib,0x211B4,_dispatch_after,decompile/211B4.c,1,0x143CC,0,
CraneSB.dylib,0x211C0,_dispatch_async,decompile/211C0.c,11,0xF254; 0x1448C; 0x1782C; 0x18F04; 0x19A2C; 0x19E70; 0x1A68C; 0x1AA34; 0x1AEC0; 0x1F6F8; 0x20434,0,
CraneSB.dylib,0x211CC,_dispatch_get_global_queue,decompile/211CC.c,3,0x1782C; 0x1F6F8; 0x205CC,0,
CraneSB.dylib,0x211D8,_dispatch_once,decompile/211D8.c,17,0x795C; 0x799C; 0x79DC; 0x7A1C; 0x7A74; 0x7C58; 0x7D50; 0x8778; 0xADE8; 0x14CE0; 0x169B8; 0x1782C; 0x17A14; 0x1C4D4; 0x1F778; 0x1FA44; 0x20124,0,
CraneSB.dylib,0x211E4,_dispatch_once_f,decompile/211E4.c,2,0x20B78; 0x20F58,0,
CraneSB.dylib,0x211F0,_dispatch_queue_attr_make_with_qos_class,decompile/211F0.c,1,0x2019C,0,
CraneSB.dylib,0x211FC,_dispatch_queue_create,decompile/211FC.c,1,0x2019C,0,
CraneSB.dylib,0x21208,_dispatch_semaphore_create,decompile/21208.c,1,0x205CC,0,
CraneSB.dylib,0x21214,_dispatch_semaphore_signal,decompile/21214.c,1,0x20AA8,0,
CraneSB.dylib,0x21220,_dispatch_semaphore_wait,decompile/21220.c,1,0x205CC,0,
CraneSB.dylib,0x2122C,_dispatch_sync,decompile/2122C.c,3,0xC7D4; 0x20274; 0x20534,0,
CraneSB.dylib,0x21238,_dispatch_time,decompile/21238.c,2,0x143CC; 0x205CC,0,
CraneSB.dylib,0x21244,_dlopen,decompile/21244.c,3,0x7ACC; 0x1BBB8; 0x1C580,0,
CraneSB.dylib,0x21250,_dlsym,decompile/21250.c,2,0x7ACC; 0x20C3C,0,
CraneSB.dylib,0x2125C,_fclose,decompile/2125C.c,1,0x20C3C,0,
CraneSB.dylib,0x21268,_fopen,decompile/21268.c,1,0x20C3C,0,
CraneSB.dylib,0x21274,_fread,decompile/21274.c,1,0x20C3C,0,
CraneSB.dylib,0x21280,_free,decompile/21280.c,2,0x9A60; 0x20C3C,0,
CraneSB.dylib,0x2128C,_fseek,decompile/2128C.c,1,0x20C3C,0,
CraneSB.dylib,0x21298,_ftell,decompile/21298.c,1,0x20C3C,0,
CraneSB.dylib,0x212A4,_libSandy_applyProfile,decompile/212A4.c,1,0x1BD44,0,
CraneSB.dylib,0x212B0,_libSandy_works,decompile/212B0.c,3,0x17DF4; 0x17F14; 0x1B45C,0,
CraneSB.dylib,0x212BC,_malloc,decompile/212BC.c,4,0x7C58; 0x7D50; 0x9A60; 0x20C3C,0,
CraneSB.dylib,0x212C8,_nanosleep,decompile/212C8.c,1,0x20048,0,
CraneSB.dylib,0x212D4,_objc_alloc,decompile/212D4.c,24,0x8ED4; 0xA204; 0xA658; 0xA774; 0x1172C; 0x12720; 0x13234; 0x14214; 0x1448C; 0x14894; 0x152B8; 0x15E20; 0x16A90; 0x170A4; 0x18F04; 0x190D4; 0x19A2C; 0x19E70; 0x1A68C; 0x1AA34; 0x1AEC0; 0x1BBB8; 0x1F5C0; 0x20164,0,
CraneSB.dylib,0x212E0,_objc_allocateClassPair,decompile/212E0.c,4,0x7F58; 0x9684; 0x9E08; 0xCBEC,0,
CraneSB.dylib,0x212EC,_objc_allocateProtocol,decompile/212EC.c,2,0x1F7B0; 0x1FB18,0,
CraneSB.dylib,0x212F8,_objc_autorelease,decompile/212F8.c,10,0xAE20; 0x11BB8; 0x12720; 0x14894; 0x170A4; 0x17A14; 0x1F0DC; 0x1F850; 0x1FD74; 0x1FF7C,0,
CraneSB.dylib,0x21304,_objc_autoreleasePoolPop,decompile/21304.c,1,0x17A14,0,
CraneSB.dylib,0x21310,_objc_autoreleasePoolPush,decompile/21310.c,1,0x17A14,0,
CraneSB.dylib,0x2131C,_objc_autoreleaseReturnValue,decompile/2131C.c,61,0x8444; 0x84A0; 0x863C; 0xA4A0; 0xA990; 0xBA6C; 0xBE18; 0xD958; 0xDE54; 0xE698; 0xE730; 0xEBA0; 0xF59C; 0xF750; 0x1119C; 0x115F4; 0x1172C; 0x11984; 0x1235C; 0x126E8; 0x137FC; 0x145B8; 0x1555C; 0x15E20; 0x1611C; 0x16A90; 0x17D28; 0x17DF4; 0x17F14; 0x1801C; 0x180F0; 0x188B4; 0x1899C; 0x197A4; 0x1B360; 0x1B45C; 0x1BF74; 0x1BFEC; 0x1C064; 0x1C1C0; 0x1C3CC; 0x1C8B0; 0x1C93C; 0x1CA00; 0x1D23C; 0x1D3CC; 0x1D5D8; 0x1D6B8; 0x1D76C; 0x1D82C; 0x1D93C; 0x1DA00; 0x1DF44; 0x1E0D4; 0x1E920; 0x1F0DC; 0x1F2E4; 0x1F578; 0x1FEF0; 0x20274; 0x205CC,0,
CraneSB.dylib,0x21328,_objc_destroyWeak,decompile/21328.c,2,0xA204; 0xA474,0,
CraneSB.dylib,0x21334,_objc_enumerationMutation,decompile/21334.c,15,0x8778; 0x9A60; 0xB00C; 0xC1D4; 0xC5E0; 0xC8B4; 0xEBA0; 0xF750; 0x104AC; 0x120B0; 0x12424; 0x12B3C; 0x137FC; 0x145B8; 0x16A90,0,
CraneSB.dylib,0x21340,_objc_getAssociatedObject,decompile/21340.c,13,0x7E80; 0x7EC8; 0x7F10; 0x94C4; 0x950C; 0x9554; 0x959C; 0x9DC0; 0x13338; 0x13420; 0x1C188; 0x1C1A4; 0x1C2B0,0,
CraneSB.dylib,0x2134C,_objc_getClass,decompile/2134C.c,45,0x7F58; 0x8ED4; 0x9684; 0x9E08; 0xA204; 0xA4A0; 0xB00C; 0xCBEC; 0xDEEC; 0x10218; 0x1172C; 0x13234; 0x13508; 0x14214; 0x1448C; 0x14550; 0x1497C; 0x14D18; 0x152B8; 0x15E20; 0x169F0; 0x16A90; 0x170A4; 0x17620; 0x17A14; 0x18354; 0x18B4C; 0x18F04; 0x19000; 0x190D4; 0x19A2C; 0x19E08; 0x19E70; 0x1A53C; 0x1A624; 0x1A68C; 0x1A950; 0x1AA34; 0x1AD6C; 0x1AEC0; 0x1B20C; 0x1BF10; 0x1C064; 0x1C1C0; 0x1C580,0,
CraneSB.dylib,0x21358,_objc_getProtocol,decompile/21358.c,3,0x11AF8; 0x1F7B0; 0x1FB18,0,
CraneSB.dylib,0x21364,_objc_initWeak,decompile/21364.c,1,0xA204,0,
CraneSB.dylib,0x21370,_objc_msgSend,decompile/21370.c,250,0x8438; 0x8444; 0x84A0; 0x8530; 0x863C; 0x86FC; 0x8778; 0x8ED4; 0x9214; 0x9360; 0x9464; 0x949C; 0x959C; 0x95F4; 0x9A60; 0x9DA4; 0x9DB0; 0x9F8C; 0xA1A8; 0xA204; 0xA490; 0xA4A0; 0xA658; 0xA774; 0xA860; 0xA990; 0xAA00; 0xAC68; 0xACD0; 0xAE20; 0xB00C; 0xB5DC; 0xB688; 0xB7B8; 0xBA6C; 0xBB04; 0xBD98; 0xBE18; 0xBE80; 0xBF00; 0xC08C; 0xC1D4; 0xC4B0; 0xC5E0; 0xC7D4; 0xC8B4; 0xCBEC; 0xD55C; 0xD6B4; 0xD80C; 0xD958; 0xDA30; 0xDC5C; 0xDEEC; 0xDF68; 0xE194; 0xE2C4; 0xE730; 0xE94C; 0xEA50; 0xEBA0; 0xEDF4; 0xF254; 0xF398; 0xF524; 0xF59C; 0xF750; 0xFA20; 0xFD9C; 0x10218; 0x10350; 0x104AC; 0x1072C; 0x108F4; 0x10AD8; 0x10D10; 0x1119C; 0x11420; 0x115F4; 0x1172C; 0x11884; 0x11984; 0x11BB8; 0x11CA4; 0x11D74; 0x11E44; 0x11FC0; 0x120B0; 0x1235C; 0x12424; 0x126E8; 0x12720; 0x12AD0; 0x12B3C; 0x13130; 0x13234; 0x13338; 0x13390; 0x13420; 0x13478; 0x13508; 0x137FC; 0x14214; 0x14294; 0x1448C; 0x14550; 0x145B8; 0x14894; 0x1497C; 0x15204; 0x15240; 0x152B8; 0x15490; 0x1555C; 0x15D00; 0x15D8C; 0x15E20; 0x1611C; 0x16598; 0x166B0; 0x16820; 0x16A90; 0x170A4; 0x1782C; 0x17A14; 0x17D28; 0x17DF4; 0x17F14; 0x1801C; 0x180F0; 0x18238; 0x18354; 0x18580; 0x18710; 0x18A3C; 0x18B4C; 0x18D08; 0x18E84; 0x18F04; 0x19000; 0x190D4; 0x194EC; 0x19608; 0x197A4; 0x19A2C; 0x19DF8; 0x19E08; 0x19E70; 0x1A53C; 0x1A614; 0x1A624; 0x1A68C; 0x1A940; 0x1A950; 0x1AA34; 0x1AD5C; 0x1AD6C; 0x1AEC0; 0x1B1FC; 0x1B20C; 0x1B360; 0x1B45C; 0x1BBB8; 0x1BC70; 0x1BD44; 0x1C064; 0x1C1C0; 0x1C2CC; 0x1C34C; 0x1C3CC; 0x1C454; 0x1C548; 0x1C580; 0x1C61C; 0x1C740; 0x1C814; 0x1C848; 0x1C87C; 0x1C8B0; 0x1C924; 0x1C93C; 0x1CA00; 0x1CAC4; 0x1CAD0; 0x1CADC; 0x1CBD0; 0x1CD38; 0x1CE60; 0x1CEF4; 0x1CF34; 0x1CF4C; 0x1D130; 0x1D23C; 0x1D3CC; 0x1D538; 0x1D550; 0x1D59C; 0x1D5B4; 0x1D5D8; 0x1D6B8; 0x1D76C; 0x1D82C; 0x1D8A0; 0x1D93C; 0x1DA00; 0x1DAC4; 0x1DBB8; 0x1DD20; 0x1DE4C; 0x1DEE0; 0x1DF20; 0x1DF44; 0x1E0D4; 0x1E2BC; 0x1E330; 0x1E3A4; 0x1E4E0; 0x1E65C; 0x1E7A0; 0x1E920; 0x1EB9C; 0x1ECD8; 0x1ED64; 0x1EDE4; 0x1EE64; 0x1EEF0; 0x1EF7C; 0x1F008; 0x1F0DC; 0x1F2E4; 0x1F398; 0x1F5C0; 0x1F850; 0x1FA84; 0x1FB8C; 0x1FC04; 0x1FC88; 0x1FD74; 0x1FEF0; 0x1FF68; 0x1FF7C; 0x200DC; 0x20164; 0x2019C; 0x2034C; 0x204C8; 0x2058C; 0x205CC; 0x209D8; 0x20AA8,0,
CraneSB.dylib,0x2137C,_objc_msgSendSuper2,decompile/2137C.c,7,0x1C2CC; 0x1C34C; 0x1C3CC; 0x1C454; 0x1C61C; 0x1C740; 0x2019C,0,
CraneSB.dylib,0x21388,_objc_registerClassPair,decompile/21388.c,4,0x7F58; 0x9684; 0x9E08; 0xCBEC,0,
CraneSB.dylib,0x21394,_objc_registerProtocol,decompile/21394.c,2,0x1F7B0; 0x1FB18,0,
CraneSB.dylib,0x213A0,_objc_release,decompile/213A0.c,279,0x7E8C; 0x7ED4; 0x7F1C; 0x8444; 0x84A0; 0x8530; 0x8778; 0x8ED4; 0x9214; 0x9360; 0x9494; 0x94D0; 0x9518; 0x9560; 0x959C; 0x95F4; 0x9A60; 0x9DCC; 0x9F8C; 0xA1A8; 0xA204; 0xA4A0; 0xA658; 0xA774; 0xA860; 0xA990; 0xAA00; 0xAB44; 0xABF4; 0xAC2C; 0xAC68; 0xACD0; 0xAE20; 0xB00C; 0xB5DC; 0xB688; 0xB768; 0xB7B8; 0xBA6C; 0xBB04; 0xBD98; 0xBE18; 0xBE80; 0xBF00; 0xC08C; 0xC1D4; 0xC488; 0xC4B0; 0xC5E0; 0xC7D4; 0xC8B4; 0xD55C; 0xD6B4; 0xD80C; 0xD958; 0xDA30; 0xDC5C; 0xDE54; 0xDEEC; 0xDF68; 0xE194; 0xE2C4; 0xE448; 0xE4DC; 0xE570; 0xE604; 0xE698; 0xE730; 0xE94C; 0xEA50; 0xEBA0; 0xEDF4; 0xEF84; 0xF094; 0xF19C; 0xF1F8; 0xF254; 0xF398; 0xF524; 0xF59C; 0xF750; 0xFA20; 0xFBB4; 0xFCA8; 0xFD9C; 0xFF30; 0x10050; 0x10138; 0x10218; 0x10350; 0x104AC; 0x1072C; 0x108F4; 0x10AD8; 0x10BEC; 0x10CB0; 0x10D10; 0x10EA4; 0x10F94; 0x11044; 0x11110; 0x1119C; 0x11420; 0x115F4; 0x1172C; 0x11884; 0x11984; 0x11AF8; 0x11BB8; 0x11CA4; 0x11D74; 0x11E44; 0x11F64; 0x11FB0; 0x11FC0; 0x120B0; 0x1235C; 0x12424; 0x12720; 0x12AD0; 0x12B3C; 0x13130; 0x13234; 0x13300; 0x13338; 0x13390; 0x13420; 0x13478; 0x13508; 0x137FC; 0x14214; 0x14294; 0x1448C; 0x14550; 0x145B8; 0x14894; 0x149F8; 0x14B88; 0x15240; 0x152B8; 0x15490; 0x1555C; 0x15D00; 0x15D8C; 0x15E20; 0x1611C; 0x1621C; 0x16398; 0x164A8; 0x16598; 0x166B0; 0x16820; 0x16A90; 0x170A4; 0x17768; 0x177D0; 0x1782C; 0x179C4; 0x17A14; 0x17D28; 0x17DF4; 0x17F14; 0x1801C; 0x180F0; 0x18238; 0x18354; 0x18580; 0x18710; 0x188B4; 0x1895C; 0x1899C; 0x18A3C; 0x18B4C; 0x18D08; 0x18E84; 0x18F04; 0x19000; 0x190D4; 0x194EC; 0x19608; 0x197A4; 0x19A2C; 0x19E08; 0x19E70; 0x1A53C; 0x1A624; 0x1A68C; 0x1A950; 0x1AA34; 0x1AD6C; 0x1AEC0; 0x1B20C; 0x1B360; 0x1B45C; 0x1BA9C; 0x1BAA4; 0x1BBB8; 0x1BC70; 0x1BD44; 0x1BF74; 0x1BFEC; 0x1C064; 0x1C1C0; 0x1C2CC; 0x1C34C; 0x1C3CC; 0x1C454; 0x1C548; 0x1C580; 0x1C61C; 0x1C740; 0x1C8B0; 0x1C93C; 0x1CA00; 0x1CADC; 0x1CBD0; 0x1CD38; 0x1CE60; 0x1CEF4; 0x1CF4C; 0x1D130; 0x1D23C; 0x1D3CC; 0x1D5D8; 0x1D6B8; 0x1D76C; 0x1D82C; 0x1D8A0; 0x1D93C; 0x1DA00; 0x1DAC4; 0x1DBB8; 0x1DD20; 0x1DE4C; 0x1DEE0; 0x1DF44; 0x1E0D4; 0x1E2BC; 0x1E330; 0x1E3A4; 0x1E4E0; 0x1E65C; 0x1E7A0; 0x1E920; 0x1EB9C; 0x1ECD8; 0x1ED64; 0x1EDE4; 0x1EE64; 0x1EEF0; 0x1EF7C; 0x1F008; 0x1F0DC; 0x1F2E4; 0x1F398; 0x1F578; 0x1F5C0; 0x1F6F8; 0x1F7B0; 0x1F850; 0x1FA84; 0x1FB18; 0x1FC88; 0x1FD74; 0x1FEF0; 0x1FF7C; 0x200DC; 0x20164; 0x2019C; 0x20274; 0x20344; 0x2034C; 0x20408; 0x20434; 0x204C8; 0x2058C; 0x205CC; 0x209D8; 0x20AA8,0,
CraneSB.dylib,0x213AC,_objc_retain,decompile/213AC.c,209,0x7E8C; 0x7ED4; 0x7F1C; 0x84A0; 0x8530; 0x8778; 0x8ED4; 0x948C; 0x94D0; 0x9518; 0x9560; 0x95F4; 0x9DCC; 0x9F8C; 0xA1A8; 0xA204; 0xA4A0; 0xA658; 0xA774; 0xA860; 0xA990; 0xAA00; 0xAB44; 0xABB0; 0xAC2C; 0xAC68; 0xACD0; 0xAE20; 0xB00C; 0xB5DC; 0xB688; 0xB72C; 0xB7B8; 0xBA6C; 0xBB04; 0xBE18; 0xBF00; 0xC08C; 0xC1D4; 0xC454; 0xC4B0; 0xC5E0; 0xC7AC; 0xC7D4; 0xC8B4; 0xD55C; 0xD6B4; 0xD80C; 0xD958; 0xDA30; 0xDC5C; 0xDE54; 0xDF68; 0xE194; 0xE2C4; 0xE448; 0xE4DC; 0xE570; 0xE604; 0xE698; 0xE730; 0xE94C; 0xEA50; 0xEBA0; 0xEDF4; 0xEF84; 0xF094; 0xF19C; 0xF1F8; 0xF254; 0xF398; 0xF524; 0xF59C; 0xF750; 0xFA20; 0xFBB4; 0xFCA8; 0xFD9C; 0xFF30; 0x10050; 0x10138; 0x10218; 0x10350; 0x104AC; 0x1072C; 0x108F4; 0x10AD8; 0x10BEC; 0x10CB0; 0x10D10; 0x10EA4; 0x10F94; 0x11044; 0x11110; 0x1119C; 0x11420; 0x115F4; 0x1172C; 0x11884; 0x11984; 0x11AF8; 0x11F34; 0x11FC0; 0x12078; 0x120B0; 0x1235C; 0x12424; 0x12720; 0x12B3C; 0x13130; 0x132BC; 0x13390; 0x13478; 0x13508; 0x137FC; 0x14294; 0x14448; 0x1448C; 0x145B8; 0x149F8; 0x14B88; 0x15490; 0x1555C; 0x15E20; 0x1611C; 0x1621C; 0x16398; 0x164A8; 0x16598; 0x166B0; 0x16820; 0x170A4; 0x17768; 0x177D0; 0x179C4; 0x17D28; 0x17DF4; 0x17F14; 0x1801C; 0x180F0; 0x18238; 0x18354; 0x18580; 0x18710; 0x188B4; 0x1891C; 0x1899C; 0x18A04; 0x18A3C; 0x18D08; 0x18F04; 0x190D4; 0x194EC; 0x197A4; 0x19A2C; 0x19E70; 0x1A68C; 0x1AA34; 0x1AEC0; 0x1B360; 0x1B45C; 0x1BAA4; 0x1BD44; 0x1BF74; 0x1BFEC; 0x1C064; 0x1C1C0; 0x1C8B0; 0x1C93C; 0x1CA00; 0x1CBD0; 0x1CD38; 0x1CF4C; 0x1D130; 0x1D23C; 0x1D3CC; 0x1D5D8; 0x1D6B8; 0x1D76C; 0x1D82C; 0x1D8A0; 0x1D93C; 0x1DA00; 0x1DBB8; 0x1DD20; 0x1DF44; 0x1E0D4; 0x1E2BC; 0x1E330; 0x1E3A4; 0x1E4E0; 0x1E65C; 0x1E7A0; 0x1E920; 0x1EB9C; 0x1F008; 0x1F0DC; 0x1F2E4; 0x1F398; 0x1F578; 0x1F5C0; 0x1F6F8; 0x1FC88; 0x1FEF0; 0x20274; 0x203D4; 0x20434; 0x205CC; 0x20AA8,0,
CraneSB.dylib,0x213B8,_objc_retainAutorelease,decompile/213B8.c,32,0x8ED4; 0xA204; 0xA4A0; 0xB00C; 0xDEEC; 0x10218; 0x1172C; 0x13234; 0x13508; 0x14214; 0x1448C; 0x14550; 0x152B8; 0x15E20; 0x16A90; 0x170A4; 0x18354; 0x18B4C; 0x18F04; 0x19000; 0x190D4; 0x19A2C; 0x19E08; 0x19E70; 0x1A53C; 0x1A624; 0x1A68C; 0x1A950; 0x1AA34; 0x1AD6C; 0x1AEC0; 0x1B20C,0,
CraneSB.dylib,0x213C4,_objc_retainAutoreleaseReturnValue,decompile/213C4.c,5,0x16598; 0x1C4D4; 0x1F850; 0x1FA44; 0x20124,0,
CraneSB.dylib,0x213D0,_objc_retainAutoreleasedReturnValue,decompile/213D0.c,212,0x8444; 0x84A0; 0x863C; 0x8778; 0x8ED4; 0x9214; 0x9360; 0x959C; 0x95F4; 0x9A60; 0x9F8C; 0xA1A8; 0xA204; 0xA4A0; 0xA658; 0xA774; 0xA860; 0xA990; 0xAA00; 0xACD0; 0xAE20; 0xB00C; 0xB5DC; 0xB7B8; 0xBA6C; 0xBB04; 0xBD98; 0xBE18; 0xBE80; 0xBF00; 0xC08C; 0xC1D4; 0xC4B0; 0xC5E0; 0xC7D4; 0xC8B4; 0xD55C; 0xD6B4; 0xD80C; 0xD958; 0xDA30; 0xDC5C; 0xDE54; 0xDEEC; 0xDF68; 0xE194; 0xE2C4; 0xE698; 0xE730; 0xEA50; 0xEBA0; 0xEDF4; 0xF254; 0xF398; 0xF59C; 0xF750; 0xFA20; 0xFD9C; 0x10218; 0x10350; 0x104AC; 0x1072C; 0x108F4; 0x10AD8; 0x10D10; 0x1119C; 0x11420; 0x115F4; 0x1172C; 0x11884; 0x11984; 0x11AF8; 0x11BB8; 0x11CA4; 0x11D74; 0x11E44; 0x11FC0; 0x120B0; 0x12424; 0x126E8; 0x12720; 0x12AD0; 0x12B3C; 0x13130; 0x13338; 0x13390; 0x13420; 0x13478; 0x13508; 0x137FC; 0x14294; 0x14550; 0x145B8; 0x14894; 0x149F8; 0x14B88; 0x15240; 0x152B8; 0x15490; 0x1555C; 0x15D00; 0x15D8C; 0x15E20; 0x1611C; 0x16598; 0x166B0; 0x16820; 0x16A90; 0x170A4; 0x1782C; 0x17A14; 0x17D28; 0x17DF4; 0x17F14; 0x1801C; 0x180F0; 0x18354; 0x18580; 0x18710; 0x18A3C; 0x18B4C; 0x18D08; 0x18E84; 0x18F04; 0x19000; 0x190D4; 0x194EC; 0x19608; 0x197A4; 0x19A2C; 0x19E08; 0x19E70; 0x1A53C; 0x1A624; 0x1A68C; 0x1A950; 0x1AA34; 0x1AD6C; 0x1AEC0; 0x1B20C; 0x1B360; 0x1B45C; 0x1BBB8; 0x1BC70; 0x1BD44; 0x1BF74; 0x1BFEC; 0x1C064; 0x1C1C0; 0x1C2CC; 0x1C34C; 0x1C3CC; 0x1C454; 0x1C580; 0x1C61C; 0x1C740; 0x1C8B0; 0x1C93C; 0x1CA00; 0x1CADC; 0x1CBD0; 0x1CD38; 0x1CE60; 0x1CF4C; 0x1D130; 0x1D23C; 0x1D3CC; 0x1D5D8; 0x1D6B8; 0x1D76C; 0x1D82C; 0x1D8A0; 0x1D93C; 0x1DA00; 0x1DAC4; 0x1DBB8; 0x1DD20; 0x1DE4C; 0x1DF44; 0x1E0D4; 0x1E3A4; 0x1E4E0; 0x1E65C; 0x1E7A0; 0x1E920; 0x1EB9C; 0x1ECD8; 0x1ED64; 0x1EDE4; 0x1EE64; 0x1EEF0; 0x1EF7C; 0x1F008; 0x1F0DC; 0x1F2E4; 0x1F398; 0x1F6F8; 0x1F7B0; 0x1F850; 0x1FA84; 0x1FB18; 0x1FC88; 0x1FD74; 0x1FEF0; 0x1FF7C; 0x200DC; 0x2019C; 0x2034C; 0x204C8; 0x205CC; 0x209D8; 0x20AA8,0,
CraneSB.dylib,0x213DC,_objc_retainBlock,decompile/213DC.c,8,0x9A60; 0xF398; 0xFA20; 0x10D10; 0x137FC; 0x1555C; 0x18238; 0x18A3C,0,
CraneSB.dylib,0x213E8,_objc_setAssociatedObject,decompile/213E8.c,13,0x7E8C; 0x7ED4; 0x7F1C; 0x94D0; 0x9518; 0x9560; 0x95F4; 0x9DCC; 0x13390; 0x13478; 0x1C194; 0x1C1B0; 0x1C2BC,0,
CraneSB.dylib,0x213F4,_objc_storeStrong,decompile/213F4.c,6,0x179C4; 0x1B45C; 0x1E28C; 0x205CC; 0x20A94; 0x20B3C,0,
CraneSB.dylib,0x21400,_objc_unsafeClaimAutoreleasedReturnValue,decompile/21400.c,2,0xB7B8; 0x1C580,0,
CraneSB.dylib,0x2140C,_object_getClass,decompile/2140C.c,2,0xCBEC; 0x20018,0,
CraneSB.dylib,0x21418,_object_setClass,decompile/21418.c,6,0xDEEC; 0x13508; 0x166B0; 0x16820; 0x1C064; 0x1C1C0,0,
CraneSB.dylib,0x21424,_protocol_addProtocol,decompile/21424.c,2,0x1F7B0; 0x1FB18,0,
CraneSB.dylib,0x21430,_protocol_isEqual,decompile/21430.c,1,0x11AF8,0,
CraneSB.dylib,0x2143C,_rewind,decompile/2143C.c,1,0x20C3C,0,
CraneSB.dylib,0x21448,_sscanf,decompile/21448.c,1,0x20C3C,0,
CraneSB.dylib,0x21454,_strlen,decompile/21454.c,2,0x7D50; 0x9A60,0,
CraneSB.dylib,0x21460,_strncmp,decompile/21460.c,2,0x7C58; 0x7D50,0,
CraneSB.dylib,0x2146C,_syscall,decompile/2146C.c,1,0x9A60,0,
CraneSB.dylib,0x21478,_xpc_connection_create_mach_service,decompile/21478.c,1,0x205CC,0,
CraneSB.dylib,0x21484,_xpc_connection_resume,decompile/21484.c,1,0x205CC,0,
CraneSB.dylib,0x21490,_xpc_connection_send_message_with_reply,decompile/21490.c,1,0x205CC,0,
CraneSB.dylib,0x2149C,_xpc_connection_set_event_handler,decompile/2149C.c,1,0x205CC,0,
CraneSB.dylib,0x214A8,_xpc_dictionary_create,decompile/214A8.c,1,0x205CC,0,
CraneSB.dylib,0x214B4,_xpc_dictionary_get_string,decompile/214B4.c,1,0x20AA8,0,
CraneSB.dylib,0x214C0,_xpc_dictionary_set_bool,decompile/214C0.c,1,0x205CC,0,
CraneSB.dylib,0x214CC,_xpc_dictionary_set_int64,decompile/214CC.c,1,0x205CC,0,
CraneSB.dylib,0x214D8,_xpc_get_type,decompile/214D8.c,1,0x20AA8,0,
CraneSupport.dylib,0x5418,sub_5418,decompile/5418.c,0,,1,0x1AACC
CraneSupport.dylib,0x5458,sub_5458,decompile/5458.c,0,,1,0x1AACC
CraneSupport.dylib,0x5498,sub_5498,decompile/5498.c,0,,1,0x1AACC
CraneSupport.dylib,0x54D8,sub_54D8,decompile/54D8.c,0,,1,0x1AACC
CraneSupport.dylib,0x5530,sub_5530,decompile/5530.c,5,0x593C; 0x60C8; 0x65EC; 0xDC94; 0xE0F4,1,0x1AACC
CraneSupport.dylib,0x5588,sub_5588,decompile/5588.c,0,,2,0x1AB2C; 0x1AB38
CraneSupport.dylib,0x56C4,sub_56C4,decompile/56C4.c,1,0x5588,0,
CraneSupport.dylib,0x56D0,sub_56D0,decompile/56D0.c,1,0x5588,1,0x1AA60
CraneSupport.dylib,0x5708,sub_5708,decompile/5708.c,1,0x5588,0,
CraneSupport.dylib,0x5714,sub_5714,decompile/5714.c,1,0x5588,6,0x1AA24; 0x1AA30; 0x1AA60; 0x1AACC; 0x1ABBC; 0x1ADCC
CraneSupport.dylib,0x580C,sub_580C,decompile/580C.c,1,0x5588,6,0x1AA24; 0x1AA30; 0x1AACC; 0x1ABBC; 0x1ADC0; 0x1ADCC
CraneSupport.dylib,0x593C,_localize,decompile/593C.c,0,,7,0x5530; 0x1AA18; 0x1AC28; 0x1AC88; 0x1ACAC; 0x1ACB8; 0x1ACDC
CraneSupport.dylib,0x5B44,_containerPathForContainer,decompile/5B44.c,4,0xADF0; 0xC2BC; 0xC8E8; 0xD2BC,4,0x1AC88; 0x1ACAC; 0x1ACB8; 0x1ACDC
CraneSupport.dylib,0x5BF8,_createDirectoryIfNotExists,decompile/5BF8.c,2,0x7CB8; 0x8324,5,0x1AA18; 0x1AC88; 0x1ACAC; 0x1ACB8; 0x1ACDC
CraneSupport.dylib,0x5DD8,_normalizedContainerID,decompile/5DD8.c,2,0x7CB8; 0x8324,2,0x1ACAC; 0x1ACB8
CraneSupport.dylib,0x5E20,_requestAuthentication,decompile/5E20.c,0,,4,0x1AC10; 0x1AC88; 0x1ACAC; 0x1ACB8
CraneSupport.dylib,0x5F58,sub_5F58,decompile/5F58.c,1,0x5E20,5,0x1AAB4; 0x1AAC0; 0x1ACAC; 0x1ACB8; 0x1ACDC
CraneSupport.dylib,0x5FD8,sub_5FD8,decompile/5FD8.c,0,,0,
CraneSupport.dylib,0x5FE8,sub_5FE8,decompile/5FE8.c,0,,0,
CraneSupport.dylib,0x5FF0,_initUNProtocol,decompile/5FF0.c,0,,1,0x1AACC
CraneSupport.dylib,0x6028,sub_6028,decompile/6028.c,0,,6,0x1AC1C; 0x1AC7C; 0x1ACA0; 0x1ACAC; 0x1ACDC; 0x1AD54
CraneSupport.dylib,0x60C8,_getInjectionPlatform,decompile/60C8.c,0,,8,0x5530; 0x1AA18; 0x1AA3C; 0x1AA54; 0x1AC28; 0x1AC88; 0x1ACAC; 0x1ACDC
CraneSupport.dylib,0x62BC,_getSecurityAccessGroupsToIgnore,decompile/62BC.c,2,0x10D90; 0x11034,1,0x1AACC
CraneSupport.dylib,0x62FC,sub_62FC,decompile/62FC.c,0,,2,0x1AC88; 0x1ACDC
CraneSupport.dylib,0x6390,_initLSDProtocol,decompile/6390.c,1,0xD7D8,6,0x1AC1C; 0x1AC7C; 0x1ACA0; 0x1ACAC; 0x1ACDC; 0x1AD54
CraneSupport.dylib,0x6404,_safe_getExecutablePath,decompile/6404.c,1,0x11C08,3,0x1A9E8; 0x1AA18; 0x1AC88
CraneSupport.dylib,0x647C,_getProcessName,decompile/647C.c,1,0x6C5C,3,0x1A9E8; 0x1AA18; 0x1AC88
CraneSupport.dylib,0x6500,_isDylibLoaded,decompile/6500.c,0,,6,0x1AA3C; 0x1AA54; 0x1AC88; 0x1ACAC; 0x1ACB8; 0x1ACDC
CraneSupport.dylib,0x65EC,_craneDylibInjectsInSafeModeEnabled,decompile/65EC.c,0,,6,0x5530; 0x1AA18; 0x1AC28; 0x1AC88; 0x1ACAC; 0x1ACDC
CraneSupport.dylib,0x6768,_buildCraneTopic,decompile/6768.c,0,,4,0x1AC88; 0x1ACAC; 0x1ACB8; 0x1ACDC
CraneSupport.dylib,0x67E0,_isCraneTopic,decompile/67E0.c,2,0xA308; 0xA4FC,0,
CraneSupport.dylib,0x67F4,_decodeCraneTopic,decompile/67F4.c,2,0xA308; 0xA4FC,3,0x1AC28; 0x1AC88; 0x1ACDC
CraneSupport.dylib,0x6890,_CRObjHasIvar,decompile/6890.c,0,,2,0x1AA9C; 0x1AD18
CraneSupport.dylib,0x68C0,_isCraneSupportDaemon,decompile/68C0.c,1,0x6AE8,7,0x1A9B8; 0x1A9C4; 0x1AA18; 0x1AC88; 0x1ACAC; 0x1ACDC; 0x1AE38
CraneSupport.dylib,0x69DC,__xpc_connection_set_event_handler,decompile/69DC.c,1,0x6C40,6,0x1AB68; 0x1ACAC; 0x1ACB8; 0x1ACE8; 0x1ADF0; 0x1AE80
CraneSupport.dylib,0x6AE8,sub_6AE8,decompile/6AE8.c,1,0x69DC,17,0x68C0; 0x12604; 0x12A4C; 0x1AB68; 0x1AC88; 0x1ACAC; 0x1ACB8; 0x1ACC4; 0x1ACDC; 0x1AE5C; 0x1AE80; 0x1AE98; 0x1AEA4; 0x1AEBC; 0x1AEC8; 0x1AF04; 0x1AF1C
CraneSupport.dylib,0x6C40,_initCraneProxy,decompile/6C40.c,1,0x6C5C,0,
CraneSupport.dylib,0x6C5C,InitFunc_0,decompile/6C5C.c,0,,14,0x647C; 0x6C40; 0x7200; 0x9C4C; 0xBBFC; 0xCC88; 0xD7D8; 0xF2B4; 0x11E5C; 0x1AC34; 0x1AC40; 0x1AC88; 0x1ACAC; 0x1ACDC
CraneSupport.dylib,0x6E44,sub_6E44,decompile/6E44.c,0,,1,0x1ABA4
CraneSupport.dylib,0x6E88,_separateSystemAccountsEnabledForBundleID,decompile/6E88.c,1,0x7784,4,0x1AC88; 0x1ACAC; 0x1ACB8; 0x1ACDC
CraneSupport.dylib,0x6F4C,sub_6F4C,decompile/6F4C.c,3,0x6F4C; 0x6F58; 0x7200,0,
CraneSupport.dylib,0x6F58,sub_6F58,decompile/6F58.c,1,0x7200,2,0x1ACB8; 0x1ACF4
CraneSupport.dylib,0x6F94,sub_6F94,decompile/6F94.c,3,0x6F94; 0x6FA0; 0x7200,0,
CraneSupport.dylib,0x6FA0,sub_6FA0,decompile/6FA0.c,1,0x7200,2,0x1ACB8; 0x1ACF4
CraneSupport.dylib,0x6FDC,sub_6FDC,decompile/6FDC.c,3,0x6FDC; 0x6FE8; 0x7200,0,
CraneSupport.dylib,0x6FE8,sub_6FE8,decompile/6FE8.c,1,0x7200,2,0x1ACB8; 0x1ACF4
CraneSupport.dylib,0x7024,_initNoStartUsingiCloudHooks,decompile/7024.c,2,0x76B8; 0x8638,1,0x1AC70
CraneSupport.dylib,0x70A0,sub_70A0,decompile/70A0.c,1,0x7024,4,0x1AC88; 0x1ACAC; 0x1ACB8; 0x1ACDC
CraneSupport.dylib,0x7154,sub_7154,decompile/7154.c,1,0x7024,3,0x1AC88; 0x1ACAC; 0x1ACB8
CraneSupport.dylib,0x7200,_initAccountsd,decompile/7200.c,1,0x6C5C,11,0x1A910; 0x1A934; 0x1A964; 0x1A970; 0x1A988; 0x1AA0C; 0x1AA18; 0x1AA84; 0x1AA90; 0x1AC70; 0x1AD18
CraneSupport.dylib,0x76B8,sub_76B8,decompile/76B8.c,1,0x7200,7,0x7024; 0x1A994; 0x1AACC; 0x1AC88; 0x1ACAC; 0x1ACB8; 0x1ACDC
CraneSupport.dylib,0x7784,sub_7784,decompile/7784.c,1,0x7200,7,0x6E88; 0x12604; 0x12A4C; 0x1AC88; 0x1ACAC; 0x1ACB8; 0x1ACDC
CraneSupport.dylib,0x7AE8,sub_7AE8,decompile/7AE8.c,1,0x7200,4,0x1AC88; 0x1ACAC; 0x1ACB8; 0x1ACDC
CraneSupport.dylib,0x7CB8,sub_7CB8,decompile/7CB8.c,1,0x7200,10,0x5BF8; 0x5DD8; 0x1AC10; 0x1AC70; 0x1AC88; 0x1ACAC; 0x1ACB8; 0x1ACC4; 0x1ACDC; 0x1AD0C
CraneSupport.dylib,0x8104,sub_8104,decompile/8104.c,1,0x7200,6,0x1A940; 0x1AACC; 0x1AC88; 0x1ACAC; 0x1ACB8; 0x1ACDC
CraneSupport.dylib,0x8204,sub_8204,decompile/8204.c,1,0x7200,4,0x1AC88; 0x1ACAC; 0x1ACB8; 0x1ACDC
CraneSupport.dylib,0x8324,sub_8324,decompile/8324.c,1,0x7200,9,0x5BF8; 0x5DD8; 0x1AC10; 0x1AC70; 0x1AC88; 0x1ACAC; 0x1ACB8; 0x1ACC4; 0x1ACDC
CraneSupport.dylib,0x8638,j__initNoStartUsingiCloudHooks,decompile/8638.c,0,,0,
CraneSupport.dylib,0x863C,sub_863C,decompile/863C.c,0,,1,0x1AC88
CraneSupport.dylib,0x8670,_APSCopyHashForString_reimpl,decompile/8670.c,1,0x9C4C,6,0x1A820; 0x1AA18; 0x1AC88; 0x1ACAC; 0x1ACC4; 0x1ACDC
CraneSupport.dylib,0x8740,_APSCopyStringRepresentationOfData_reimpl,decompile/8740.c,1,0x9C4C,6,0x1AC10; 0x1AC88; 0x1ACAC; 0x1ACB8; 0x1ACC4; 0x1ACD0
CraneSupport.dylib,0x8814,_hex2int,decompile/8814.c,0,,0,
CraneSupport.dylib,0x8854,_dataForStringRepresentation,decompile/8854.c,1,0x8E1C,4,0x1AC88; 0x1ACAC; 0x1ACB8; 0x1ACDC
CraneSupport.dylib,0x8B24,_hexStringForData,decompile/8B24.c,1,0x92C0,5,0x1AC88; 0x1ACAC; 0x1ACB8; 0x1ACC4; 0x1ACDC
CraneSupport.dylib,0x8C78,_dataForHexString,decompile/8C78.c,1,0x932C,6,0x1ABBC; 0x1AC88; 0x1ACAC; 0x1ACB8; 0x1ACDC; 0x1ADFC
CraneSupport.dylib,0x8D90,_apsd_notificationSupportEnabled,decompile/8D90.c,6,0x96C8; 0x989C; 0x9F84; 0xA0B4; 0xA308; 0xA4FC,3,0x1AC88; 0x1ACAC; 0x1ACDC
CraneSupport.dylib,0x8E1C,_fetchTopicHash,decompile/8E1C.c,1,0x989C,13,0x8854; 0x1A874; 0x1A898; 0x1A8A4; 0x1A904; 0x1A940; 0x1A9AC; 0x1AA18; 0x1AC58; 0x1AC88; 0x1ACAC; 0x1ACB8; 0x1ACDC
CraneSupport.dylib,0x92C0,_topicStorage_createKey,decompile/92C0.c,3,0x9464; 0x9580; 0x9618,4,0x8B24; 0x1AC88; 0x1ACAC; 0x1ACDC
CraneSupport.dylib,0x932C,_topicStorage_decodeKey,decompile/932C.c,1,0x94E0,6,0x8C78; 0x1AC10; 0x1AC28; 0x1AC88; 0x1ACAC; 0x1ACDC
CraneSupport.dylib,0x9464,_topicStorage_getCranedHash,decompile/9464.c,1,0x96C8,5,0x92C0; 0x1AC88; 0x1ACAC; 0x1ACB8; 0x1ACDC
CraneSupport.dylib,0x94E0,_topicStorage_getUncranedHash,decompile/94E0.c,2,0x9F84; 0xA0B4,5,0x932C; 0x1AC88; 0x1ACAC; 0x1ACB8; 0x1ACDC
CraneSupport.dylib,0x9580,_topicStorage_writePair,decompile/9580.c,2,0xA308; 0xA4FC,5,0x92C0; 0x1AC88; 0x1ACAC; 0x1ACB8; 0x1ACDC
CraneSupport.dylib,0x9618,_topicStorage_removePair,decompile/9618.c,1,0x96C8,5,0x92C0; 0x1AC88; 0x1ACAC; 0x1ACB8; 0x1ACDC
CraneSupport.dylib,0x9680,sub_9680,decompile/9680.c,3,0x9680; 0x968C; 0x9C4C,0,
CraneSupport.dylib,0x968C,sub_968C,decompile/968C.c,1,0x9C4C,2,0x1ACB8; 0x1ACF4
CraneSupport.dylib,0x96C8,_handleAppTokenGenerateResponseHook,decompile/96C8.c,2,0xA758; 0xA7B4,7,0x8D90; 0x9464; 0x9618; 0x1AC88; 0x1ACAC; 0x1ACB8; 0x1ACDC
CraneSupport.dylib,0x989C,_handleMessageMessageHook,decompile/989C.c,4,0xA860; 0xA930; 0xA994; 0xA9F4,7,0x8D90; 0x8E1C; 0x1A9DC; 0x1AC88; 0x1ACAC; 0x1ACB8; 0x1ACDC
CraneSupport.dylib,0x9B38,sub_9B38,decompile/9B38.c,0,,2,0x1A9DC; 0x1A9F4
CraneSupport.dylib,0x9B64,sub_9B64,decompile/9B64.c,0,,0,
CraneSupport.dylib,0x9B68,sub_9B68,decompile/9B68.c,1,0x989C,3,0x1AC88; 0x1ACAC; 0x1ACDC
CraneSupport.dylib,0x9C20,sub_9C20,decompile/9C20.c,1,0x9B68,0,
CraneSupport.dylib,0x9C30,sub_9C30,decompile/9C30.c,0,,0,
CraneSupport.dylib,0x9C40,sub_9C40,decompile/9C40.c,0,,0,
CraneSupport.dylib,0x9C4C,_initApsd,decompile/9C4C.c,1,0x6C5C,9,0x1A988; 0x1A994; 0x1AA0C; 0x1AA18; 0x1AA84; 0x1AA90; 0x1AB2C; 0x1AB38; 0x1AC70
CraneSupport.dylib,0x9F84,sub_9F84,decompile/9F84.c,1,0x9C4C,6,0x8D90; 0x94E0; 0x1AC88; 0x1ACAC; 0x1ACB8; 0x1ACDC
CraneSupport.dylib,0xA0B4,sub_A0B4,decompile/A0B4.c,1,0x9C4C,7,0x8D90; 0x94E0; 0x1A994; 0x1AC88; 0x1ACAC; 0x1ACB8; 0x1ACDC
CraneSupport.dylib,0xA308,sub_A308,decompile/A308.c,1,0x9C4C,8,0x67E0; 0x67F4; 0x8D90; 0x9580; 0x1AC88; 0x1ACAC; 0x1ACB8; 0x1ACDC
CraneSupport.dylib,0xA4FC,sub_A4FC,decompile/A4FC.c,1,0x9C4C,8,0x67E0; 0x67F4; 0x8D90; 0x9580; 0x1AC88; 0x1ACAC; 0x1ACB8; 0x1ACDC
CraneSupport.dylib,0xA758,sub_A758,decompile/A758.c,1,0x9C4C,1,0x96C8
CraneSupport.dylib,0xA7B4,sub_A7B4,decompile/A7B4.c,1,0x9C4C,3,0x96C8; 0x1ACAC; 0x1ACB8
CraneSupport.dylib,0xA860,sub_A860,decompile/A860.c,1,0x9C4C,3,0x989C; 0x1ACAC; 0x1ACB8
CraneSupport.dylib,0xA930,sub_A930,decompile/A930.c,1,0x9C4C,1,0x989C
CraneSupport.dylib,0xA994,sub_A994,decompile/A994.c,1,0x9C4C,1,0x989C
CraneSupport.dylib,0xA9F4,sub_A9F4,decompile/A9F4.c,1,0x9C4C,1,0x989C
CraneSupport.dylib,0xAA54,sub_AA54,decompile/AA54.c,1,0xA758,0,
CraneSupport.dylib,0xAA70,sub_AA70,decompile/AA70.c,1,0xA7B4,0,
CraneSupport.dylib,0xAA8C,sub_AA8C,decompile/AA8C.c,0,,0,
CraneSupport.dylib,0xAA94,sub_AA94,decompile/AA94.c,1,0xA860,0,
CraneSupport.dylib,0xAAB8,sub_AAB8,decompile/AAB8.c,1,0xA930,0,
CraneSupport.dylib,0xAADC,sub_AADC,decompile/AADC.c,1,0xA994,0,
CraneSupport.dylib,0xAAFC,sub_AAFC,decompile/AAFC.c,1,0xA9F4,0,
CraneSupport.dylib,0xAB1C,_handleSourceMessageHook,decompile/AB1C.c,2,0xAD34; 0xB7EC,8,0x1AC88; 0x1ACAC; 0x1ACB8; 0x1ACDC; 0x1AE44; 0x1AED4; 0x1AEE0; 0x1AF1C
CraneSupport.dylib,0xAD34,_handleSourceMessageHook_v2,decompile/AD34.c,1,0xB6E0,3,0xAB1C; 0x1ACAC; 0x1ACB8
CraneSupport.dylib,0xADDC,sub_ADDC,decompile/ADDC.c,1,0xAD34,0,
CraneSupport.dylib,0xADF0,_withSourceForDomainHook,decompile/ADF0.c,3,0xB318; 0xBA34; 0xBB10,7,0x5B44; 0x12604; 0x12A4C; 0x1AC88; 0x1ACAC; 0x1ACB8; 0x1ACDC
CraneSupport.dylib,0xB318,_withSourceForDomainHook_v3,decompile/B318.c,1,0xB848,3,0xADF0; 0x1ACAC; 0x1ACB8
CraneSupport.dylib,0xB42C,sub_B42C,decompile/B42C.c,1,0xB318,0,
CraneSupport.dylib,0xB480,sub_B480,decompile/B480.c,0,,1,0x1ACB8
CraneSupport.dylib,0xB4A8,sub_B4A8,decompile/B4A8.c,0,,1,0x1ACAC
CraneSupport.dylib,0xB4D0,_new_CFPrefsGetPathForTriplet,decompile/B4D0.c,1,0xBBFC,3,0x1AC88; 0x1ACAC; 0x1ACDC
CraneSupport.dylib,0xB6E0,_initHandleSourceMessage,decompile/B6E0.c,1,0xBBFC,4,0x1AA60; 0x1AB2C; 0x1AB38; 0x1AC70
CraneSupport.dylib,0xB7EC,sub_B7EC,decompile/B7EC.c,1,0xB6E0,1,0xAB1C
CraneSupport.dylib,0xB848,_initWithSourceForDomain,decompile/B848.c,1,0xBBFC,6,0x1AA60; 0x1AB2C; 0x1AB38; 0x1AC70; 0x1AC88; 0x1ACC4
CraneSupport.dylib,0xBA34,sub_BA34,decompile/BA34.c,1,0xB848,3,0xADF0; 0x1ACAC; 0x1ACB8
CraneSupport.dylib,0xBB10,sub_BB10,decompile/BB10.c,1,0xB848,3,0xADF0; 0x1ACAC; 0x1ACB8
CraneSupport.dylib,0xBBFC,_initCfprefsd,decompile/BBFC.c,1,0x6C5C,6,0xB6E0; 0xB848; 0xBD1C; 0x1A964; 0x1A970; 0x1A994
CraneSupport.dylib,0xBD1C,sub_BD1C,decompile/BD1C.c,1,0xBBFC,3,0x1AA60; 0x1AB2C; 0x1AB38
CraneSupport.dylib,0xBDC8,sub_BDC8,decompile/BDC8.c,1,0xB7EC,0,
CraneSupport.dylib,0xBDE4,sub_BDE4,decompile/BDE4.c,1,0xBA34,0,
CraneSupport.dylib,0xBE34,sub_BE34,decompile/BE34.c,1,0xBB10,0,
CraneSupport.dylib,0xBE84,_metadataCopyForMetadata,decompile/BE84.c,1,0xC680,7,0x1AC10; 0x1AC70; 0x1AC88; 0x1ACAC; 0x1ACB8; 0x1ACC4; 0x1ACDC
CraneSupport.dylib,0xC260,_stripCraneContainerFromPath,decompile/C260.c,0,,3,0x1AC88; 0x1ACAC; 0x1ACDC
CraneSupport.dylib,0xC2BC,_redirectedURLForURL,decompile/C2BC.c,2,0xC3E4; 0xC680,6,0x5B44; 0x1AC28; 0x1AC88; 0x1ACAC; 0x1ACB8; 0x1ACDC
CraneSupport.dylib,0xC3E4,_redirectedContainerPathCopyForContainerPath,decompile/C3E4.c,1,0xC680,5,0xC2BC; 0x1AC88; 0x1ACAC; 0x1ACB8; 0x1ACDC
CraneSupport.dylib,0xC54C,_xpc_connection_set_event_handler_hook_11_12,decompile/C54C.c,0,,3,0x1ACAC; 0x1ACB8; 0x1ACE8
CraneSupport.dylib,0xC604,sub_C604,decompile/C604.c,1,0xC54C,5,0x1AB68; 0x1ACB8; 0x1AE44; 0x1AE80; 0x1AF1C
CraneSupport.dylib,0xC680,_createOrLookupContainerWithContainerIdentityV2V3Hook,decompile/C680.c,2,0xD11C; 0xD1F4,11,0xBE84; 0xC2BC; 0xC3E4; 0x12604; 0x12A4C; 0x1A994; 0x1AC28; 0x1AC88; 0x1ACAC; 0x1ACB8; 0x1ACDC
CraneSupport.dylib,0xC8E8,_containerForContainerIdentityHook,decompile/C8E8.c,2,0xCE44; 0xCF68,8,0x5B44; 0x12604; 0x12A4C; 0x1AC28; 0x1AC88; 0x1ACAC; 0x1ACB8; 0x1ACDC
CraneSupport.dylib,0xCC88,_initContainermanagerd,decompile/CC88.c,1,0x6C5C,4,0x1A988; 0x1A994; 0x1AC70; 0x1AC88
CraneSupport.dylib,0xCE44,sub_CE44,decompile/CE44.c,1,0xCC88,5,0xC8E8; 0x1A9DC; 0x1ACAC; 0x1ACB8; 0x1ACDC
CraneSupport.dylib,0xCF4C,sub_CF4C,decompile/CF4C.c,0,,2,0x1A9DC; 0x1A9F4
CraneSupport.dylib,0xCF64,sub_CF64,decompile/CF64.c,0,,0,
CraneSupport.dylib,0xCF68,sub_CF68,decompile/CF68.c,1,0xCC88,5,0xC8E8; 0x1A9DC; 0x1ACAC; 0x1ACB8; 0x1ACDC
CraneSupport.dylib,0xD060,sub_D060,decompile/D060.c,0,,2,0x1A9DC; 0x1A9F4
CraneSupport.dylib,0xD078,sub_D078,decompile/D078.c,0,,0,
CraneSupport.dylib,0xD07C,sub_D07C,decompile/D07C.c,1,0xCC88,3,0x1AC88; 0x1ACAC; 0x1ACDC
CraneSupport.dylib,0xD11C,sub_D11C,decompile/D11C.c,1,0xCC88,4,0xC680; 0x1ACAC; 0x1ACB8; 0x1ACDC
CraneSupport.dylib,0xD1F4,sub_D1F4,decompile/D1F4.c,1,0xCC88,4,0xC680; 0x1ACAC; 0x1ACB8; 0x1ACDC
CraneSupport.dylib,0xD2BC,sub_D2BC,decompile/D2BC.c,1,0xCC88,9,0x5B44; 0x12604; 0x12A4C; 0x1AA18; 0x1AC58; 0x1AC88; 0x1ACAC; 0x1ACB8; 0x1ACDC
CraneSupport.dylib,0xD550,sub_D550,decompile/D550.c,2,0xCE44; 0xCF68,0,
CraneSupport.dylib,0xD560,sub_D560,decompile/D560.c,2,0xCE44; 0xCF68,0,
CraneSupport.dylib,0xD568,sub_D568,decompile/D568.c,1,0xCE44,2,0x1ACDC; 0x1AD00
CraneSupport.dylib,0xD5D4,sub_D5D4,decompile/D5D4.c,0,,1,0x1ACB8
CraneSupport.dylib,0xD608,sub_D608,decompile/D608.c,0,,1,0x1A9DC
CraneSupport.dylib,0xD634,sub_D634,decompile/D634.c,1,0xCF68,2,0x1ACDC; 0x1AD00
CraneSupport.dylib,0xD69C,sub_D69C,decompile/D69C.c,1,0xD11C,0,
CraneSupport.dylib,0xD6C4,sub_D6C4,decompile/D6C4.c,1,0xD1F4,0,
CraneSupport.dylib,0xD6E8,_vendorIdentifierForNameAndBundleIdentifier,decompile/D6E8.c,2,0xDC94; 0xE0F4,4,0x1AC88; 0x1ACAC; 0x1ACB8; 0x1ACDC
CraneSupport.dylib,0xD7D8,_initLsd,decompile/D7D8.c,1,0x6C5C,5,0x6390; 0x1A988; 0x1AA18; 0x1AA84; 0x1AC70
CraneSupport.dylib,0xD8E4,sub_D8E4,decompile/D8E4.c,1,0xD7D8,5,0x1AC7C; 0x1ACAC; 0x1ACB8; 0x1ACDC; 0x1AD60
CraneSupport.dylib,0xD9A4,sub_D9A4,decompile/D9A4.c,1,0xD7D8,10,0x12604; 0x12A4C; 0x1A940; 0x1A9B8; 0x1A9C4; 0x1AC10; 0x1AC88; 0x1ACAC; 0x1ACB8; 0x1ACDC
CraneSupport.dylib,0xDC94,sub_DC94,decompile/DC94.c,1,0xD7D8,13,0x5530; 0xD6E8; 0x1AA18; 0x1AA6C; 0x1AAB4; 0x1AC28; 0x1AC70; 0x1AC88; 0x1ACAC; 0x1ACB8; 0x1ACC4; 0x1ACDC; 0x1AD48
CraneSupport.dylib,0xE0F4,sub_E0F4,decompile/E0F4.c,1,0xD7D8,13,0x5530; 0xD6E8; 0x1AA18; 0x1AA6C; 0x1AAB4; 0x1AC28; 0x1AC70; 0x1AC88; 0x1ACAC; 0x1ACB8; 0x1ACC4; 0x1ACDC; 0x1AD48
CraneSupport.dylib,0xE51C,sub_E51C,decompile/E51C.c,1,0xDC94,4,0x1AA18; 0x1AC88; 0x1ACAC; 0x1ACDC
CraneSupport.dylib,0xE69C,sub_E69C,decompile/E69C.c,0,,1,0x1ACB8
CraneSupport.dylib,0xE6E0,sub_E6E0,decompile/E6E0.c,0,,1,0x1ACAC
CraneSupport.dylib,0xE718,sub_E718,decompile/E718.c,1,0xE0F4,3,0x1AC88; 0x1ACAC; 0x1ACDC
CraneSupport.dylib,0xE850,sub_E850,decompile/E850.c,0,,1,0x1ACB8
CraneSupport.dylib,0xE888,_terminatePlugIns,decompile/E888.c,2,0xEC44; 0xF638,12,0x1A9A0; 0x1AA18; 0x1AAF0; 0x1AB08; 0x1AC58; 0x1AC70; 0x1AC88; 0x1ACAC; 0x1ACB8; 0x1ACC4; 0x1ACDC; 0x1ACE8
CraneSupport.dylib,0xEC34,nullsub_1,decompile/EC34.c,0,,0,
CraneSupport.dylib,0xEC38,sub_EC38,decompile/EC38.c,1,0xE888,0,
CraneSupport.dylib,0xEC40,nullsub_2,decompile/EC40.c,0,,0,
CraneSupport.dylib,0xEC44,_reloadApplication,decompile/EC44.c,1,0xF2B4,8,0xE888; 0x1AA18; 0x1AC58; 0x1AC70; 0x1AC88; 0x1ACAC; 0x1ACC4; 0x1ACDC
CraneSupport.dylib,0xEEB0,_enableForClientHook,decompile/EEB0.c,4,0xF768; 0xF964; 0xFAEC; 0xFC3C,4,0x1AC88; 0x1ACAC; 0x1ACB8; 0x1ACDC
CraneSupport.dylib,0xF12C,sub_F12C,decompile/F12C.c,3,0xF12C; 0xF138; 0xF2B4,0,
CraneSupport.dylib,0xF138,sub_F138,decompile/F138.c,1,0xF2B4,2,0x1ACB8; 0x1ACF4
CraneSupport.dylib,0xF174,_findPlugInsHook,decompile/F174.c,4,0xFE8C; 0xFF24; 0xFFFC; 0x100E4,5,0x1AA18; 0x1AC58; 0x1AC88; 0x1ACAC; 0x1ACDC
CraneSupport.dylib,0xF2B4,_initPkd,decompile/F2B4.c,1,0x6C5C,10,0x1A910; 0x1A928; 0x1A988; 0x1A994; 0x1AA0C; 0x1AA18; 0x1AA84; 0x1AA90; 0x1AC70; 0x1AC88
CraneSupport.dylib,0xF638,sub_F638,decompile/F638.c,1,0xF2B4,6,0xE888; 0x1AA18; 0x1AC88; 0x1ACAC; 0x1ACB8; 0x1ACDC
CraneSupport.dylib,0xF768,sub_F768,decompile/F768.c,1,0xF2B4,4,0xEEB0; 0x1A9DC; 0x1ACAC; 0x1ACB8
CraneSupport.dylib,0xF948,sub_F948,decompile/F948.c,0,,2,0x1A9DC; 0x1A9F4
CraneSupport.dylib,0xF960,sub_F960,decompile/F960.c,0,,0,
CraneSupport.dylib,0xF964,sub_F964,decompile/F964.c,1,0xF2B4,4,0xEEB0; 0x1A9DC; 0x1ACAC; 0x1ACB8
CraneSupport.dylib,0xFAD0,sub_FAD0,decompile/FAD0.c,0,,2,0x1A9DC; 0x1A9F4
CraneSupport.dylib,0xFAE8,sub_FAE8,decompile/FAE8.c,0,,0,
CraneSupport.dylib,0xFAEC,sub_FAEC,decompile/FAEC.c,1,0xF2B4,4,0xEEB0; 0x1A9DC; 0x1ACAC; 0x1ACB8
CraneSupport.dylib,0xFC20,sub_FC20,decompile/FC20.c,0,,2,0x1A9DC; 0x1A9F4
CraneSupport.dylib,0xFC38,sub_FC38,decompile/FC38.c,0,,0,
CraneSupport.dylib,0xFC3C,sub_FC3C,decompile/FC3C.c,1,0xF2B4,4,0xEEB0; 0x1A9DC; 0x1ACAC; 0x1ACB8
CraneSupport.dylib,0xFD54,sub_FD54,decompile/FD54.c,0,,2,0x1A9DC; 0x1A9F4
CraneSupport.dylib,0xFD6C,sub_FD6C,decompile/FD6C.c,0,,0,
CraneSupport.dylib,0xFD70,sub_FD70,decompile/FD70.c,1,0xF2B4,9,0x1AB68; 0x1AC88; 0x1ACAC; 0x1ACDC; 0x1AE80; 0x1AEB0; 0x1AED4; 0x1AF10; 0x1AF1C
CraneSupport.dylib,0xFE8C,sub_FE8C,decompile/FE8C.c,1,0xF2B4,4,0xF174; 0x1ACAC; 0x1ACB8; 0x1ACDC
CraneSupport.dylib,0xFF24,sub_FF24,decompile/FF24.c,1,0xF2B4,4,0xF174; 0x1ACAC; 0x1ACB8; 0x1ACDC
CraneSupport.dylib,0xFFFC,sub_FFFC,decompile/FFFC.c,1,0xF2B4,4,0xF174; 0x1ACAC; 0x1ACB8; 0x1ACDC
CraneSupport.dylib,0x100E4,sub_100E4,decompile/100E4.c,1,0xF2B4,4,0xF174; 0x1ACAC; 0x1ACB8; 0x1ACDC
CraneSupport.dylib,0x101CC,sub_101CC,decompile/101CC.c,1,0xF2B4,7,0x1AA18; 0x1AC70; 0x1AC88; 0x1ACAC; 0x1ACB8; 0x1ACC4; 0x1ACDC
CraneSupport.dylib,0x103F8,sub_103F8,decompile/103F8.c,1,0xF2B4,3,0x1ACAC; 0x1ACB8; 0x1AD00
CraneSupport.dylib,0x104C8,sub_104C8,decompile/104C8.c,1,0xF768,0,
CraneSupport.dylib,0x10524,sub_10524,decompile/10524.c,0,,1,0x1ACB8
CraneSupport.dylib,0x10578,sub_10578,decompile/10578.c,0,,2,0x1A9DC; 0x1ACAC
CraneSupport.dylib,0x105C4,sub_105C4,decompile/105C4.c,1,0xF964,0,
CraneSupport.dylib,0x10610,sub_10610,decompile/10610.c,0,,1,0x1ACB8
CraneSupport.dylib,0x10654,sub_10654,decompile/10654.c,0,,2,0x1A9DC; 0x1ACAC
CraneSupport.dylib,0x10690,sub_10690,decompile/10690.c,1,0xFAEC,0,
CraneSupport.dylib,0x106D8,sub_106D8,decompile/106D8.c,0,,1,0x1ACB8
CraneSupport.dylib,0x10714,sub_10714,decompile/10714.c,0,,2,0x1A9DC; 0x1ACAC
CraneSupport.dylib,0x10748,sub_10748,decompile/10748.c,1,0xFC3C,0,
CraneSupport.dylib,0x10758,sub_10758,decompile/10758.c,1,0xFC3C,0,
CraneSupport.dylib,0x10760,sub_10760,decompile/10760.c,1,0xFC3C,1,0x1ACDC
CraneSupport.dylib,0x107B4,sub_107B4,decompile/107B4.c,1,0xFE8C,0,
CraneSupport.dylib,0x107CC,sub_107CC,decompile/107CC.c,1,0xFF24,0,
CraneSupport.dylib,0x107E4,sub_107E4,decompile/107E4.c,1,0xFFFC,0,
CraneSupport.dylib,0x10800,sub_10800,decompile/10800.c,1,0x100E4,0,
CraneSupport.dylib,0x1081C,_dotCraneStringForContainerIdentifier,decompile/1081C.c,0,,0,
CraneSupport.dylib,0x10834,_craneContainerStringForString,decompile/10834.c,1,0x108B8,4,0x1AC88; 0x1ACAC; 0x1ACB8; 0x1ACDC
CraneSupport.dylib,0x108B8,_createUpdatedAccessGroup,decompile/108B8.c,3,0x10D90; 0x11034; 0x11130,6,0x10834; 0x1A94C; 0x1AC88; 0x1ACAC; 0x1ACB8; 0x1ACDC
CraneSupport.dylib,0x10C1C,_fetchInfoFromClientInfo,decompile/10C1C.c,4,0x11498; 0x11680; 0x11868; 0x11A20,8,0x12604; 0x12A4C; 0x1A9B8; 0x1AC28; 0x1AC88; 0x1ACAC; 0x1ACC4; 0x1ACDC
CraneSupport.dylib,0x10D90,_applyModificationsToClientInfo,decompile/10D90.c,4,0x11498; 0x11680; 0x11868; 0x11A20,10,0x62BC; 0x108B8; 0x1A85C; 0x1A868; 0x1A880; 0x1A88C; 0x1A940; 0x1A958; 0x1AC88; 0x1ACB8
CraneSupport.dylib,0x10EB0,_unrestrictClientInfo,decompile/10EB0.c,4,0x11498; 0x11680; 0x11868; 0x11A20,5,0x1A844; 0x1A850; 0x1A85C; 0x1A868; 0x1A8C8
CraneSupport.dylib,0x10FB0,_shouldQueryBeUnrestricted,decompile/10FB0.c,4,0x11498; 0x11680; 0x11868; 0x11A20,2,0x1A8C8; 0x1A8EC
CraneSupport.dylib,0x10FE8,_queryWithoutUnrestrictClass,decompile/10FE8.c,0,,2,0x1A8B0; 0x1A8D4
CraneSupport.dylib,0x11024,_revertModificationsToClientInfo,decompile/11024.c,0,,0,
CraneSupport.dylib,0x11034,_craneDictionaryForAppDictionary,decompile/11034.c,4,0x11498; 0x11680; 0x11868; 0x11A20,13,0x62BC; 0x108B8; 0x1A8B0; 0x1A8BC; 0x1A8C8; 0x1A8E0; 0x1A904; 0x1A940; 0x1A94C; 0x1A958; 0x1AC88; 0x1ACAC; 0x1ACB8
CraneSupport.dylib,0x11130,_appDictionaryForCraneDictionary,decompile/11130.c,1,0x111E4,8,0x108B8; 0x1A8B0; 0x1A8BC; 0x1A8C8; 0x1A8E0; 0x1A904; 0x1A940; 0x1A94C
CraneSupport.dylib,0x111E4,_processResult,decompile/111E4.c,2,0x11498; 0x11680,9,0x11130; 0x1A85C; 0x1A868; 0x1A874; 0x1A880; 0x1A88C; 0x1A8BC; 0x1A904; 0x1A940
CraneSupport.dylib,0x112D8,_securityd_xpc_dictionary_handler_hook,decompile/112D8.c,1,0x11E5C,6,0x1AC88; 0x1ACAC; 0x1ACB8; 0x1ACDC; 0x1AE44; 0x1AF1C
CraneSupport.dylib,0x11478,_getCodeFromErrorPointer,decompile/11478.c,0,,1,0x1A8F8
CraneSupport.dylib,0x11498,__SecItemCopyMatching_hook,decompile/11498.c,1,0x11E5C,13,0x10C1C; 0x10D90; 0x10EB0; 0x10FB0; 0x11034; 0x111E4; 0x1A8B0; 0x1A8D4; 0x1A8F8; 0x1A940; 0x1AC88; 0x1ACAC; 0x1ACB8
CraneSupport.dylib,0x11680,__SecItemAdd_hook,decompile/11680.c,1,0x11E5C,13,0x10C1C; 0x10D90; 0x10EB0; 0x10FB0; 0x11034; 0x111E4; 0x1A8B0; 0x1A8D4; 0x1A8F8; 0x1A940; 0x1AC88; 0x1ACAC; 0x1ACB8
CraneSupport.dylib,0x11868,__SecItemDelete_hook,decompile/11868.c,1,0x11E5C,12,0x10C1C; 0x10D90; 0x10EB0; 0x10FB0; 0x11034; 0x1A8B0; 0x1A8D4; 0x1A8F8; 0x1A940; 0x1AC88; 0x1ACAC; 0x1ACB8
CraneSupport.dylib,0x11A20,__SecItemUpdate_hook,decompile/11A20.c,1,0x11E5C,12,0x10C1C; 0x10D90; 0x10EB0; 0x10FB0; 0x11034; 0x1A8B0; 0x1A8D4; 0x1A8F8; 0x1A940; 0x1AC88; 0x1ACAC; 0x1ACB8
CraneSupport.dylib,0x11C08,_patchfindSecurityd,decompile/11C08.c,1,0x11E5C,20,0x6404; 0x12028; 0x12310; 0x132C8; 0x15778; 0x157E0; 0x15ED8; 0x1AA3C; 0x1AA48; 0x1AA54; 0x1AAA8; 0x1AB74; 0x1ABEC; 0x1ABF8; 0x1AC88; 0x1ACAC; 0x1ACC4; 0x1ACDC; 0x1AD24; 0x1AD9C
CraneSupport.dylib,0x11E5C,_initSecurityd,decompile/11E5C.c,1,0x6C5C,3,0x11C08; 0x1A964; 0x1A970
CraneSupport.dylib,0x12028,_find_func_with_cfstring_xref,decompile/12028.c,1,0x11C08,8,0x17ED8; 0x18308; 0x1877C; 0x18958; 0x18A5C; 0x18A94; 0x18B24; 0x1A9DC
CraneSupport.dylib,0x12264,sub_12264,decompile/12264.c,0,,2,0x1A9DC; 0x1A9F4
CraneSupport.dylib,0x122A0,sub_122A0,decompile/122A0.c,0,,0,
CraneSupport.dylib,0x122A4,sub_122A4,decompile/122A4.c,1,0x12028,0,
CraneSupport.dylib,0x122BC,sub_122BC,decompile/122BC.c,1,0x12028,0,
CraneSupport.dylib,0x122D4,sub_122D4,decompile/122D4.c,1,0x12028,1,0x185DC
CraneSupport.dylib,0x12310,_find_func_with_oslogstring_xref,decompile/12310.c,1,0x11C08,8,0x17ED8; 0x18308; 0x1877C; 0x18958; 0x18A5C; 0x18A94; 0x18B24; 0x1A9DC
CraneSupport.dylib,0x124A8,sub_124A8,decompile/124A8.c,0,,2,0x1A9DC; 0x1A9F4
CraneSupport.dylib,0x124D0,sub_124D0,decompile/124D0.c,0,,0,
CraneSupport.dylib,0x124D4,sub_124D4,decompile/124D4.c,1,0x12310,0,
CraneSupport.dylib,0x124EC,sub_124EC,decompile/124EC.c,1,0x12310,1,0x185DC
CraneSupport.dylib,0x12528,_msleep,decompile/12528.c,0,,2,0x1AA00; 0x1AC04
CraneSupport.dylib,0x125BC,_clearActiveContainerCache,decompile/125BC.c,1,0x12724,4,0x12604; 0x129B4; 0x1AC88; 0x1ACDC
CraneSupport.dylib,0x12604,+[ClientContainerCache sharedInstance],decompile/12604.c,9,0x6AE8; 0x7784; 0xADF0; 0xC680; 0xC8E8; 0xD2BC; 0xD9A4; 0x10C1C; 0x125BC,1,0x1AACC
CraneSupport.dylib,0x12644,sub_12644,decompile/12644.c,0,,3,0x1267C; 0x1AC10; 0x1AC88
CraneSupport.dylib,0x1267C,-[ClientContainerCache init],decompile/1267C.c,2,0x12644; 0x1267C,9,0x1267C; 0x12724; 0x129B4; 0x1AAD8; 0x1AAE4; 0x1AC88; 0x1AC94; 0x1ACAC; 0x1ACDC
CraneSupport.dylib,0x12724,-[ClientContainerCache _registerForClearMessages],decompile/12724.c,1,0x1267C,1,0x1A91C
CraneSupport.dylib,0x12754,-[ClientContainerCache _getActiveContainerFromCacheForPid:],decompile/12754.c,0,,4,0x1A9DC; 0x1AB14; 0x1ACAC; 0x1ACB8
CraneSupport.dylib,0x12814,sub_12814,decompile/12814.c,2,0x12754; 0x12A4C,0,
CraneSupport.dylib,0x12824,sub_12824,decompile/12824.c,2,0x12754; 0x12A4C,0,
CraneSupport.dylib,0x1282C,sub_1282C,decompile/1282C.c,1,0x12754,3,0x1AC88; 0x1ACAC; 0x1ACDC
CraneSupport.dylib,0x128B4,-[ClientContainerCache _setActiveContainer:toCacheForPid:],decompile/128B4.c,0,,3,0x1AAB4; 0x1ACAC; 0x1ACB8
CraneSupport.dylib,0x12948,sub_12948,decompile/12948.c,1,0x128B4,2,0x1AC88; 0x1ACDC
CraneSupport.dylib,0x129B4,-[ClientContainerCache _clearActiveContainerCache],decompile/129B4.c,2,0x125BC; 0x1267C,1,0x1AB14
CraneSupport.dylib,0x12A0C,sub_12A0C,decompile/12A0C.c,1,0x129B4,1,0x1AC88
CraneSupport.dylib,0x12A4C,-[ClientContainerCache activeContainerIdentifierForPid:],decompile/12A4C.c,8,0x6AE8; 0x7784; 0xADF0; 0xC680; 0xC8E8; 0xD2BC; 0xD9A4; 0x10C1C,19,0x12754; 0x128B4; 0x1A9DC; 0x1AAC0; 0x1AAF0; 0x1AB08; 0x1AB20; 0x1AC88; 0x1ACAC; 0x1ACB8; 0x1ACDC; 0x1AD00; 0x1AE2C; 0x1AE50; 0x1AE68; 0x1AE74; 0x1AE8C; 0x1AEEC; 0x1AEF8
CraneSupport.dylib,0x12E1C,sub_12E1C,decompile/12E1C.c,0,,2,0x1A9DC; 0x1A9F4
CraneSupport.dylib,0x12E54,sub_12E54,decompile/12E54.c,0,,0,
CraneSupport.dylib,0x12E58,sub_12E58,decompile/12E58.c,1,0x12A4C,3,0x1AC88; 0x1ACAC; 0x1ACDC
CraneSupport.dylib,0x12F14,sub_12F14,decompile/12F14.c,1,0x12E58,0,
CraneSupport.dylib,0x12F24,nullsub_3,decompile/12F24.c,0,,0,
CraneSupport.dylib,0x12F28,sub_12F28,decompile/12F28.c,1,0x12A4C,7,0x1AAFC; 0x1AC88; 0x1ACAC; 0x1ACB8; 0x1ACDC; 0x1AED4; 0x1AF1C
CraneSupport.dylib,0x12FBC,-[ClientContainerCache .cxx_destruct],decompile/12FBC.c,0,,1,0x1AD00
CraneSupport.dylib,0x12FF8,_HCHookFunctions,decompile/12FF8.c,3,0xBBFC; 0xCC88; 0x11E5C,1,0x1A97C
CraneSupport.dylib,0x13054,_base64_encode,decompile/13054.c,0,,2,0x1ABBC; 0x1ABE0
CraneSupport.dylib,0x131B0,_buffered_stream_init_from_buffer_nocopy,decompile/131B0.c,1,0x132C8,1,0x1ABBC
CraneSupport.dylib,0x13290,sub_13290,decompile/13290.c,1,0x131B0,1,0x1AB68
CraneSupport.dylib,0x132C8,_buffered_stream_init_from_buffer,decompile/132C8.c,2,0x11C08; 0x13BE8,3,0x131B0; 0x1ABBC; 0x1ABD4
CraneSupport.dylib,0x1332C,sub_1332C,decompile/1332C.c,1,0x131B0,2,0x1ABD4; 0x1AD3C
CraneSupport.dylib,0x133A0,sub_133A0,decompile/133A0.c,1,0x131B0,4,0x134BC; 0x13608; 0x1ABD4; 0x1AD3C
CraneSupport.dylib,0x1346C,sub_1346C,decompile/1346C.c,1,0x131B0,0,
CraneSupport.dylib,0x13480,sub_13480,decompile/13480.c,1,0x131B0,0,
CraneSupport.dylib,0x13494,sub_13494,decompile/13494.c,1,0x131B0,0,
CraneSupport.dylib,0x134BC,sub_134BC,decompile/134BC.c,2,0x131B0; 0x133A0,4,0x1AA78; 0x1AB68; 0x1ABBC; 0x1ABD4
CraneSupport.dylib,0x13554,sub_13554,decompile/13554.c,2,0x131B0; 0x135D8,1,0x1ABBC
CraneSupport.dylib,0x135D8,sub_135D8,decompile/135D8.c,1,0x131B0,2,0x13554; 0x13608
CraneSupport.dylib,0x13608,sub_13608,decompile/13608.c,2,0x133A0; 0x135D8,2,0x1ABBC; 0x1ABD4
CraneSupport.dylib,0x13668,_cs_blob_magic_to_string,decompile/13668.c,1,0x141C4,0,
CraneSupport.dylib,0x137BC,_cs_slot_type_to_string,decompile/137BC.c,1,0x141C4,0,
CraneSupport.dylib,0x138E8,_macho_parse_signature_blob_to_der_encoded_data,decompile/138E8.c,0,,0,
CraneSupport.dylib,0x138F4,_macho_find_code_signature_bounds,decompile/138F4.c,4,0x139E0; 0x13A58; 0x143CC; 0x152F0,2,0x161A0; 0x1A9DC
CraneSupport.dylib,0x13984,sub_13984,decompile/13984.c,1,0x138F4,0,
CraneSupport.dylib,0x139C4,sub_139C4,decompile/139C4.c,0,,0,
CraneSupport.dylib,0x139D4,sub_139D4,decompile/139D4.c,0,,0,
CraneSupport.dylib,0x139E0,_macho_read_code_signature,decompile/139E0.c,0,,4,0x138F4; 0x15FD8; 0x1AB68; 0x1ABBC
CraneSupport.dylib,0x13A58,_macho_replace_code_signature,decompile/13A58.c,0,,8,0x138F4; 0x15FE0; 0x15FE8; 0x175E4; 0x17740; 0x17A30; 0x1AA18; 0x1AA78
CraneSupport.dylib,0x13B90,_macho_extract_cs_to_file,decompile/13B90.c,0,,3,0x1AB50; 0x1AB5C; 0x1AB8C
CraneSupport.dylib,0x13BE8,_csd_blob_init,decompile/13BE8.c,1,0x13DE0,2,0x132C8; 0x1ABBC
CraneSupport.dylib,0x13C44,_csd_blob_read,decompile/13C44.c,13,0x1430C; 0x143CC; 0x145AC; 0x14704; 0x14834; 0x1490C; 0x149E0; 0x14BF8; 0x14C5C; 0x14CB8; 0x14D14; 0x14E20; 0x152F0,0,
CraneSupport.dylib,0x13C4C,_csd_blob_write,decompile/13C4C.c,4,0x149E0; 0x14C2C; 0x14C8C; 0x152F0,2,0x13C84; 0x17620
CraneSupport.dylib,0x13C84,sub_13C84,decompile/13C84.c,4,0x13C4C; 0x13CCC; 0x13D04; 0x13D44,2,0x17620; 0x17740
CraneSupport.dylib,0x13CCC,_csd_blob_insert,decompile/13CCC.c,1,0x149E0,2,0x13C84; 0x1765C
CraneSupport.dylib,0x13D04,_csd_blob_delete,decompile/13D04.c,1,0x149E0,2,0x13C84; 0x17978
CraneSupport.dylib,0x13D3C,_csd_blob_read_string,decompile/13D3C.c,2,0x14834; 0x1490C,0,
CraneSupport.dylib,0x13D44,_csd_blob_write_string,decompile/13D44.c,0,,2,0x13C84; 0x17AF0
CraneSupport.dylib,0x13D7C,_csd_blob_get_size,decompile/13D7C.c,1,0x14D14,0,
CraneSupport.dylib,0x13D84,_csd_blob_get_type,decompile/13D84.c,0,,0,
CraneSupport.dylib,0x13D8C,_csd_blob_set_type,decompile/13D8C.c,0,,0,
CraneSupport.dylib,0x13D94,_csd_blob_free,decompile/13D94.c,2,0x14094; 0x142D4,1,0x17C54
CraneSupport.dylib,0x13DC0,_csd_superblob_init,decompile/13DC0.c,0,,1,0x1ABBC
CraneSupport.dylib,0x13DE0,_csd_superblob_decode,decompile/13DE0.c,0,,2,0x13BE8; 0x1ABBC
CraneSupport.dylib,0x13E7C,_csd_superblob_encode,decompile/13E7C.c,0,,3,0x175E4; 0x17740; 0x1ABBC
CraneSupport.dylib,0x13F80,_csd_superblob_find_blob,decompile/13F80.c,0,,0,
CraneSupport.dylib,0x13FB4,_csd_superblob_insert_blob_after_blob,decompile/13FB4.c,0,,0,
CraneSupport.dylib,0x13FC8,_csd_superblob_insert_blob_at_index,decompile/13FC8.c,0,,0,
CraneSupport.dylib,0x14024,_csd_superblob_append_blob,decompile/14024.c,0,,0,
CraneSupport.dylib,0x14048,_csd_superblob_remove_blob,decompile/14048.c,0,,0,
CraneSupport.dylib,0x14094,_csd_superblob_remove_blob_at_index,decompile/14094.c,0,,1,0x13D94
CraneSupport.dylib,0x14128,_csd_superblob_find_best_code_directory,decompile/14128.c,1,0x14194,1,0x14CB8
CraneSupport.dylib,0x14194,_csd_superblob_calculate_best_cdhash,decompile/14194.c,0,,1,0x14128
CraneSupport.dylib,0x141C4,_csd_superblob_print_content,decompile/141C4.c,0,,7,0x13668; 0x137BC; 0x14E20; 0x175E4; 0x17740; 0x1ABBC; 0x1AD3C
CraneSupport.dylib,0x142D4,_csd_superblob_free,decompile/142D4.c,0,,1,0x13D94
CraneSupport.dylib,0x1430C,_csd_code_directory_read_slot_hash,decompile/1430C.c,2,0x145AC; 0x14E20,1,0x13C44
CraneSupport.dylib,0x143CC,_csd_code_directory_calculate_page_hash,decompile/143CC.c,2,0x145AC; 0x14E20,10,0x138F4; 0x13C44; 0x15FD8; 0x15FE8; 0x17740; 0x1A820; 0x1A82C; 0x1AA18; 0x1AB98; 0x1ABD4
CraneSupport.dylib,0x145AC,_csd_code_directory_verify_code_slot,decompile/145AC.c,1,0x14704,5,0x13C44; 0x1430C; 0x143CC; 0x1AA18; 0x1ABC8
CraneSupport.dylib,0x14704,_csd_code_directory_verify_code_slots,decompile/14704.c,0,,2,0x13C44; 0x145AC
CraneSupport.dylib,0x147E8,_cs_hash_type_to_string,decompile/147E8.c,0,,0,
CraneSupport.dylib,0x14810,_cs_slot_to_string,decompile/14810.c,0,,0,
CraneSupport.dylib,0x14834,_csd_code_directory_copy_identifier,decompile/14834.c,2,0x149E0; 0x14E20,2,0x13C44; 0x13D3C
CraneSupport.dylib,0x1490C,_csd_code_directory_copy_team_id,decompile/1490C.c,2,0x149E0; 0x14E20,2,0x13C44; 0x13D3C
CraneSupport.dylib,0x149E0,_csd_code_directory_set_team_id,decompile/149E0.c,0,,8,0x13C44; 0x13C4C; 0x13CCC; 0x13D04; 0x14834; 0x1490C; 0x1AB68; 0x1ADC0
CraneSupport.dylib,0x14BF8,_csd_code_directory_get_flags,decompile/14BF8.c,0,,1,0x13C44
CraneSupport.dylib,0x14C2C,_csd_code_directory_set_flags,decompile/14C2C.c,0,,1,0x13C4C
CraneSupport.dylib,0x14C5C,_csd_code_directory_get_hash_type,decompile/14C5C.c,0,,1,0x13C44
CraneSupport.dylib,0x14C8C,_csd_code_directory_set_hash_type,decompile/14C8C.c,0,,1,0x13C4C
CraneSupport.dylib,0x14CB8,_csd_code_directory_calculate_rank,decompile/14CB8.c,1,0x14128,1,0x13C44
CraneSupport.dylib,0x14D14,_csd_code_directory_calculate_hash,decompile/14D14.c,1,0x14194,7,0x13C44; 0x13D7C; 0x17B54; 0x1A820; 0x1A82C; 0x1A838; 0x1AA18
CraneSupport.dylib,0x14E20,_csd_code_directory_print_content,decompile/14E20.c,1,0x141C4,13,0x13C44; 0x1430C; 0x143CC; 0x14834; 0x1490C; 0x19654; 0x19698; 0x1AA18; 0x1AB68; 0x1ABC8; 0x1AD3C; 0x1AD6C; 0x1AD78
CraneSupport.dylib,0x152F0,_csd_code_directory_update,decompile/152F0.c,0,,8,0x138F4; 0x13C44; 0x13C4C; 0x15FD8; 0x1963C; 0x1A82C; 0x1AA18; 0x1AA78
CraneSupport.dylib,0x154A8,_fat_read_at_offset,decompile/154A8.c,0,,0,
CraneSupport.dylib,0x154B0,_fat_get_stream,decompile/154B0.c,0,,0,
CraneSupport.dylib,0x154B8,_fat_parse_slices,decompile/154B8.c,1,0x157E0,9,0x16A3C; 0x175E4; 0x17740; 0x17A30; 0x17B9C; 0x1AA78; 0x1ABBC; 0x1AD3C; 0x1AD78
CraneSupport.dylib,0x15734,_fat_find_slice,decompile/15734.c,1,0x15ED8,0,
CraneSupport.dylib,0x15778,_fat_free,decompile/15778.c,4,0x11C08; 0x157E0; 0x1585C; 0x16AEC,3,0x16AEC; 0x17C54; 0x1AB68
CraneSupport.dylib,0x157E0,_fat_init_from_memory_stream,decompile/157E0.c,3,0x11C08; 0x15830; 0x168B8,3,0x154B8; 0x15778; 0x1ABBC
CraneSupport.dylib,0x15830,_fat_init_from_path,decompile/15830.c,2,0x1585C; 0x16CA8,1,0x15D24
CraneSupport.dylib,0x1585C,_fat_create_for_macho_array,decompile/1585C.c,0,,4,0x15778; 0x15830; 0x158D8; 0x1AD78
CraneSupport.dylib,0x158D8,_fat_add_macho,decompile/158D8.c,1,0x1585C,1,0x1AD90
CraneSupport.dylib,0x15934,_file_stream_init_from_file_descriptor_nodup,decompile/15934.c,3,0x15C50; 0x15CD4; 0x15D24,4,0x15C84; 0x1AB74; 0x1ABBC; 0x1AD3C
CraneSupport.dylib,0x15A64,sub_15A64,decompile/15A64.c,1,0x15934,2,0x1ABB0; 0x1AD84
CraneSupport.dylib,0x15AB4,sub_15AB4,decompile/15AB4.c,1,0x15934,3,0x1ABB0; 0x1AD78; 0x1AE20
CraneSupport.dylib,0x15B6C,sub_15B6C,decompile/15B6C.c,1,0x15934,0,
CraneSupport.dylib,0x15B80,sub_15B80,decompile/15B80.c,1,0x15934,2,0x1778C; 0x1AB80
CraneSupport.dylib,0x15C04,sub_15C04,decompile/15C04.c,1,0x15934,1,0x1ABB0
CraneSupport.dylib,0x15C50,sub_15C50,decompile/15C50.c,1,0x15934,0,
CraneSupport.dylib,0x15C68,sub_15C68,decompile/15C68.c,1,0x15934,0,
CraneSupport.dylib,0x15C84,sub_15C84,decompile/15C84.c,1,0x15934,2,0x1AAA8; 0x1AD30
CraneSupport.dylib,0x15CD4,_file_stream_init_from_file_descriptor,decompile/15CD4.c,1,0x15C68,2,0x15934; 0x1AB44
CraneSupport.dylib,0x15D24,_file_stream_init_from_path,decompile/15D24.c,2,0x15830; 0x16BE0,5,0x15934; 0x1AA00; 0x1AD24; 0x1AD3C; 0x1ADB4
CraneSupport.dylib,0x15DB4,_host_get_cpu_information,decompile/15DB4.c,1,0x15ED8,2,0x1AD78; 0x1AE08
CraneSupport.dylib,0x15E54,_host_supported_arm64e_abi,decompile/15E54.c,1,0x15ED8,3,0x1AA18; 0x1ABC8; 0x1AE14
CraneSupport.dylib,0x15ED8,_fat_find_preferred_slice,decompile/15ED8.c,1,0x11C08,5,0x15734; 0x15DB4; 0x15E54; 0x15FF0; 0x1AD78
CraneSupport.dylib,0x15FD8,_macho_read_at_offset,decompile/15FD8.c,5,0x138E8; 0x139E0; 0x143CC; 0x152F0; 0x18088,0,
CraneSupport.dylib,0x15FE0,_macho_write_at_offset,decompile/15FE0.c,1,0x13A58,0,
CraneSupport.dylib,0x15FE8,_macho_get_stream,decompile/15FE8.c,5,0x13A58; 0x143CC; 0x18108; 0x18308; 0x183D8,0,
CraneSupport.dylib,0x15FF0,_macho_get_filetype,decompile/15FF0.c,1,0x15ED8,0,
CraneSupport.dylib,0x15FF8,_macho_get_mach_header_size,decompile/15FF8.c,0,,0,
CraneSupport.dylib,0x16010,_macho_translate_fileoff_to_vmaddr,decompile/16010.c,1,0x18EF0,0,
CraneSupport.dylib,0x1606C,_macho_translate_vmaddr_to_fileoff,decompile/1606C.c,0,,0,
CraneSupport.dylib,0x160D0,_macho_read_at_vmaddr,decompile/160D0.c,1,0x18D1C,0,
CraneSupport.dylib,0x16138,_macho_write_at_vmaddr,decompile/16138.c,0,,0,
CraneSupport.dylib,0x161A0,_macho_enumerate_load_commands,decompile/161A0.c,11,0x138F4; 0x16328; 0x164C8; 0x16630; 0x16758; 0x16854; 0x16978; 0x16DAC; 0x17194; 0x17274; 0x1730C,5,0x16E64; 0x175E4; 0x1AA18; 0x1AD3C; 0x1AD9C
CraneSupport.dylib,0x16328,_macho_enumerate_symbols,decompile/16328.c,0,,1,0x161A0
CraneSupport.dylib,0x1637C,sub_1637C,decompile/1637C.c,1,0x16328,2,0x175E4; 0x1AA18
CraneSupport.dylib,0x164AC,sub_164AC,decompile/164AC.c,0,,0,
CraneSupport.dylib,0x164BC,sub_164BC,decompile/164BC.c,0,,0,
CraneSupport.dylib,0x164C8,_macho_enumerate_dependencies,decompile/164C8.c,0,,1,0x161A0
CraneSupport.dylib,0x1651C,sub_1651C,decompile/1651C.c,1,0x164C8,2,0x1AD3C; 0x1ADE4
CraneSupport.dylib,0x16630,_macho_enumerate_rpaths,decompile/16630.c,0,,1,0x161A0
CraneSupport.dylib,0x16684,sub_16684,decompile/16684.c,1,0x16630,2,0x1AD3C; 0x1ADE4
CraneSupport.dylib,0x16758,_macho_parse_segments,decompile/16758.c,0,,1,0x161A0
CraneSupport.dylib,0x167A8,sub_167A8,decompile/167A8.c,2,0x16758; 0x16978,3,0x1ABBC; 0x1ABD4; 0x1AD90
CraneSupport.dylib,0x16854,_macho_parse_fileset_machos,decompile/16854.c,1,0x16978,1,0x161A0
CraneSupport.dylib,0x168B8,sub_168B8,decompile/168B8.c,1,0x16854,6,0x157E0; 0x17A30; 0x17B9C; 0x1ABBC; 0x1AD90; 0x1ADA8
CraneSupport.dylib,0x16978,__macho_parse,decompile/16978.c,2,0x16A3C; 0x16BE0,3,0x161A0; 0x16854; 0x1AD3C
CraneSupport.dylib,0x16A3C,_macho_init,decompile/16A3C.c,1,0x154B8,4,0x16978; 0x16AEC; 0x175E4; 0x1ABBC
CraneSupport.dylib,0x16AEC,_macho_free,decompile/16AEC.c,3,0x15778; 0x16A3C; 0x16BE0,3,0x15778; 0x17C54; 0x1AB68
CraneSupport.dylib,0x16BE0,_macho_init_for_writing,decompile/16BE0.c,0,,6,0x15D24; 0x16978; 0x16AEC; 0x175E4; 0x17740; 0x1ABBC
CraneSupport.dylib,0x16CA8,_macho_array_create_for_paths,decompile/16CA8.c,0,,3,0x15830; 0x1ABBC; 0x1AD3C
CraneSupport.dylib,0x16DAC,_macho_is_encrypted,decompile/16DAC.c,0,,2,0x161A0; 0x1A9DC
CraneSupport.dylib,0x16E34,sub_16E34,decompile/16E34.c,1,0x16DAC,0,
CraneSupport.dylib,0x16E64,_load_command_to_string,decompile/16E64.c,1,0x161A0,0,
CraneSupport.dylib,0x17194,_update_segment_command_64,decompile/17194.c,0,,1,0x161A0
CraneSupport.dylib,0x171EC,sub_171EC,decompile/171EC.c,2,0x17194; 0x1730C,2,0x17620; 0x1AD9C
CraneSupport.dylib,0x17274,_update_lc_code_signature,decompile/17274.c,0,,1,0x161A0
CraneSupport.dylib,0x172C4,sub_172C4,decompile/172C4.c,2,0x17274; 0x1730C,1,0x17620
CraneSupport.dylib,0x1730C,_update_load_commands_for_coretrust_bypass,decompile/1730C.c,0,,4,0x161A0; 0x1963C; 0x1A9DC; 0x1AD78
CraneSupport.dylib,0x174D4,sub_174D4,decompile/174D4.c,1,0x1730C,1,0x1AD9C
CraneSupport.dylib,0x1755C,sub_1755C,decompile/1755C.c,0,,1,0x1A9D0
CraneSupport.dylib,0x175A8,sub_175A8,decompile/175A8.c,0,,1,0x1A9DC
CraneSupport.dylib,0x175E4,_memory_stream_read,decompile/175E4.c,12,0x13A58; 0x13C44; 0x13E7C; 0x141C4; 0x154A8; 0x154B8; 0x15FD8; 0x160D0; 0x161A0; 0x1637C; 0x16A3C; 0x16BE0,0,
CraneSupport.dylib,0x17620,_memory_stream_write,decompile/17620.c,6,0x13C4C; 0x13C84; 0x15FE0; 0x16138; 0x171EC; 0x172C4,0,
CraneSupport.dylib,0x1765C,_memory_stream_insert,decompile/1765C.c,1,0x13CCC,2,0x1778C; 0x1AD78
CraneSupport.dylib,0x17740,_memory_stream_get_size,decompile/17740.c,8,0x13A58; 0x13C84; 0x13D7C; 0x13E7C; 0x141C4; 0x143CC; 0x154B8; 0x16BE0,0,
CraneSupport.dylib,0x17778,_memory_stream_expand,decompile/17778.c,0,,0,
CraneSupport.dylib,0x1778C,_memory_stream_copy_data,decompile/1778C.c,3,0x15B80; 0x1765C; 0x17978,3,0x1AA18; 0x1AD3C; 0x1AD78
CraneSupport.dylib,0x17978,_memory_stream_delete,decompile/17978.c,1,0x13D04,2,0x1778C; 0x1AD78
CraneSupport.dylib,0x17A30,_memory_stream_trim,decompile/17A30.c,3,0x13A58; 0x154B8; 0x168B8,0,
CraneSupport.dylib,0x17A44,_memory_stream_read_string,decompile/17A44.c,2,0x13D3C; 0x18108,1,0x1ABBC
CraneSupport.dylib,0x17AF0,_memory_stream_write_string,decompile/17AF0.c,1,0x13D44,1,0x1ADC0
CraneSupport.dylib,0x17B54,_memory_stream_get_raw_pointer,decompile/17B54.c,2,0x14D14; 0x18308,0,
CraneSupport.dylib,0x17B68,_memory_stream_get_flags,decompile/17B68.c,0,,0,
CraneSupport.dylib,0x17B70,__memory_stream_clone,decompile/17B70.c,0,,0,
CraneSupport.dylib,0x17B9C,_memory_stream_softclone,decompile/17B9C.c,2,0x154B8; 0x168B8,0,
CraneSupport.dylib,0x17BF8,_memory_stream_hardclone,decompile/17BF8.c,0,,0,
CraneSupport.dylib,0x17C54,_memory_stream_free,decompile/17C54.c,3,0x13D94; 0x15778; 0x16AEC,0,
CraneSupport.dylib,0x17C84,_memory_stream_find_memory,decompile/17C84.c,1,0x183D8,2,0x196EC; 0x1A9DC
CraneSupport.dylib,0x17D28,sub_17D28,decompile/17D28.c,1,0x17C84,2,0x195E4; 0x1AA18
CraneSupport.dylib,0x17DE4,_raw_buffer_find_memory,decompile/17DE4.c,1,0x183D8,2,0x196EC; 0x1A9DC
CraneSupport.dylib,0x17E88,sub_17E88,decompile/17E88.c,1,0x17DE4,1,0x195E4
CraneSupport.dylib,0x17ED8,_pfsec_init_from_macho,decompile/17ED8.c,2,0x12028; 0x12310,3,0x1ABBC; 0x1AD9C; 0x1ADD8
CraneSupport.dylib,0x18080,_pfsec_set_pointer_decoder,decompile/18080.c,0,,0,
CraneSupport.dylib,0x18088,_pfsec_read_reloff,decompile/18088.c,5,0x180DC; 0x181C4; 0x18200; 0x18260; 0x18308,1,0x1ABD4
CraneSupport.dylib,0x180DC,_pfsec_read32_reloff,decompile/180DC.c,0,,1,0x18088
CraneSupport.dylib,0x18108,_pfsec_read_string_reloff,decompile/18108.c,2,0x181A8; 0x1889C,3,0x15FE8; 0x1ADA8; 0x1ADE4
CraneSupport.dylib,0x181A8,_pfsec_read_string,decompile/181A8.c,0,,0,
CraneSupport.dylib,0x181C4,_pfsec_read_at_address,decompile/181C4.c,1,0x18D1C,0,
CraneSupport.dylib,0x18200,_pfsec_read32,decompile/18200.c,4,0x185DC; 0x18B38; 0x18C2C; 0x18EF0,1,0x18088
CraneSupport.dylib,0x18260,_pfsec_read64,decompile/18260.c,1,0x182C0,1,0x18088
CraneSupport.dylib,0x182C0,_pfsec_read_pointer,decompile/182C0.c,1,0x18EF0,1,0x18260
CraneSupport.dylib,0x18308,_pfsec_set_cached,decompile/18308.c,2,0x12028; 0x12310,5,0x15FE8; 0x17B54; 0x18088; 0x1AB68; 0x1ABBC
CraneSupport.dylib,0x183D8,_pfsec_find_memory_rel,decompile/183D8.c,1,0x184B4,2,0x15FE8; 0x17C84
CraneSupport.dylib,0x184B4,_pfsec_find_memory,decompile/184B4.c,4,0x18538; 0x18588; 0x185DC; 0x187B0,1,0x183D8
CraneSupport.dylib,0x18538,_pfsec_find_prev_inst,decompile/18538.c,3,0x18C2C; 0x18E70; 0x18EF0,1,0x184B4
CraneSupport.dylib,0x18588,_pfsec_find_next_inst,decompile/18588.c,0,,1,0x184B4
CraneSupport.dylib,0x185DC,_pfsec_find_function_start,decompile/185DC.c,2,0x122D4; 0x124EC,2,0x18200; 0x184B4
CraneSupport.dylib,0x18754,_pfsec_contains_vmaddr,decompile/18754.c,0,,0,
CraneSupport.dylib,0x1877C,_pfsec_free,decompile/1877C.c,2,0x12028; 0x12310,1,0x1AB68
CraneSupport.dylib,0x187B0,__pfsec_run_pattern_metric,decompile/187B0.c,1,0x18AC8,1,0x184B4
CraneSupport.dylib,0x18854,_pfmetric_pattern_init,decompile/18854.c,0,,1,0x1ABBC
CraneSupport.dylib,0x1889C,__pfsec_run_string_metric,decompile/1889C.c,1,0x18AC8,4,0x18108; 0x1AB68; 0x1AD9C; 0x1ADC0
CraneSupport.dylib,0x18958,_pfmetric_string_init,decompile/18958.c,2,0x12028; 0x12310,2,0x1ABBC; 0x1ADA8
CraneSupport.dylib,0x18998,__pfsec_run_arm64_xref_metric,decompile/18998.c,2,0x18A3C; 0x18AC8,1,0x18EF0
CraneSupport.dylib,0x18A14,sub_18A14,decompile/18A14.c,1,0x18998,0,
CraneSupport.dylib,0x18A3C,__pfsec_run_xref_metric,decompile/18A3C.c,0,,0,
CraneSupport.dylib,0x18A5C,_pfmetric_xref_init,decompile/18A5C.c,2,0x12028; 0x12310,1,0x1ABBC
CraneSupport.dylib,0x18A94,_pfmetric_free,decompile/18A94.c,2,0x12028; 0x12310,1,0x1AB68
CraneSupport.dylib,0x18AC8,_pfmetric_run_in_range,decompile/18AC8.c,1,0x18B24,0,
CraneSupport.dylib,0x18B24,_pfmetric_run,decompile/18B24.c,2,0x12028; 0x12310,0,
CraneSupport.dylib,0x18B38,_pfsec_arm64_resolve_adrp_ldr_str_add_reference,decompile/18B38.c,2,0x18C2C; 0x18D1C,6,0x18200; 0x19AE8; 0x19E60; 0x1A12C; 0x1A37C; 0x1A3F4
CraneSupport.dylib,0x18C2C,_pfsec_arm64_resolve_adrp_ldr_str_add_reference_auto,decompile/18C2C.c,0,,7,0x18200; 0x18538; 0x18B38; 0x19A18; 0x19E60; 0x1A12C; 0x1A3F4
CraneSupport.dylib,0x18D1C,_pfsec_arm64_resolve_stub,decompile/18D1C.c,0,,6,0x160D0; 0x181C4; 0x18B38; 0x19A18; 0x19F28; 0x1AA18
CraneSupport.dylib,0x18E70,_pfsec_arm64_scan_register_write,decompile/18E70.c,1,0x18EF0,2,0x18538; 0x19D74
CraneSupport.dylib,0x18EF0,_pfsec_arm64_enumerate_xrefs,decompile/18EF0.c,1,0x18998,15,0x16010; 0x18200; 0x182C0; 0x18538; 0x18E70; 0x19874; 0x1998C; 0x19A18; 0x19AE8; 0x19E60; 0x1A12C; 0x1A3F4; 0x1A5D4; 0x1A748; 0x1ADCC
CraneSupport.dylib,0x195D4,_sxt64,decompile/195D4.c,7,0x19874; 0x1998C; 0x19AE8; 0x1A14C; 0x1A494; 0x1A5D4; 0x1A748,0,
CraneSupport.dylib,0x195E4,_memcmp_masked,decompile/195E4.c,2,0x17D28; 0x17E88,0,
CraneSupport.dylib,0x1963C,_align_to_size,decompile/1963C.c,2,0x152F0; 0x1730C,0,
CraneSupport.dylib,0x19654,_count_digits,decompile/19654.c,1,0x14E20,0,
CraneSupport.dylib,0x19698,_print_hash,decompile/19698.c,1,0x14E20,1,0x1AD3C
CraneSupport.dylib,0x196EC,_enumerate_range,decompile/196EC.c,2,0x17C84; 0x17DE4,0,
CraneSupport.dylib,0x1978C,_arm64_reg_type_get_width,decompile/1978C.c,0,,0,
CraneSupport.dylib,0x197C0,_arm64_reg_type_get_string,decompile/197C0.c,0,,0,
CraneSupport.dylib,0x197E4,_arm64_reg_get_type_string,decompile/197E4.c,0,,0,
CraneSupport.dylib,0x19810,_arm64_gen_b_l,decompile/19810.c,0,,0,
CraneSupport.dylib,0x19874,_arm64_dec_b_l,decompile/19874.c,1,0x18EF0,1,0x195D4
CraneSupport.dylib,0x198F8,_arm64_gen_b_c_cond,decompile/198F8.c,0,,0,
CraneSupport.dylib,0x1998C,_arm64_dec_b_c_cond,decompile/1998C.c,1,0x18EF0,1,0x195D4
CraneSupport.dylib,0x19A18,_arm64_gen_adr_p,decompile/19A18.c,3,0x18C2C; 0x18D1C; 0x18EF0,0,
CraneSupport.dylib,0x19AE8,_arm64_dec_adr_p,decompile/19AE8.c,2,0x18B38; 0x18EF0,1,0x195D4
CraneSupport.dylib,0x19BD8,_arm64_gen_mov_imm,decompile/19BD8.c,0,,0,
CraneSupport.dylib,0x19CB4,_arm64_dec_mov_imm,decompile/19CB4.c,0,,0,
CraneSupport.dylib,0x19D74,_arm64_gen_add_imm,decompile/19D74.c,1,0x18E70,0,
CraneSupport.dylib,0x19E60,_arm64_dec_add_imm,decompile/19E60.c,3,0x18B38; 0x18C2C; 0x18EF0,0,
CraneSupport.dylib,0x19F28,_arm64_gen_ldr_imm,decompile/19F28.c,1,0x18D1C,1,0x19F80
CraneSupport.dylib,0x19F80,sub_19F80,decompile/19F80.c,3,0x19F28; 0x1A324; 0x1A39C,0,
CraneSupport.dylib,0x1A12C,_arm64_dec_ldr_imm,decompile/1A12C.c,3,0x18B38; 0x18C2C; 0x18EF0,0,
CraneSupport.dylib,0x1A14C,sub_1A14C,decompile/1A14C.c,3,0x1A12C; 0x1A37C; 0x1A3F4,1,0x195D4
CraneSupport.dylib,0x1A2F4,sub_1A2F4,decompile/1A2F4.c,0,,0,
CraneSupport.dylib,0x1A304,sub_1A304,decompile/1A304.c,0,,0,
CraneSupport.dylib,0x1A314,sub_1A314,decompile/1A314.c,0,,0,
CraneSupport.dylib,0x1A324,_arm64_gen_ldrs_imm,decompile/1A324.c,0,,1,0x19F80
CraneSupport.dylib,0x1A37C,_arm64_dec_ldrs_imm,decompile/1A37C.c,1,0x18B38,0,
CraneSupport.dylib,0x1A39C,_arm64_gen_str_imm,decompile/1A39C.c,0,,1,0x19F80
CraneSupport.dylib,0x1A3F4,_arm64_dec_str_imm,decompile/1A3F4.c,3,0x18B38; 0x18C2C; 0x18EF0,0,
CraneSupport.dylib,0x1A414,_arm64_gen_ldr_lit,decompile/1A414.c,0,,0,
CraneSupport.dylib,0x1A494,_arm64_dec_ldr_lit,decompile/1A494.c,0,,1,0x195D4
CraneSupport.dylib,0x1A540,_arm64_gen_cb_n_z,decompile/1A540.c,0,,0,
CraneSupport.dylib,0x1A5D4,_arm64_dec_cb_n_z,decompile/1A5D4.c,1,0x18EF0,1,0x195D4
CraneSupport.dylib,0x1A68C,_arm64_gen_tb_n_z,decompile/1A68C.c,0,,0,
CraneSupport.dylib,0x1A748,_arm64_dec_tb_n_z,decompile/1A748.c,1,0x18EF0,1,0x195D4
CraneSupport.dylib,0x1A820,_CC_SHA1,decompile/1A820.c,3,0x8670; 0x143CC; 0x14D14,0,
CraneSupport.dylib,0x1A82C,_CC_SHA256,decompile/1A82C.c,3,0x143CC; 0x14D14; 0x152F0,0,
CraneSupport.dylib,0x1A838,_CC_SHA384,decompile/1A838.c,1,0x14D14,0,
CraneSupport.dylib,0x1A844,_CFArrayAppendValue,decompile/1A844.c,1,0x10EB0,0,
CraneSupport.dylib,0x1A850,_CFArrayContainsValue,decompile/1A850.c,1,0x10EB0,0,
CraneSupport.dylib,0x1A85C,_CFArrayCreateMutableCopy,decompile/1A85C.c,3,0x10D90; 0x10EB0; 0x111E4,0,
CraneSupport.dylib,0x1A868,_CFArrayGetCount,decompile/1A868.c,3,0x10D90; 0x10EB0; 0x111E4,0,
CraneSupport.dylib,0x1A874,_CFArrayGetTypeID,decompile/1A874.c,2,0x8E1C; 0x111E4,0,
CraneSupport.dylib,0x1A880,_CFArrayGetValueAtIndex,decompile/1A880.c,2,0x10D90; 0x111E4,0,
CraneSupport.dylib,0x1A88C,_CFArraySetValueAtIndex,decompile/1A88C.c,2,0x10D90; 0x111E4,0,
CraneSupport.dylib,0x1A898,_CFDictionaryAddValue,decompile/1A898.c,1,0x8E1C,0,
CraneSupport.dylib,0x1A8A4,_CFDictionaryCreateMutable,decompile/1A8A4.c,1,0x8E1C,0,
CraneSupport.dylib,0x1A8B0,_CFDictionaryCreateMutableCopy,decompile/1A8B0.c,7,0x10FE8; 0x11034; 0x11130; 0x11498; 0x11680; 0x11868; 0x11A20,0,
CraneSupport.dylib,0x1A8BC,_CFDictionaryGetTypeID,decompile/1A8BC.c,3,0x11034; 0x11130; 0x111E4,0,
CraneSupport.dylib,0x1A8C8,_CFDictionaryGetValue,decompile/1A8C8.c,4,0x10EB0; 0x10FB0; 0x11034; 0x11130,0,
CraneSupport.dylib,0x1A8D4,_CFDictionaryRemoveValue,decompile/1A8D4.c,5,0x10FE8; 0x11498; 0x11680; 0x11868; 0x11A20,0,
CraneSupport.dylib,0x1A8E0,_CFDictionarySetValue,decompile/1A8E0.c,2,0x11034; 0x11130,0,
CraneSupport.dylib,0x1A8EC,_CFEqual,decompile/1A8EC.c,1,0x10FB0,0,
CraneSupport.dylib,0x1A8F8,_CFErrorGetCode,decompile/1A8F8.c,5,0x11478; 0x11498; 0x11680; 0x11868; 0x11A20,0,
CraneSupport.dylib,0x1A904,_CFGetTypeID,decompile/1A904.c,4,0x8E1C; 0x11034; 0x11130; 0x111E4,0,
CraneSupport.dylib,0x1A910,_CFNotificationCenterAddObserver,decompile/1A910.c,3,0x7200; 0xF2B4; 0x12724,0,
CraneSupport.dylib,0x1A91C,_CFNotificationCenterGetDarwinNotifyCenter,decompile/1A91C.c,1,0x12724,0,
CraneSupport.dylib,0x1A928,_CFNotificationCenterGetDistributedCenter,decompile/1A928.c,1,0xF2B4,0,
CraneSupport.dylib,0x1A934,_CFNotificationCenterGetLocalCenter,decompile/1A934.c,1,0x7200,0,
CraneSupport.dylib,0x1A940,_CFRelease,decompile/1A940.c,12,0x8104; 0x8E1C; 0xD9A4; 0x10D90; 0x11024; 0x11034; 0x11130; 0x111E4; 0x11498; 0x11680; 0x11868; 0x11A20,0,
CraneSupport.dylib,0x1A94C,_CFRetain,decompile/1A94C.c,3,0x108B8; 0x11034; 0x11130,0,
CraneSupport.dylib,0x1A958,_CFSetContainsValue,decompile/1A958.c,2,0x10D90; 0x11034,0,
CraneSupport.dylib,0x1A964,_MSFindSymbol,decompile/1A964.c,3,0x7200; 0xBBFC; 0x11E5C,0,
CraneSupport.dylib,0x1A970,_MSGetImageByName,decompile/1A970.c,3,0x7200; 0xBBFC; 0x11E5C,0,
CraneSupport.dylib,0x1A97C,_MSHookFunction,decompile/1A97C.c,4,0x6C40; 0xB6E0; 0xB848; 0x12FF8,0,
CraneSupport.dylib,0x1A988,_MSHookMessageEx,decompile/1A988.c,8,0x7024; 0x7200; 0x9C4C; 0xB6E0; 0xB848; 0xCC88; 0xD7D8; 0xF2B4,0,
CraneSupport.dylib,0x1A994,_NSClassFromString,decompile/1A994.c,7,0x76B8; 0x9C4C; 0xA0B4; 0xBBFC; 0xC680; 0xCC88; 0xF2B4,0,
CraneSupport.dylib,0x1A9A0,_NSStringFromClass,decompile/1A9A0.c,1,0xE888,0,
CraneSupport.dylib,0x1A9AC,_SecItemCopyMatching,decompile/1A9AC.c,1,0x8E1C,0,
CraneSupport.dylib,0x1A9B8,_SecTaskCopySigningIdentifier,decompile/1A9B8.c,3,0x68C0; 0xD9A4; 0x10C1C,0,
CraneSupport.dylib,0x1A9C4,_SecTaskCreateWithAuditToken,decompile/1A9C4.c,2,0x68C0; 0xD9A4,0,
CraneSupport.dylib,0x1A9D0,__Block_object_assign,decompile/1A9D0.c,10,0x5FD8; 0x9C30; 0xD5D4; 0xE69C; 0x10524; 0x10610; 0x106D8; 0x139C4; 0x164AC; 0x1755C,0,
CraneSupport.dylib,0x1A9DC,__Block_object_dispose,decompile/1A9DC.c,34,0x989C; 0x9B38; 0x9C40; 0xCE44; 0xCF4C; 0xCF68; 0xD060; 0xD608; 0xF768; 0xF948; 0xF964; 0xFAD0; 0xFAEC; 0xFC20; 0xFC3C; 0xFD54; 0x10578; 0x10654; 0x10714; 0x12028; 0x12264; 0x12310; 0x124A8; 0x12754; 0x12A4C; 0x12E1C; 0x138F4; 0x139D4; 0x164BC; 0x16DAC; 0x1730C; 0x175A8; 0x17C84; 0x17DE4,0,
CraneSupport.dylib,0x1A9E8,__NSGetExecutablePath,decompile/1A9E8.c,2,0x6404; 0x647C,0,
CraneSupport.dylib,0x1A9F4,__Unwind_Resume,decompile/1A9F4.c,10,0x9B38; 0xCF4C; 0xD060; 0xF948; 0xFAD0; 0xFC20; 0xFD54; 0x12264; 0x124A8; 0x12E1C,0,
CraneSupport.dylib,0x1AA00,___error,decompile/1AA00.c,2,0x12528; 0x15D24,0,
CraneSupport.dylib,0x1AA0C,___snprintf_chk,decompile/1AA0C.c,3,0x7200; 0x9C4C; 0xF2B4,0,
CraneSupport.dylib,0x1AA18,___stack_chk_fail,decompile/1AA18.c,34,0x593C; 0x5BF8; 0x60C8; 0x6404; 0x647C; 0x65EC; 0x68C0; 0x7200; 0x8670; 0x8E1C; 0x9C4C; 0xD2BC; 0xD7D8; 0xDC94; 0xE0F4; 0xE51C; 0xE888; 0xEC44; 0xF174; 0xF2B4; 0xF638; 0x101CC; 0x13A58; 0x143CC; 0x145AC; 0x14D14; 0x14E20; 0x152F0; 0x15E54; 0x161A0; 0x1637C; 0x1778C; 0x17D28; 0x18D1C,0,
CraneSupport.dylib,0x1AA24,___strlcat_chk,decompile/1AA24.c,2,0x5714; 0x580C,0,
CraneSupport.dylib,0x1AA30,___strlcpy_chk,decompile/1AA30.c,2,0x5714; 0x580C,0,
CraneSupport.dylib,0x1AA3C,__dyld_get_image_name,decompile/1AA3C.c,3,0x60C8; 0x6500; 0x11C08,0,
CraneSupport.dylib,0x1AA48,__dyld_get_image_vmaddr_slide,decompile/1AA48.c,1,0x11C08,0,
CraneSupport.dylib,0x1AA54,__dyld_image_count,decompile/1AA54.c,3,0x60C8; 0x6500; 0x11C08,0,
CraneSupport.dylib,0x1AA60,_access,decompile/1AA60.c,5,0x56D0; 0x5714; 0xB6E0; 0xB848; 0xBD1C,0,
CraneSupport.dylib,0x1AA6C,_audit_token_to_pid,decompile/1AA6C.c,2,0xDC94; 0xE0F4,0,
CraneSupport.dylib,0x1AA78,_bzero,decompile/1AA78.c,4,0x134BC; 0x13A58; 0x152F0; 0x154B8,0,
CraneSupport.dylib,0x1AA84,_class_addMethod,decompile/1AA84.c,4,0x7200; 0x9C4C; 0xD7D8; 0xF2B4,0,
CraneSupport.dylib,0x1AA90,_class_addProperty,decompile/1AA90.c,3,0x7200; 0x9C4C; 0xF2B4,0,
CraneSupport.dylib,0x1AA9C,_class_getInstanceVariable,decompile/1AA9C.c,1,0x6890,0,
CraneSupport.dylib,0x1AAA8,_close,decompile/1AAA8.c,2,0x11C08; 0x15C84,0,
CraneSupport.dylib,0x1AAB4,_dispatch_async,decompile/1AAB4.c,4,0x5F58; 0xDC94; 0xE0F4; 0x128B4,0,
CraneSupport.dylib,0x1AAC0,_dispatch_get_global_queue,decompile/1AAC0.c,2,0x5F58; 0x12A4C,0,
CraneSupport.dylib,0x1AACC,_dispatch_once,decompile/1AACC.c,12,0x5418; 0x5458; 0x5498; 0x54D8; 0x5530; 0x5714; 0x580C; 0x5FF0; 0x62BC; 0x76B8; 0x8104; 0x12604,0,
CraneSupport.dylib,0x1AAD8,_dispatch_queue_attr_make_with_qos_class,decompile/1AAD8.c,1,0x1267C,0,
CraneSupport.dylib,0x1AAE4,_dispatch_queue_create,decompile/1AAE4.c,1,0x1267C,0,
CraneSupport.dylib,0x1AAF0,_dispatch_semaphore_create,decompile/1AAF0.c,2,0xE888; 0x12A4C,0,
CraneSupport.dylib,0x1AAFC,_dispatch_semaphore_signal,decompile/1AAFC.c,2,0xEC38; 0x12F28,0,
CraneSupport.dylib,0x1AB08,_dispatch_semaphore_wait,decompile/1AB08.c,2,0xE888; 0x12A4C,0,
CraneSupport.dylib,0x1AB14,_dispatch_sync,decompile/1AB14.c,2,0x12754; 0x129B4,0,
CraneSupport.dylib,0x1AB20,_dispatch_time,decompile/1AB20.c,1,0x12A4C,0,
CraneSupport.dylib,0x1AB2C,_dlopen,decompile/1AB2C.c,5,0x5588; 0x9C4C; 0xB6E0; 0xB848; 0xBD1C,0,
CraneSupport.dylib,0x1AB38,_dlsym,decompile/1AB38.c,5,0x5588; 0x9C4C; 0xB6E0; 0xB848; 0xBD1C,0,
CraneSupport.dylib,0x1AB44,_dup,decompile/1AB44.c,1,0x15CD4,0,
CraneSupport.dylib,0x1AB50,_fclose,decompile/1AB50.c,1,0x13B90,0,
CraneSupport.dylib,0x1AB5C,_fopen,decompile/1AB5C.c,1,0x13B90,0,
CraneSupport.dylib,0x1AB68,_free,decompile/1AB68.c,19,0x69DC; 0x6AE8; 0xC604; 0xFD70; 0x13290; 0x134BC; 0x139E0; 0x13D94; 0x142D4; 0x149E0; 0x14E20; 0x15778; 0x15C84; 0x16AEC; 0x17C54; 0x18308; 0x1877C; 0x1889C; 0x18A94,0,
CraneSupport.dylib,0x1AB74,_fstat,decompile/1AB74.c,2,0x11C08; 0x15934,0,
CraneSupport.dylib,0x1AB80,_ftruncate,decompile/1AB80.c,1,0x15B80,0,
CraneSupport.dylib,0x1AB8C,_fwrite,decompile/1AB8C.c,1,0x13B90,0,
CraneSupport.dylib,0x1AB98,_ldexp,decompile/1AB98.c,1,0x143CC,0,
CraneSupport.dylib,0x1ABA4,_libSandy_applyProfile,decompile/1ABA4.c,1,0x6E44,0,
CraneSupport.dylib,0x1ABB0,_lseek,decompile/1ABB0.c,3,0x15A64; 0x15AB4; 0x15C04,0,
CraneSupport.dylib,0x1ABBC,_malloc,decompile/1ABBC.c,29,0x5714; 0x580C; 0x8C78; 0x13054; 0x131B0; 0x132C8; 0x134BC; 0x13554; 0x13608; 0x139E0; 0x13BE8; 0x13DC0; 0x13DE0; 0x13E7C; 0x141C4; 0x154B8; 0x157E0; 0x15934; 0x167A8; 0x168B8; 0x16A3C; 0x16BE0; 0x16CA8; 0x17A44; 0x17ED8; 0x18308; 0x18854; 0x18958; 0x18A5C,0,
CraneSupport.dylib,0x1ABC8,_memcmp,decompile/1ABC8.c,3,0x145AC; 0x14E20; 0x15E54,0,
CraneSupport.dylib,0x1ABD4,_memcpy,decompile/1ABD4.c,8,0x132C8; 0x1332C; 0x133A0; 0x134BC; 0x13608; 0x143CC; 0x167A8; 0x18088,0,
CraneSupport.dylib,0x1ABE0,_memset,decompile/1ABE0.c,1,0x13054,0,
CraneSupport.dylib,0x1ABEC,_mmap,decompile/1ABEC.c,1,0x11C08,0,
CraneSupport.dylib,0x1ABF8,_munmap,decompile/1ABF8.c,1,0x11C08,0,
CraneSupport.dylib,0x1AC04,_nanosleep,decompile/1AC04.c,1,0x12528,0,
CraneSupport.dylib,0x1AC10,_objc_alloc,decompile/1AC10.c,8,0x5E20; 0x7CB8; 0x8324; 0x8740; 0x932C; 0xBE84; 0xD9A4; 0x12644,0,
CraneSupport.dylib,0x1AC1C,_objc_allocateProtocol,decompile/1AC1C.c,2,0x6028; 0x6390,0,
CraneSupport.dylib,0x1AC28,_objc_autorelease,decompile/1AC28.c,11,0x593C; 0x60C8; 0x65EC; 0x67F4; 0x932C; 0xC2BC; 0xC680; 0xC8E8; 0xDC94; 0xE0F4; 0x10C1C,0,
CraneSupport.dylib,0x1AC34,_objc_autoreleasePoolPop,decompile/1AC34.c,1,0x6C5C,0,
CraneSupport.dylib,0x1AC40,_objc_autoreleasePoolPush,decompile/1AC40.c,1,0x6C5C,0,
CraneSupport.dylib,0x1AC4C,_objc_autoreleaseReturnValue,decompile/1AC4C.c,35,0x593C; 0x5B44; 0x5DD8; 0x6768; 0x7784; 0x8104; 0x8670; 0x8854; 0x8B24; 0x8C78; 0x8E1C; 0x92C0; 0x9464; 0x94E0; 0xBE84; 0xC260; 0xC3E4; 0xCE44; 0xCF68; 0xD11C; 0xD1F4; 0xD2BC; 0xD568; 0xD634; 0xD6E8; 0xF174; 0xFC3C; 0xFE8C; 0xFF24; 0xFFFC; 0x100E4; 0x101CC; 0x10834; 0x12754; 0x12A4C,0,
CraneSupport.dylib,0x1AC58,_objc_enumerationMutation,decompile/1AC58.c,5,0x8E1C; 0xD2BC; 0xE888; 0xEC44; 0xF174,0,
CraneSupport.dylib,0x1AC64,_objc_getAssociatedObject,decompile/1AC64.c,5,0x6F4C; 0x6F94; 0x6FDC; 0x9680; 0xF12C,0,
CraneSupport.dylib,0x1AC70,_objc_getClass,decompile/1AC70.c,16,0x7024; 0x7200; 0x7CB8; 0x8324; 0x9C4C; 0xB6E0; 0xB848; 0xBE84; 0xCC88; 0xD7D8; 0xDC94; 0xE0F4; 0xE888; 0xEC44; 0xF2B4; 0x101CC,0,
CraneSupport.dylib,0x1AC7C,_objc_getProtocol,decompile/1AC7C.c,3,0x6028; 0x6390; 0xD8E4,0,
CraneSupport.dylib,0x1AC88,_objc_msgSend,decompile/1AC88.c,95,0x593C; 0x5B44; 0x5BF8; 0x5E20; 0x60C8; 0x62FC; 0x6404; 0x647C; 0x6500; 0x65EC; 0x6768; 0x67E0; 0x67F4; 0x68C0; 0x6AE8; 0x6C5C; 0x6E88; 0x70A0; 0x7154; 0x76B8; 0x7784; 0x7AE8; 0x7CB8; 0x8104; 0x8204; 0x8324; 0x863C; 0x8670; 0x8740; 0x8854; 0x8B24; 0x8C78; 0x8D90; 0x8E1C; 0x92C0; 0x932C; 0x9464; 0x94E0; 0x9580; 0x9618; 0x96C8; 0x989C; 0x9B68; 0x9F84; 0xA0B4; 0xA308; 0xA4FC; 0xAB1C; 0xADF0; 0xB4D0; 0xB848; 0xBE84; 0xC260; 0xC2BC; 0xC3E4; 0xC680; 0xC8E8; 0xCC88; 0xD07C; 0xD2BC; 0xD6E8; 0xD9A4; 0xDC94; 0xE0F4; 0xE51C; 0xE718; 0xE888; 0xEC44; 0xEEB0; 0xF174; 0xF2B4; 0xF638; 0xFD70; 0x101CC; 0x1081C; 0x10834; 0x108B8; 0x10C1C; 0x10D90; 0x11034; 0x112D8; 0x11498; 0x11680; 0x11868; 0x11A20; 0x11C08; 0x125BC; 0x12644; 0x1267C; 0x1282C; 0x12948; 0x12A0C; 0x12A4C; 0x12E58; 0x12F28,0,
CraneSupport.dylib,0x1AC94,_objc_msgSendSuper2,decompile/1AC94.c,1,0x1267C,0,
CraneSupport.dylib,0x1ACA0,_objc_registerProtocol,decompile/1ACA0.c,2,0x6028; 0x6390,0,
CraneSupport.dylib,0x1ACAC,_objc_release,decompile/1ACAC.c,133,0x593C; 0x5B44; 0x5BF8; 0x5DD8; 0x5E20; 0x5F58; 0x5FE8; 0x6028; 0x60C8; 0x62FC; 0x6390; 0x6500; 0x65EC; 0x6768; 0x67F4; 0x68C0; 0x69DC; 0x6AE8; 0x6C5C; 0x6E88; 0x6F58; 0x6FA0; 0x6FE8; 0x70A0; 0x7154; 0x76B8; 0x7784; 0x7AE8; 0x7CB8; 0x8104; 0x8204; 0x8324; 0x863C; 0x8670; 0x8740; 0x8854; 0x8B24; 0x8C78; 0x8D90; 0x8E1C; 0x92C0; 0x932C; 0x9464; 0x94E0; 0x9580; 0x9618; 0x968C; 0x96C8; 0x989C; 0x9B68; 0x9F84; 0xA0B4; 0xA308; 0xA4FC; 0xA7B4; 0xA860; 0xAB1C; 0xAD34; 0xADF0; 0xB318; 0xB4A8; 0xB4D0; 0xBA34; 0xBB10; 0xBE84; 0xC260; 0xC2BC; 0xC3E4; 0xC54C; 0xC604; 0xC680; 0xC8E8; 0xCE44; 0xCF68; 0xD07C; 0xD11C; 0xD1F4; 0xD2BC; 0xD560; 0xD608; 0xD6E8; 0xD8E4; 0xD9A4; 0xDC94; 0xE0F4; 0xE51C; 0xE6E0; 0xE718; 0xE888; 0xEC44; 0xEEB0; 0xF138; 0xF174; 0xF638; 0xF768; 0xF964; 0xFAEC; 0xFC3C; 0xFD70; 0xFE8C; 0xFF24; 0xFFFC; 0x100E4; 0x101CC; 0x103F8; 0x10578; 0x10654; 0x10714; 0x10758; 0x10760; 0x10834; 0x108B8; 0x10C1C; 0x10D90; 0x11034; 0x112D8; 0x11498; 0x11680; 0x11868; 0x11A20; 0x11C08; 0x125BC; 0x12644; 0x1267C; 0x12754; 0x12824; 0x1282C; 0x128B4; 0x12948; 0x12A0C; 0x12A4C; 0x12E58; 0x12F28,0,
CraneSupport.dylib,0x1ACB8,_objc_retain,decompile/1ACB8.c,99,0x593C; 0x5B44; 0x5BF8; 0x5DD8; 0x5E20; 0x5F58; 0x6500; 0x6768; 0x69DC; 0x6AE8; 0x6E88; 0x6F58; 0x6FA0; 0x6FE8; 0x70A0; 0x7154; 0x76B8; 0x7784; 0x7AE8; 0x7CB8; 0x8104; 0x8204; 0x8324; 0x8740; 0x8854; 0x8B24; 0x8C78; 0x8E1C; 0x9464; 0x94E0; 0x9580; 0x9618; 0x968C; 0x96C8; 0x989C; 0x9F84; 0xA0B4; 0xA308; 0xA4FC; 0xA7B4; 0xA860; 0xAA8C; 0xAB1C; 0xAD34; 0xADF0; 0xB318; 0xB480; 0xBA34; 0xBB10; 0xBE84; 0xC2BC; 0xC3E4; 0xC54C; 0xC604; 0xC680; 0xC8E8; 0xCE44; 0xCF68; 0xD11C; 0xD1F4; 0xD2BC; 0xD5D4; 0xD6E8; 0xD8E4; 0xD9A4; 0xDC94; 0xE0F4; 0xE69C; 0xE850; 0xE888; 0xEEB0; 0xF138; 0xF638; 0xF768; 0xF964; 0xFAEC; 0xFC3C; 0xFE8C; 0xFF24; 0xFFFC; 0x100E4; 0x101CC; 0x103F8; 0x10524; 0x10610; 0x106D8; 0x10834; 0x108B8; 0x10D90; 0x11034; 0x112D8; 0x11498; 0x11680; 0x11868; 0x11A20; 0x12754; 0x128B4; 0x12A4C; 0x12F28,0,
CraneSupport.dylib,0x1ACC4,_objc_retainAutorelease,decompile/1ACC4.c,15,0x6AE8; 0x7CB8; 0x8324; 0x8670; 0x8740; 0x8B24; 0xB848; 0xBE84; 0xDC94; 0xE0F4; 0xE888; 0xEC44; 0x101CC; 0x10C1C; 0x11C08,0,
CraneSupport.dylib,0x1ACD0,_objc_retainAutoreleaseReturnValue,decompile/1ACD0.c,4,0x60C8; 0x62BC; 0x8740; 0x12604,0,
CraneSupport.dylib,0x1ACDC,_objc_retainAutoreleasedReturnValue,decompile/1ACDC.c,91,0x593C; 0x5B44; 0x5BF8; 0x5F58; 0x6028; 0x60C8; 0x62FC; 0x6390; 0x6500; 0x65EC; 0x6768; 0x67F4; 0x68C0; 0x6AE8; 0x6C5C; 0x6E88; 0x70A0; 0x76B8; 0x7784; 0x7AE8; 0x7CB8; 0x8104; 0x8204; 0x8324; 0x8670; 0x8854; 0x8B24; 0x8C78; 0x8D90; 0x8E1C; 0x92C0; 0x932C; 0x9464; 0x94E0; 0x9580; 0x9618; 0x96C8; 0x989C; 0x9B68; 0x9F84; 0xA0B4; 0xA308; 0xA4FC; 0xAB1C; 0xADF0; 0xB4D0; 0xBE84; 0xC260; 0xC2BC; 0xC3E4; 0xC680; 0xC8E8; 0xCE44; 0xCF68; 0xD07C; 0xD11C; 0xD1F4; 0xD2BC; 0xD568; 0xD634; 0xD6E8; 0xD8E4; 0xD9A4; 0xDC94; 0xE0F4; 0xE51C; 0xE718; 0xE888; 0xEC44; 0xEEB0; 0xF174; 0xF638; 0xFD70; 0xFE8C; 0xFF24; 0xFFFC; 0x100E4; 0x101CC; 0x10760; 0x10834; 0x108B8; 0x10C1C; 0x112D8; 0x11C08; 0x125BC; 0x1267C; 0x1282C; 0x12948; 0x12A4C; 0x12E58; 0x12F28,0,
CraneSupport.dylib,0x1ACE8,_objc_retainBlock,decompile/1ACE8.c,3,0x69DC; 0xC54C; 0xE888,0,
CraneSupport.dylib,0x1ACF4,_objc_setAssociatedObject,decompile/1ACF4.c,5,0x6F58; 0x6FA0; 0x6FE8; 0x968C; 0xF138,0,
CraneSupport.dylib,0x1AD00,_objc_storeStrong,decompile/1AD00.c,6,0xD568; 0xD634; 0x103F8; 0x12A4C; 0x12F14; 0x12FBC,0,
CraneSupport.dylib,0x1AD0C,_objc_unsafeClaimAutoreleasedReturnValue,decompile/1AD0C.c,1,0x7CB8,0,
CraneSupport.dylib,0x1AD18,_object_getClass,decompile/1AD18.c,2,0x6890; 0x7200,0,
CraneSupport.dylib,0x1AD24,_open,decompile/1AD24.c,2,0x11C08; 0x15D24,0,
CraneSupport.dylib,0x1AD30,_perror,decompile/1AD30.c,1,0x15C84,0,
CraneSupport.dylib,0x1AD3C,_printf,decompile/1AD3C.c,14,0x1332C; 0x133A0; 0x141C4; 0x14E20; 0x154B8; 0x15934; 0x15D24; 0x161A0; 0x1651C; 0x16684; 0x16978; 0x16CA8; 0x1778C; 0x19698,0,
CraneSupport.dylib,0x1AD48,_proc_pidpath,decompile/1AD48.c,2,0xDC94; 0xE0F4,0,
CraneSupport.dylib,0x1AD54,_protocol_addProtocol,decompile/1AD54.c,2,0x6028; 0x6390,0,
CraneSupport.dylib,0x1AD60,_protocol_isEqual,decompile/1AD60.c,1,0xD8E4,0,
CraneSupport.dylib,0x1AD6C,_putchar,decompile/1AD6C.c,1,0x14E20,0,
CraneSupport.dylib,0x1AD78,_puts,decompile/1AD78.c,10,0x14E20; 0x154B8; 0x1585C; 0x15AB4; 0x15DB4; 0x15ED8; 0x1730C; 0x1765C; 0x1778C; 0x17978,0,
CraneSupport.dylib,0x1AD84,_read,decompile/1AD84.c,1,0x15A64,0,
CraneSupport.dylib,0x1AD90,_realloc,decompile/1AD90.c,3,0x158D8; 0x167A8; 0x168B8,0,
CraneSupport.dylib,0x1AD9C,_strcmp,decompile/1AD9C.c,6,0x11C08; 0x161A0; 0x171EC; 0x174D4; 0x17ED8; 0x1889C,0,
CraneSupport.dylib,0x1ADA8,_strdup,decompile/1ADA8.c,3,0x168B8; 0x18108; 0x18958,0,
CraneSupport.dylib,0x1ADB4,_strerror,decompile/1ADB4.c,1,0x15D24,0,
CraneSupport.dylib,0x1ADC0,_strlen,decompile/1ADC0.c,4,0x580C; 0x149E0; 0x17AF0; 0x1889C,0,
CraneSupport.dylib,0x1ADCC,_strncmp,decompile/1ADCC.c,3,0x5714; 0x580C; 0x18EF0,0,
CraneSupport.dylib,0x1ADD8,_strncpy,decompile/1ADD8.c,1,0x17ED8,0,
CraneSupport.dylib,0x1ADE4,_strnlen,decompile/1ADE4.c,3,0x1651C; 0x16684; 0x18108,0,
CraneSupport.dylib,0x1ADF0,_strstr,decompile/1ADF0.c,1,0x69DC,0,
CraneSupport.dylib,0x1ADFC,_strtol,decompile/1ADFC.c,1,0x8C78,0,
CraneSupport.dylib,0x1AE08,_sysctlbyname,decompile/1AE08.c,1,0x15DB4,0,
CraneSupport.dylib,0x1AE14,_uname,decompile/1AE14.c,1,0x15E54,0,
CraneSupport.dylib,0x1AE20,_write,decompile/1AE20.c,1,0x15AB4,0,
CraneSupport.dylib,0x1AE2C,_xpc_connection_create_mach_service,decompile/1AE2C.c,1,0x12A4C,0,
CraneSupport.dylib,0x1AE38,_xpc_connection_get_audit_token,decompile/1AE38.c,1,0x68C0,0,
CraneSupport.dylib,0x1AE44,_xpc_connection_get_pid,decompile/1AE44.c,3,0xAB1C; 0xC604; 0x112D8,0,
CraneSupport.dylib,0x1AE50,_xpc_connection_resume,decompile/1AE50.c,1,0x12A4C,0,
CraneSupport.dylib,0x1AE5C,_xpc_connection_send_message,decompile/1AE5C.c,1,0x6AE8,0,
CraneSupport.dylib,0x1AE68,_xpc_connection_send_message_with_reply,decompile/1AE68.c,1,0x12A4C,0,
CraneSupport.dylib,0x1AE74,_xpc_connection_set_event_handler,decompile/1AE74.c,1,0x12A4C,0,
CraneSupport.dylib,0x1AE80,_xpc_copy_description,decompile/1AE80.c,4,0x69DC; 0x6AE8; 0xC604; 0xFD70,0,
CraneSupport.dylib,0x1AE8C,_xpc_dictionary_create,decompile/1AE8C.c,1,0x12A4C,0,
CraneSupport.dylib,0x1AE98,_xpc_dictionary_create_reply,decompile/1AE98.c,1,0x6AE8,0,
CraneSupport.dylib,0x1AEA4,_xpc_dictionary_get_bool,decompile/1AEA4.c,1,0x6AE8,0,
CraneSupport.dylib,0x1AEB0,_xpc_dictionary_get_dictionary,decompile/1AEB0.c,1,0xFD70,0,
CraneSupport.dylib,0x1AEBC,_xpc_dictionary_get_int64,decompile/1AEBC.c,1,0x6AE8,0,
CraneSupport.dylib,0x1AEC8,_xpc_dictionary_get_remote_connection,decompile/1AEC8.c,1,0x6AE8,0,
CraneSupport.dylib,0x1AED4,_xpc_dictionary_get_string,decompile/1AED4.c,3,0xAB1C; 0xFD70; 0x12F28,0,
CraneSupport.dylib,0x1AEE0,_xpc_dictionary_get_value,decompile/1AEE0.c,1,0xAB1C,0,
CraneSupport.dylib,0x1AEEC,_xpc_dictionary_set_bool,decompile/1AEEC.c,1,0x12A4C,0,
CraneSupport.dylib,0x1AEF8,_xpc_dictionary_set_int64,decompile/1AEF8.c,1,0x12A4C,0,
CraneSupport.dylib,0x1AF04,_xpc_dictionary_set_string,decompile/1AF04.c,1,0x6AE8,0,
CraneSupport.dylib,0x1AF10,_xpc_dictionary_set_value,decompile/1AF10.c,1,0xFD70,0,
CraneSupport.dylib,0x1AF1C,_xpc_get_type,decompile/1AF1C.c,6,0x6AE8; 0xAB1C; 0xC604; 0xFD70; 0x112D8; 0x12F28,0,
CranePrefs,0x6F58,sub_6F58,decompile/6F58.c,0,,1,0x3FFD8
CranePrefs,0x6F98,sub_6F98,decompile/6F98.c,0,,1,0x3FFD8
CranePrefs,0x6FD8,sub_6FD8,decompile/6FD8.c,0,,1,0x3FFD8
CranePrefs,0x7018,sub_7018,decompile/7018.c,0,,1,0x3FFD8
CranePrefs,0x7070,sub_7070,decompile/7070.c,14,0x10BD4; 0x1CD3C; 0x1D1A4; 0x1F670; 0x1FC04; 0x21470; 0x216E0; 0x23F60; 0x2619C; 0x28FE0; 0x2B9B0; 0x3D6CC; 0x3DE40; 0x3E364,1,0x3FFD8
CranePrefs,0x70C8,sub_70C8,decompile/70C8.c,0,,2,0x40044; 0x40050
CranePrefs,0x7204,sub_7204,decompile/7204.c,1,0x70C8,0,
CranePrefs,0x7210,sub_7210,decompile/7210.c,1,0x70C8,1,0x3FF24
CranePrefs,0x7248,sub_7248,decompile/7248.c,1,0x70C8,0,
CranePrefs,0x7254,sub_7254,decompile/7254.c,1,0x70C8,6,0x3FEDC; 0x3FEE8; 0x3FF24; 0x3FFD8; 0x40140; 0x403E0
CranePrefs,0x734C,sub_734C,decompile/734C.c,1,0x70C8,6,0x3FEDC; 0x3FEE8; 0x3FFD8; 0x40140; 0x403D4; 0x403E0
CranePrefs,0x747C,-[CRPActiveContainerListItemsController applicationIdentifier],decompile/747C.c,0,,3,0x40290; 0x402C0; 0x402F0
CranePrefs,0x74D8,-[CRPActiveContainerListItemsController tableView:didSelectRowAtIndexPath:],decompile/74D8.c,1,0x74D8,9,0x747C; 0x74D8; 0x3D6CC; 0x3DBB0; 0x40290; 0x4029C; 0x402C0; 0x402CC; 0x402F0
CranePrefs,0x77CC,sub_77CC,decompile/77CC.c,1,0x74D8,1,0x4029C
CranePrefs,0x7808,sub_7808,decompile/7808.c,0,,1,0x402CC
CranePrefs,0x7838,sub_7838,decompile/7838.c,0,,1,0x402C0
CranePrefs,0x7868,+[CRPAlertWithLoadingBarController alertControllerWithTitle:message:preferredStyle:],decompile/7868.c,0,,4,0x4029C; 0x402C0; 0x402CC; 0x402F0
CranePrefs,0x78E8,-[CRPAlertWithLoadingBarController init],decompile/78E8.c,1,0x78E8,5,0x78E8; 0x401D0; 0x40290; 0x4029C; 0x402C0
CranePrefs,0x7970,-[CRPAlertWithLoadingBarController viewDidLoad],decompile/7970.c,0,,2,0x40290; 0x402F0
CranePrefs,0x79C0,-[CRPAlertWithLoadingBarController viewDidLayoutSubviews],decompile/79C0.c,1,0x79C0,5,0x79C0; 0x40290; 0x4029C; 0x402C0; 0x402F0
CranePrefs,0x7AA4,-[CRPAlertWithLoadingBarController loadingBar],decompile/7AA4.c,0,,0,
CranePrefs,0x7AB4,-[CRPAlertWithLoadingBarController setLoadingBar:],decompile/7AB4.c,0,,0,
CranePrefs,0x7AC8,-[CRPAlertWithLoadingBarController .cxx_destruct],decompile/7AC8.c,0,,0,
CranePrefs,0x7ADC,-[CRPApplicationConfigurationListController init],decompile/7ADC.c,1,0x7ADC,5,0x7ADC; 0x40290; 0x4029C; 0x402C0; 0x402F0
CranePrefs,0x7B5C,-[CRPApplicationConfigurationListController dealloc],decompile/7B5C.c,1,0x7B5C,5,0x7B5C; 0x40290; 0x4029C; 0x402C0; 0x402F0
CranePrefs,0x7BD4,-[CRPApplicationConfigurationListController didChangeSettingsForApplicationWithIdentifier:],decompile/7BD4.c,0,,7,0x8310; 0x8A94; 0x3FFC0; 0x40290; 0x402C0; 0x402CC; 0x402F0
CranePrefs,0x7CA8,sub_7CA8,decompile/7CA8.c,1,0x7BD4,0,
CranePrefs,0x7CB8,sub_7CB8,decompile/7CB8.c,0,,0,
CranePrefs,0x7CC0,sub_7CC0,decompile/7CC0.c,0,,0,
CranePrefs,0x7CC8,-[CRPApplicationConfigurationListController didChangeContainersOfApplicationWithIdentifier:],decompile/7CC8.c,0,,7,0x8310; 0x8A94; 0x3FFC0; 0x40290; 0x402C0; 0x402CC; 0x402F0
CranePrefs,0x7D9C,sub_7D9C,decompile/7D9C.c,1,0x7CC8,1,0x40290
CranePrefs,0x7DD4,-[CRPApplicationConfigurationListController didChangeContainerSettingsForContainerWithIdentifier:onApplicationWithIdentifier:],decompile/7DD4.c,0,,7,0x8310; 0x8A94; 0x3FFC0; 0x40290; 0x402C0; 0x402CC; 0x402F0
CranePrefs,0x7EA8,sub_7EA8,decompile/7EA8.c,1,0x7DD4,1,0x40290
CranePrefs,0x7EE0,-[CRPApplicationConfigurationListController containerNameForContainerIdentifier:],decompile/7EE0.c,0,,5,0x8310; 0x40290; 0x402C0; 0x402CC; 0x402F0
CranePrefs,0x7F98,-[CRPApplicationConfigurationListController containersForApplication],decompile/7F98.c,0,,0,
CranePrefs,0x7FB8,-[CRPApplicationConfigurationListController containerIdentifersForApplication],decompile/7FB8.c,0,,6,0x7F98; 0x3FED0; 0x4023C; 0x40290; 0x402C0; 0x402F0
CranePrefs,0x8154,-[CRPApplicationConfigurationListController containerNamesForApplication],decompile/8154.c,0,,7,0x7EE0; 0x7F98; 0x3FED0; 0x4023C; 0x40290; 0x402C0; 0x402F0
CranePrefs,0x8310,-[CRPApplicationConfigurationListController applicationIdentifier],decompile/8310.c,4,0x7BD4; 0x7CC8; 0x7DD4; 0x7EE0,3,0x40290; 0x402C0; 0x402F0
CranePrefs,0x836C,-[CRPApplicationConfigurationListController containerIdentifierForSpecifier:],decompile/836C.c,0,,0,
CranePrefs,0x8384,-[CRPApplicationConfigurationListController setContainerIdentifier:ofSpecifier:],decompile/8384.c,0,,3,0x40290; 0x402C0; 0x402CC
CranePrefs,0x8400,-[CRPApplicationConfigurationListController renameContainerWithIdentifier:toName:],decompile/8400.c,0,,8,0xA7EC; 0xA9F4; 0x3FED0; 0x4023C; 0x40290; 0x402C0; 0x402CC; 0x402F0
CranePrefs,0x86A8,-[CRPApplicationConfigurationListController removeContainerWithIdentifier:],decompile/86A8.c,0,,7,0x8310; 0xA7EC; 0xA9F4; 0x40290; 0x402C0; 0x402CC; 0x402F0
CranePrefs,0x8840,sub_8840,decompile/8840.c,1,0x86A8,4,0x40290; 0x402C0; 0x402CC; 0x402F0
CranePrefs,0x88D0,sub_88D0,decompile/88D0.c,0,,1,0x402CC
CranePrefs,0x88F8,sub_88F8,decompile/88F8.c,0,,1,0x402C0
CranePrefs,0x8920,-[CRPApplicationConfigurationListController newSpecifierForContainerWithIdentifier:],decompile/8920.c,0,,8,0x7EE0; 0x8310; 0x8384; 0x3FE4C; 0x40290; 0x402C0; 0x402CC; 0x402F0
CranePrefs,0x8A94,-[CRPApplicationConfigurationListController loadApplicationSettings],decompile/8A94.c,3,0x7BD4; 0x7CC8; 0x7DD4,4,0x8310; 0x40290; 0x402C0; 0x402F0
CranePrefs,0x8B4C,-[CRPApplicationConfigurationListController getSpecifiersForContainers],decompile/8B4C.c,0,,7,0x7F98; 0x8920; 0x3FED0; 0x4023C; 0x40290; 0x402C0; 0x402F0
CranePrefs,0x8D00,-[CRPApplicationConfigurationListController specifiers],decompile/8D00.c,0,,8,0x8310; 0x8A94; 0x8B4C; 0xA9F4; 0x3D6CC; 0x40290; 0x402C0; 0x402F0
CranePrefs,0x9848,-[CRPApplicationConfigurationListController addButtonPressed],decompile/9848.c,0,,5,0x3D6CC; 0x40290; 0x402C0; 0x402CC; 0x402F0
CranePrefs,0x9A24,sub_9A24,decompile/9A24.c,0,,5,0x3D6CC; 0x40290; 0x402C0; 0x402CC; 0x402F0
CranePrefs,0x9A80,sub_9A80,decompile/9A80.c,1,0x9848,6,0x40230; 0x40278; 0x40290; 0x402C0; 0x402CC; 0x402F0
CranePrefs,0x9D14,sub_9D14,decompile/9D14.c,0,,2,0x3FEA0; 0x40230
CranePrefs,0x9D38,sub_9D38,decompile/9D38.c,0,,0,
CranePrefs,0x9D3C,-[CRPApplicationConfigurationListController reloadActiveContainer],decompile/9D3C.c,0,,3,0x40290; 0x402C0; 0x402F0
CranePrefs,0x9E24,-[CRPApplicationConfigurationListController reloadContainerNames],decompile/9E24.c,0,,7,0x7EE0; 0x836C; 0x3FED0; 0x4023C; 0x40290; 0x402C0; 0x402F0
CranePrefs,0xA038,-[CRPApplicationConfigurationListController reloadContainerSpecifiers],decompile/A038.c,0,,4,0x8B4C; 0x40290; 0x402C0; 0x402F0
CranePrefs,0xA0F8,-[CRPApplicationConfigurationListController setActiveContainer:specifier:],decompile/A0F8.c,0,,5,0x8310; 0x40290; 0x402C0; 0x402CC; 0x402F0
CranePrefs,0xA190,-[CRPApplicationConfigurationListController readActiveContainer:],decompile/A190.c,0,,4,0x8310; 0x40290; 0x402C0; 0x402F0
CranePrefs,0xA224,-[CRPApplicationConfigurationListController setSeparateNotificationRegistrationsValue:specifier:],decompile/A224.c,0,,9,0x7F98; 0x8310; 0xA770; 0x3FED0; 0x4023C; 0x40290; 0x402C0; 0x402CC; 0x402F0
CranePrefs,0xA4B8,-[CRPApplicationConfigurationListController setSeparateSystemAccountsValue:specifier:],decompile/A4B8.c,0,,6,0x8310; 0xA770; 0x40290; 0x402C0; 0x402CC; 0x402F0
CranePrefs,0xA670,-[CRPApplicationConfigurationListController setGameCenterSupportValue:specifier:],decompile/A670.c,0,,6,0x8310; 0xA770; 0x40290; 0x402C0; 0x402CC; 0x402F0
CranePrefs,0xA770,-[CRPApplicationConfigurationListController setPreferenceValue:specifier:],decompile/A770.c,3,0xA224; 0xA4B8; 0xA670,5,0xA7EC; 0x40290; 0x402C0; 0x402CC; 0x402F0
CranePrefs,0xA7EC,-[CRPApplicationConfigurationListController setPreferenceValue:key:],decompile/A7EC.c,3,0x8400; 0x86A8; 0xA770,5,0x8310; 0x40290; 0x402C0; 0x402CC; 0x402F0
CranePrefs,0xA948,-[CRPApplicationConfigurationListController readPreferenceValue:],decompile/A948.c,0,,5,0xA9F4; 0x40290; 0x402C0; 0x402CC; 0x402F0
CranePrefs,0xA9F4,-[CRPApplicationConfigurationListController readPreferenceValueForKey:],decompile/A9F4.c,4,0x8400; 0x86A8; 0x8D00; 0xA948,0,
CranePrefs,0xAA0C,-[CRPApplicationConfigurationListController tableView:canEditRowAtIndexPath:],decompile/AA0C.c,0,,3,0x40290; 0x402C0; 0x402CC
CranePrefs,0xAABC,-[CRPApplicationConfigurationListController tableView:editingStyleForRowAtIndexPath:],decompile/AABC.c,0,,5,0x836C; 0x40290; 0x402C0; 0x402CC; 0x402F0
CranePrefs,0xABF0,-[CRPApplicationConfigurationListController tableView:canMoveRowAtIndexPath:],decompile/ABF0.c,0,,3,0x40290; 0x402C0; 0x402CC
CranePrefs,0xACAC,-[CRPApplicationConfigurationListController tableView:targetIndexPathForMoveFromRowAtIndexPath:toProposedIndexPath:],decompile/ACAC.c,0,,4,0x40290; 0x402C0; 0x402CC; 0x402F0
CranePrefs,0xADD8,-[CRPApplicationConfigurationListController tableView:moveRowAtIndexPath:toIndexPath:],decompile/ADD8.c,0,,6,0xA7EC; 0xA9F4; 0x40290; 0x402C0; 0x402CC; 0x402F0
CranePrefs,0xAF4C,-[CRPApplicationConfigurationListController tableView:commitEditingStyle:forRowAtIndexPath:],decompile/AF4C.c,0,,7,0x7EE0; 0x836C; 0x3D6CC; 0x40290; 0x402C0; 0x402CC; 0x402F0
CranePrefs,0xB27C,sub_B27C,decompile/B27C.c,1,0xAF4C,7,0x3D6CC; 0x3DBB0; 0x40290; 0x402C0; 0x402CC; 0x402F0; 0x402FC
CranePrefs,0xB448,sub_B448,decompile/B448.c,1,0xB27C,1,0x4029C
CranePrefs,0xB484,sub_B484,decompile/B484.c,0,,1,0x402CC
CranePrefs,0xB4C4,sub_B4C4,decompile/B4C4.c,0,,1,0x402C0
CranePrefs,0xB504,-[CRPApplicationConfigurationListController performDeletionActionForSpecifier:],decompile/B504.c,1,0xB504,9,0x836C; 0x86A8; 0x9D3C; 0xB504; 0x40290; 0x4029C; 0x402C0; 0x402CC; 0x402F0
CranePrefs,0xB5D8,-[CRPApplicationConfigurationListController viewDidLoad],decompile/B5D8.c,1,0xB5D8,5,0xB5D8; 0xB638; 0xBFF4; 0x40290; 0x4029C
CranePrefs,0xB638,-[CRPApplicationConfigurationListController checkForUnknownContainers],decompile/B638.c,1,0xB5D8,8,0x7FB8; 0x8310; 0x14370; 0x3D6CC; 0x40290; 0x402C0; 0x402CC; 0x402F0
CranePrefs,0xB9B4,sub_B9B4,decompile/B9B4.c,1,0xB638,6,0x3FED0; 0x4023C; 0x40290; 0x402C0; 0x402CC; 0x402F0
CranePrefs,0xBB28,sub_BB28,decompile/BB28.c,1,0xB638,7,0x3D6CC; 0x3FED0; 0x4023C; 0x40290; 0x402C0; 0x402CC; 0x402F0
CranePrefs,0xBD2C,_pathForSlice,decompile/BD2C.c,1,0xCB4C,4,0x40290; 0x402C0; 0x402CC; 0x402F0
CranePrefs,0xBD90,_deleteSlices,decompile/BD90.c,2,0xC7AC; 0xC7B4,6,0x3FED0; 0x4023C; 0x40290; 0x402C0; 0x402CC; 0x402F0
CranePrefs,0xBFF4,-[CRPApplicationConfigurationListController checkForSlices],decompile/BFF4.c,1,0xB5D8,8,0x8310; 0x3D6CC; 0x3FED0; 0x4023C; 0x40290; 0x402C0; 0x402CC; 0x402F0
CranePrefs,0xC7AC,sub_C7AC,decompile/C7AC.c,1,0xBFF4,0,
CranePrefs,0xC7B4,sub_C7B4,decompile/C7B4.c,1,0xBFF4,9,0xBD90; 0x225C4; 0x3FE88; 0x3FED0; 0x4023C; 0x40290; 0x402C0; 0x402CC; 0x402F0
CranePrefs,0xCADC,sub_CADC,decompile/CADC.c,0,,2,0x3FE88; 0x3FEA0
CranePrefs,0xCB04,sub_CB04,decompile/CB04.c,0,,0,
CranePrefs,0xCB08,sub_CB08,decompile/CB08.c,1,0xC7B4,0,
CranePrefs,0xCB18,sub_CB18,decompile/CB18.c,1,0xC7B4,0,
CranePrefs,0xCB20,sub_CB20,decompile/CB20.c,1,0xC7B4,0,
CranePrefs,0xCB30,sub_CB30,decompile/CB30.c,0,,0,
CranePrefs,0xCB40,sub_CB40,decompile/CB40.c,0,,0,
CranePrefs,0xCB4C,sub_CB4C,decompile/CB4C.c,1,0xC7B4,5,0xBD2C; 0x40290; 0x402C0; 0x402CC; 0x402F0
CranePrefs,0xCC18,sub_CC18,decompile/CC18.c,0,,1,0x402CC
CranePrefs,0xCC50,sub_CC50,decompile/CC50.c,0,,1,0x402C0
CranePrefs,0xCC88,-[CRPApplicationConfigurationListController viewWillDisappear:],decompile/CC88.c,0,,3,0x40290; 0x402C0; 0x402F0
CranePrefs,0xCD3C,-[CRPApplicationConfigurationListController .cxx_destruct],decompile/CD3C.c,0,,1,0x40314
CranePrefs,0xCD7C,-[CRPApplicationListSubcontrollerController shouldShowSubtitles],decompile/CD7C.c,0,,0,
CranePrefs,0xCD84,-[CRPApplicationListSubcontrollerController subtitleForApplicationWithIdentifier:],decompile/CD84.c,0,,5,0x3D6CC; 0x40290; 0x402C0; 0x402CC; 0x402F0
CranePrefs,0xCE8C,-[CRPApplicationListSubcontrollerController previewStringForApplicationWithIdentifier:],decompile/CE8C.c,0,,4,0x40290; 0x402C0; 0x402CC; 0x402F0
CranePrefs,0xCFC4,-[CRPBackupRestoreProgressAlertController init],decompile/CFC4.c,1,0xCFC4,5,0xCFC4; 0x401D0; 0x40290; 0x4029C; 0x402C0
CranePrefs,0xD0B0,-[CRPBackupRestoreProgressAlertController viewDidLoad],decompile/D0B0.c,0,,2,0x40290; 0x402F0
CranePrefs,0xD100,-[CRPBackupRestoreProgressAlertController viewDidLayoutSubviews],decompile/D100.c,1,0xD100,5,0xD100; 0x40290; 0x4029C; 0x402C0; 0x402F0
CranePrefs,0xD230,-[CRPBackupRestoreProgressAlertController updatePropertiesFromOperation:],decompile/D230.c,0,,4,0x40290; 0x402C0; 0x402CC; 0x402F0
CranePrefs,0xD36C,-[CRPBackupRestoreProgressAlertController setShowsCancelButton:],decompile/D36C.c,0,,1,0x3FFC0
CranePrefs,0xD3D8,sub_D3D8,decompile/D3D8.c,1,0xD36C,4,0x3D6CC; 0x40290; 0x402C0; 0x402F0
CranePrefs,0xD4E0,sub_D4E0,decompile/D4E0.c,1,0xD3D8,3,0x40290; 0x402C0; 0x402F0
CranePrefs,0xD560,-[CRPBackupRestoreProgressAlertController setStatus:],decompile/D560.c,0,,4,0xDC70; 0x40290; 0x402CC; 0x40314
CranePrefs,0xD5B4,-[CRPBackupRestoreProgressAlertController setTotalSuboperationsCount:],decompile/D5B4.c,0,,2,0xDC70; 0x40290
CranePrefs,0xD5F4,-[CRPBackupRestoreProgressAlertController setCurrentSuboperationIndex:],decompile/D5F4.c,0,,2,0xDC70; 0x40290
CranePrefs,0xD634,-[CRPBackupRestoreProgressAlertController setProcessedFile:],decompile/D634.c,0,,6,0xDC70; 0x40290; 0x402C0; 0x402CC; 0x402F0; 0x40314
CranePrefs,0xD6B4,-[CRPBackupRestoreProgressAlertController setProcessedContainer:],decompile/D6B4.c,0,,5,0xD79C; 0xDC70; 0x40290; 0x402CC; 0x40314
CranePrefs,0xD718,-[CRPBackupRestoreProgressAlertController setProcessedIdentifier:],decompile/D718.c,0,,4,0xDC70; 0x40290; 0x402CC; 0x40314
CranePrefs,0xD76C,-[CRPBackupRestoreProgressAlertController setAmountOfOperations:],decompile/D76C.c,0,,0,
CranePrefs,0xD784,-[CRPBackupRestoreProgressAlertController setCurrentOperationIndex:],decompile/D784.c,0,,0,
CranePrefs,0xD79C,-[CRPBackupRestoreProgressAlertController refreshProcessedContainerDescription],decompile/D79C.c,1,0xD6B4,6,0xDEFC; 0x23BE0; 0x23BF4; 0x40290; 0x402C0; 0x402F0
CranePrefs,0xD9A8,-[CRPBackupRestoreProgressAlertController updateAlertContent],decompile/D9A8.c,0,,8,0xDEBC; 0xDECC; 0xDEDC; 0xDF0C; 0x40290; 0x402C0; 0x402CC; 0x402F0
CranePrefs,0xDC70,-[CRPBackupRestoreProgressAlertController updateAlertContentOnMainThread],decompile/DC70.c,7,0xD230; 0xD560; 0xD5B4; 0xD5F4; 0xD634; 0xD6B4; 0xD718,2,0x3FFC0; 0x40290
CranePrefs,0xDD08,sub_DD08,decompile/DD08.c,1,0xDC70,0,
CranePrefs,0xDD18,-[CRPBackupRestoreProgressAlertController updateProgress],decompile/DD18.c,0,,5,0xDE9C; 0xDEAC; 0xDECC; 0xDEDC; 0x40290
CranePrefs,0xDDC8,-[CRPBackupRestoreProgressAlertController updateProgressOnMainThread],decompile/DDC8.c,4,0xD5B4; 0xD5F4; 0xD76C; 0xD784,2,0x3FFC0; 0x40290
CranePrefs,0xDE60,sub_DE60,decompile/DE60.c,1,0xDDC8,0,
CranePrefs,0xDE70,-[CRPBackupRestoreProgressAlertController showsCancelButton],decompile/DE70.c,0,,0,
CranePrefs,0xDE80,-[CRPBackupRestoreProgressAlertController cancelHandler],decompile/DE80.c,0,,0,
CranePrefs,0xDE90,-[CRPBackupRestoreProgressAlertController setCancelHandler:],decompile/DE90.c,0,,0,
CranePrefs,0xDE9C,-[CRPBackupRestoreProgressAlertController amountOfOperations],decompile/DE9C.c,1,0xDD18,0,
CranePrefs,0xDEAC,-[CRPBackupRestoreProgressAlertController currentOperationIndex],decompile/DEAC.c,1,0xDD18,0,
CranePrefs,0xDEBC,-[CRPBackupRestoreProgressAlertController status],decompile/DEBC.c,1,0xD9A8,0,
CranePrefs,0xDECC,-[CRPBackupRestoreProgressAlertController totalSuboperationsCount],decompile/DECC.c,2,0xD9A8; 0xDD18,0,
CranePrefs,0xDEDC,-[CRPBackupRestoreProgressAlertController currentSuboperationIndex],decompile/DEDC.c,2,0xD9A8; 0xDD18,0,
CranePrefs,0xDEEC,-[CRPBackupRestoreProgressAlertController processedFile],decompile/DEEC.c,0,,0,
CranePrefs,0xDEFC,-[CRPBackupRestoreProgressAlertController processedContainer],decompile/DEFC.c,1,0xD79C,0,
CranePrefs,0xDF0C,-[CRPBackupRestoreProgressAlertController processedIdentifier],decompile/DF0C.c,1,0xD9A8,0,
CranePrefs,0xDF1C,-[CRPBackupRestoreProgressAlertController .cxx_destruct],decompile/DF1C.c,0,,1,0x40314
CranePrefs,0xDFD4,-[CRPBrowseContainerListController containerIdentifier],decompile/DFD4.c,0,,3,0x40290; 0x402C0; 0x402F0
CranePrefs,0xE030,-[CRPBrowseContainerListController applicationIdentifier],decompile/E030.c,0,,3,0x40290; 0x402C0; 0x402F0
CranePrefs,0xE08C,-[CRPBrowseContainerListController openPathForSpecifier:],decompile/E08C.c,0,,3,0x40290; 0x402C0; 0x402F0
CranePrefs,0xE1E0,-[CRPBrowseContainerListController specifierForIdentifier:path:],decompile/E1E0.c,0,,5,0x3D6CC; 0x40290; 0x402C0; 0x402CC; 0x402F0
CranePrefs,0xE31C,-[CRPBrowseContainerListController specifiers],decompile/E31C.c,0,,7,0xDFD4; 0xE030; 0x3D6CC; 0x40290; 0x402C0; 0x402CC; 0x402F0
CranePrefs,0xE854,sub_E854,decompile/E854.c,1,0xE31C,4,0x40290; 0x402C0; 0x402CC; 0x402F0
CranePrefs,0xE928,sub_E928,decompile/E928.c,1,0xE31C,4,0x40290; 0x402C0; 0x402CC; 0x402F0
CranePrefs,0xE9E0,sub_E9E0,decompile/E9E0.c,1,0xE31C,4,0x40290; 0x402C0; 0x402CC; 0x402F0
CranePrefs,0xEA98,sub_EA98,decompile/EA98.c,1,0xE31C,4,0x40290; 0x402C0; 0x402CC; 0x402F0
CranePrefs,0xEB50,-[CRPCellRefreshingListItemsController viewWillDisappear:],decompile/EB50.c,0,,3,0x40290; 0x402C0; 0x402F0
CranePrefs,0xEC04,-[CRPContainerConfigurationListController init],decompile/EC04.c,1,0xEC04,5,0xEC04; 0x40290; 0x4029C; 0x402C0; 0x402F0
CranePrefs,0xEC9C,-[CRPContainerConfigurationListController viewDidLoad],decompile/EC9C.c,1,0xEC9C,8,0xEC9C; 0x113A4; 0x25FE4; 0x401D0; 0x40290; 0x4029C; 0x402C0; 0x402F0
CranePrefs,0xEDAC,-[CRPContainerConfigurationListController reloadSpecifiers],decompile/EDAC.c,1,0xEDAC,4,0xEDAC; 0x113A4; 0x40290; 0x4029C
CranePrefs,0xEDFC,-[CRPContainerConfigurationListController didChangeContainerSettingsForContainerWithIdentifier:onApplicationWithIdentifier:],decompile/EDFC.c,0,,7,0xF034; 0xF090; 0x3FFC0; 0x40290; 0x402C0; 0x402CC; 0x402F0
CranePrefs,0xEF28,sub_EF28,decompile/EF28.c,1,0xEDFC,0,
CranePrefs,0xEF38,-[CRPContainerConfigurationListController setContainerIdentifier:],decompile/EF38.c,0,,9,0xF0EC; 0xF438; 0xF5FC; 0xF720; 0x111AC; 0x40290; 0x402C0; 0x402CC; 0x402F0
CranePrefs,0xF034,-[CRPContainerConfigurationListController containerIdentifier],decompile/F034.c,1,0xEDFC,3,0x40290; 0x402C0; 0x402F0
CranePrefs,0xF090,-[CRPContainerConfigurationListController applicationIdentifier],decompile/F090.c,1,0xEDFC,3,0x40290; 0x402C0; 0x402F0
CranePrefs,0xF0EC,-[CRPContainerConfigurationListController reloadTitle],decompile/F0EC.c,1,0xEF38,5,0xF214; 0x14020; 0x40290; 0x402C0; 0x402F0
CranePrefs,0xF214,-[CRPContainerConfigurationListController isDefaultContainer],decompile/F214.c,1,0xF0EC,4,0xF034; 0x40290; 0x402C0; 0x402F0
CranePrefs,0xF268,-[CRPContainerConfigurationListController isActiveContainer],decompile/F268.c,0,,5,0xF034; 0xF090; 0x40290; 0x402C0; 0x402F0
CranePrefs,0xF33C,-[CRPContainerConfigurationListController reloadApplicationIfThisContainerIsActive],decompile/F33C.c,0,,5,0xF090; 0xF268; 0x40290; 0x402C0; 0x402F0
CranePrefs,0xF3D0,-[CRPContainerConfigurationListController reloadGameCenterIfThisContainerIsActive],decompile/F3D0.c,0,,3,0xF268; 0x40290; 0x402F0
CranePrefs,0xF438,-[CRPContainerConfigurationListController updateTopSectionAndReload:],decompile/F438.c,1,0xEF38,5,0xF214; 0x3D6CC; 0x40290; 0x402C0; 0x402F0
CranePrefs,0xF5FC,-[CRPContainerConfigurationListController updateNameSpecifierAndReload:],decompile/F5FC.c,1,0xEF38,4,0xF214; 0x3D6CC; 0x40290; 0x402F0
CranePrefs,0xF690,-[CRPContainerConfigurationListController updateDeviceIdentifierSpecifierAndReload:],decompile/F690.c,0,,3,0x12F74; 0x40290; 0x402F0
CranePrefs,0xF720,-[CRPContainerConfigurationListController reloadSpecifiersForDeviceIdentifierGroup],decompile/F720.c,1,0xEF38,6,0xF690; 0x10608; 0x12EE8; 0x40290; 0x402C0; 0x402F0
CranePrefs,0xF870,-[CRPContainerConfigurationListController reloadAssociatedGameCenterAccount],decompile/F870.c,0,,1,0x40290
CranePrefs,0xF8F0,-[CRPContainerConfigurationListController useContainerIdentifierAsDeviceIdentifier],decompile/F8F0.c,0,,4,0x14020; 0x40290; 0x402C0; 0x402F0
CranePrefs,0xF954,-[CRPContainerConfigurationListController customDeviceIdentifier],decompile/F954.c,0,,0,
CranePrefs,0xF968,-[CRPContainerConfigurationListController setDeviceIdentifier:],decompile/F968.c,0,,9,0xF034; 0xF090; 0xF33C; 0xF690; 0x1164C; 0x40290; 0x402C0; 0x402CC; 0x402F0
CranePrefs,0xFAD8,-[CRPContainerConfigurationListController setCustomDeviceIdentifier:],decompile/FAD8.c,0,,0,
CranePrefs,0xFAEC,-[CRPContainerConfigurationListController showIdentifierChangingWarningWithCompletionHandler:],decompile/FAEC.c,0,,5,0x3D6CC; 0x40290; 0x402C0; 0x402CC; 0x402F0
CranePrefs,0xFD24,sub_FD24,decompile/FD24.c,1,0xFAEC,0,
CranePrefs,0xFD3C,sub_FD3C,decompile/FD3C.c,0,,0,
CranePrefs,0xFD4C,sub_FD4C,decompile/FD4C.c,1,0xFAEC,0,
CranePrefs,0xFD64,-[CRPContainerConfigurationListController showIdentifierInfoAlert],decompile/FD64.c,0,,4,0x3D6CC; 0x40290; 0x402C0; 0x402F0
CranePrefs,0xFE84,-[CRPContainerConfigurationListController tableView:accessoryButtonTappedForRowWithIndexPath:],decompile/FE84.c,0,,4,0xFD64; 0x40290; 0x402C0; 0x402F0
CranePrefs,0xFF28,-[CRPContainerConfigurationListController generateNewIdentifierButtonPressed],decompile/FF28.c,0,,2,0xFAEC; 0x40290
CranePrefs,0xFF80,sub_FF80,decompile/FF80.c,1,0xFF28,3,0x40290; 0x402C0; 0x402F0
CranePrefs,0x10004,-[CRPContainerConfigurationListController presentSetCustomIdentifierAlertComingFromError:],decompile/10004.c,0,,5,0x3D6CC; 0x40290; 0x402C0; 0x402CC; 0x402F0
CranePrefs,0x1027C,sub_1027C,decompile/1027C.c,0,,5,0x3D6CC; 0x40290; 0x402C0; 0x402CC; 0x402F0
CranePrefs,0x102D8,sub_102D8,decompile/102D8.c,1,0x10004,6,0x40230; 0x40278; 0x40290; 0x402C0; 0x402CC; 0x402F0
CranePrefs,0x10588,sub_10588,decompile/10588.c,0,,2,0x3FEA0; 0x40230
CranePrefs,0x105A8,sub_105A8,decompile/105A8.c,0,,0,
CranePrefs,0x105AC,sub_105AC,decompile/105AC.c,1,0x102D8,1,0x40290
CranePrefs,0x105F8,-[CRPContainerConfigurationListController setCustomIdentifierButtonPressed],decompile/105F8.c,0,,0,
CranePrefs,0x10608,-[CRPContainerConfigurationListController specifiersForDeviceIdentifierGroup],decompile/10608.c,1,0xF720,7,0xF214; 0xF8F0; 0x12EE8; 0x3D6CC; 0x40290; 0x402C0; 0x402F0
CranePrefs,0x10B94,-[CRPContainerConfigurationListController choicyProcessConfigurationSubclassIfExists],decompile/10B94.c,0,,1,0x3FFD8
CranePrefs,0x10BD4,sub_10BD4,decompile/10BD4.c,0,,8,0x7070; 0x3F108; 0x3FE4C; 0x3FED0; 0x401F4; 0x40290; 0x402C0; 0x402F0
CranePrefs,0x10CD0,-[CRPContainerConfigurationListController setChoicyOverwriteEnabled:specifier:],decompile/10CD0.c,0,,4,0x13D80; 0x40290; 0x402C0; 0x402CC
CranePrefs,0x10D84,-[CRPContainerConfigurationListController previewStringForChoicyConfiguration:],decompile/10D84.c,0,,5,0x13F74; 0x3FE4C; 0x40290; 0x402C0; 0x402F0
CranePrefs,0x10E68,-[CRPContainerConfigurationListController updateChoicyIntegrationGroup],decompile/10E68.c,0,,7,0xF034; 0xF090; 0x10B94; 0x3D6CC; 0x40290; 0x402C0; 0x402F0
CranePrefs,0x111AC,-[CRPContainerConfigurationListController updateChoicyIntegrationGroupAvailability],decompile/111AC.c,1,0xEF38,6,0xF214; 0x10E68; 0x13F74; 0x40290; 0x402C0; 0x402F0
CranePrefs,0x113A4,-[CRPContainerConfigurationListController updateContainerSize],decompile/113A4.c,2,0xEC9C; 0xEDAC,5,0xF034; 0xF090; 0x40290; 0x402C0; 0x402F0
CranePrefs,0x1148C,sub_1148C,decompile/1148C.c,1,0x113A4,1,0x3FFC0
CranePrefs,0x114E8,sub_114E8,decompile/114E8.c,1,0x1148C,0,
CranePrefs,0x11520,-[CRPContainerConfigurationListController updateSizeGroupSpecifierAndReload:],decompile/11520.c,0,,4,0x3D6CC; 0x40290; 0x402C0; 0x402F0
CranePrefs,0x1164C,-[CRPContainerConfigurationListController loadContainerSettings],decompile/1164C.c,1,0xF968,5,0xF034; 0xF090; 0x40290; 0x402C0; 0x402F0
CranePrefs,0x11734,-[CRPContainerConfigurationListController specifiers],decompile/11734.c,0,,19,0xF034; 0xF090; 0xF0EC; 0xF214; 0xF438; 0xF5FC; 0xF690; 0x10608; 0x10E68; 0x11520; 0x1164C; 0x13F74; 0x3D6CC; 0x3DBB0; 0x3FE4C; 0x40290; 0x402C0; 0x402CC; 0x402F0
CranePrefs,0x128CC,sub_128CC,decompile/128CC.c,1,0x11734,0,
CranePrefs,0x128F0,-[CRPContainerConfigurationListController setContainerName:specifier:],decompile/128F0.c,0,,4,0x13D80; 0x40290; 0x402C0; 0x402CC
CranePrefs,0x12950,-[CRPContainerConfigurationListController setRequiresBiometricAuthentication:specifier:],decompile/12950.c,0,,3,0x13D80; 0x40290; 0x402CC
CranePrefs,0x129F0,-[CRPContainerConfigurationListController setUseContainerIdentifierAsDeviceIdentifier:specifier:],decompile/129F0.c,0,,11,0xF034; 0xF954; 0xFAD8; 0xFAEC; 0x13F74; 0x3FED0; 0x40290; 0x402C0; 0x402CC; 0x402F0; 0x402FC
CranePrefs,0x12DA4,sub_12DA4,decompile/12DA4.c,1,0x129F0,1,0x40290
CranePrefs,0x12E28,sub_12E28,decompile/12E28.c,1,0x129F0,1,0x40290
CranePrefs,0x12EE8,-[CRPContainerConfigurationListController shouldShowDeviceIdentifierSection],decompile/12EE8.c,2,0xF720; 0x10608,4,0xF090; 0x40290; 0x402C0; 0x402F0
CranePrefs,0x12F74,-[CRPContainerConfigurationListController deviceIdentifierToUse],decompile/12F74.c,1,0xF690,5,0xF034; 0xF090; 0x40290; 0x402C0; 0x402F0
CranePrefs,0x13028,-[CRPContainerConfigurationListController tapGestureReceivedTap:],decompile/13028.c,0,,2,0x40290; 0x402F0
CranePrefs,0x1306C,-[CRPContainerConfigurationListController makeDefaultButtonPressed],decompile/1306C.c,0,,7,0xEF38; 0xF034; 0xF090; 0x40290; 0x402C0; 0x402F0; 0x40320
CranePrefs,0x1312C,-[CRPContainerConfigurationListController availableGameCenterAccountNames],decompile/1312C.c,0,,7,0x3D6CC; 0x3FED0; 0x4023C; 0x40290; 0x402C0; 0x402CC; 0x402F0
CranePrefs,0x13310,-[CRPContainerConfigurationListController availableGameCenterAccountIdentifiers],decompile/13310.c,0,,6,0x3FED0; 0x4023C; 0x40290; 0x402C0; 0x402CC; 0x402F0
CranePrefs,0x134D4,-[CRPContainerConfigurationListController openShareMenuWithFile:],decompile/134D4.c,0,,3,0x40290; 0x402C0; 0x402F0
CranePrefs,0x135F8,-[CRPContainerConfigurationListController backupButtonPressed],decompile/135F8.c,0,,8,0xF034; 0xF090; 0x232B4; 0x260D8; 0x401D0; 0x40290; 0x402C0; 0x402F0
CranePrefs,0x136DC,-[CRPContainerConfigurationListController didFinishBackupAtPath:],decompile/136DC.c,0,,3,0x40290; 0x402C0; 0x402F0
CranePrefs,0x13740,-[CRPContainerConfigurationListController restoreButtonPressed],decompile/13740.c,0,,8,0xF034; 0xF090; 0x232B4; 0x26B3C; 0x401D0; 0x40290; 0x402C0; 0x402F0
CranePrefs,0x13838,sub_13838,decompile/13838.c,1,0x13740,4,0x3D6CC; 0x40290; 0x402C0; 0x402F0
CranePrefs,0x13980,-[CRPContainerConfigurationListController resetNotificationRegistrationButtonPressed],decompile/13980.c,0,,5,0xF034; 0xF090; 0x40290; 0x402C0; 0x402F0
CranePrefs,0x13A28,-[CRPContainerConfigurationListController wipeButtonPressed],decompile/13A28.c,0,,6,0xF214; 0x14020; 0x3D6CC; 0x40290; 0x402C0; 0x402F0
CranePrefs,0x13CC4,sub_13CC4,decompile/13CC4.c,1,0x13A28,3,0x40290; 0x402C0; 0x402F0
CranePrefs,0x13D80,-[CRPContainerConfigurationListController setPreferenceValue:specifier:],decompile/13D80.c,3,0x10CD0; 0x128F0; 0x12950,5,0x13E00; 0x40290; 0x402C0; 0x402CC; 0x402F0
CranePrefs,0x13E00,-[CRPContainerConfigurationListController setPreferenceValue:key:],decompile/13E00.c,2,0xFAD8; 0x13D80,6,0xF034; 0xF090; 0x40290; 0x402C0; 0x402CC; 0x402F0
CranePrefs,0x13F74,-[CRPContainerConfigurationListController readPreferenceValue:],decompile/13F74.c,4,0x10D84; 0x111AC; 0x11734; 0x129F0,5,0x14020; 0x40290; 0x402C0; 0x402CC; 0x402F0
CranePrefs,0x14020,-[CRPContainerConfigurationListController readPreferenceValueForKey:],decompile/14020.c,5,0xF0EC; 0xF8F0; 0xF954; 0x13A28; 0x13F74,0,
CranePrefs,0x14038,-[CRPContainerConfigurationListController setAssociatedGameCenterAccount:specifier:],decompile/14038.c,0,,7,0xF3D0; 0x13D80; 0x140E8; 0x40290; 0x402C0; 0x402CC; 0x402F0
CranePrefs,0x140E8,-[CRPContainerConfigurationListController readAssociatedGameCenterAccount:],decompile/140E8.c,1,0x14038,5,0x13F74; 0x40290; 0x402C0; 0x402CC; 0x402F0
CranePrefs,0x14188,-[CRPContainerConfigurationListController dealloc],decompile/14188.c,1,0x14188,6,0x14188; 0x1F630; 0x40290; 0x4029C; 0x402C0; 0x402F0
CranePrefs,0x14204,-[CRPContainerConfigurationListController .cxx_destruct],decompile/14204.c,0,,1,0x40314
CranePrefs,0x14370,+[CRPContainerManager sharedManager],decompile/14370.c,1,0xB638,1,0x3FFD8
CranePrefs,0x143B0,sub_143B0,decompile/143B0.c,0,,2,0x401D0; 0x40290
CranePrefs,0x143E8,-[CRPContainerManager allWritableFileAttributes],decompile/143E8.c,0,,2,0x3FED0; 0x40290
CranePrefs,0x144F0,-[CRPContainerManager unknownContainersInsideApplicationWithIdentifier:knownContainers:],decompile/144F0.c,0,,4,0x40290; 0x402C0; 0x402CC; 0x402F0
CranePrefs,0x146D4,-[CRPCreditsController specifiers],decompile/146D4.c,0,,5,0x16DA0; 0x3D6CC; 0x40290; 0x402C0; 0x402F0
CranePrefs,0x147B0,-[CRPCreditsController zipArchiveLink],decompile/147B0.c,0,,3,0x40290; 0x402C0; 0x402F0
CranePrefs,0x14830,-[CRPCreditsController miniZipLink],decompile/14830.c,0,,3,0x40290; 0x402C0; 0x402F0
CranePrefs,0x148B0,-[CRPCreditsController trithucLink],decompile/148B0.c,0,,0,
CranePrefs,0x148C4,-[CRPCreditsController nvbikLink],decompile/148C4.c,0,,0,
CranePrefs,0x148D8,-[CRPCreditsController sn0wl3r0kerLink],decompile/148D8.c,0,,0,
CranePrefs,0x148EC,-[CRPCreditsController nzar1988Link],decompile/148EC.c,0,,0,
CranePrefs,0x14900,-[CRPCreditsController bwntyHntrLink],decompile/14900.c,0,,0,
CranePrefs,0x14914,-[CRPCreditsController guezomriLink],decompile/14914.c,0,,0,
CranePrefs,0x14928,-[CRPCreditsController torrekieLink],decompile/14928.c,0,,0,
CranePrefs,0x1493C,-[CRPCreditsController ian_dxxLink],decompile/1493C.c,0,,0,
CranePrefs,0x14950,-[CRPCreditsController Vitalik2187836Link],decompile/14950.c,0,,0,
CranePrefs,0x14964,-[CRPCreditsController frknvkilicLink],decompile/14964.c,0,,0,
CranePrefs,0x14978,-[CRPCreditsController rdaraujoLink],decompile/14978.c,0,,3,0x40290; 0x402C0; 0x402F0
CranePrefs,0x149F8,-[CRPCreditsController RedenticDevLink],decompile/149F8.c,0,,0,
CranePrefs,0x14A0C,-[CRPCreditsController cySxLLink],decompile/14A0C.c,0,,0,
CranePrefs,0x14A20,-[CRPCreditsMiniZipController specifiers],decompile/14A20.c,0,,3,0x40290; 0x402C0; 0x402F0
CranePrefs,0x14A88,-[CRPCreditsZipArchiveController specifiers],decompile/14A88.c,0,,3,0x40290; 0x402C0; 0x402F0
CranePrefs,0x14AF0,-[CRPDestructiveTableCell layoutSubviews],decompile/14AF0.c,1,0x14AF0,5,0x14AF0; 0x40290; 0x4029C; 0x402C0; 0x402F0
CranePrefs,0x14BF4,-[CRPGameCenterAccountsController reloadListInParentController],decompile/14BF4.c,0,,3,0x40290; 0x402C0; 0x402F0
CranePrefs,0x14D00,-[CRPGameCenterAccountsController loadGameCenterAccounts],decompile/14D00.c,0,,3,0x40290; 0x402C0; 0x402F0
CranePrefs,0x14D8C,-[CRPGameCenterAccountsController saveGameCenterAccounts],decompile/14D8C.c,0,,3,0x40290; 0x402C0; 0x402F0
CranePrefs,0x14DF4,-[CRPGameCenterAccountsController dictionaryForAccountWithIdentifier:],decompile/14DF4.c,0,,4,0x3FE88; 0x40290; 0x402C0; 0x402CC
CranePrefs,0x14EFC,sub_14EFC,decompile/14EFC.c,0,,2,0x3FE88; 0x3FEA0
CranePrefs,0x14F14,sub_14F14,decompile/14F14.c,0,,0,
CranePrefs,0x14F18,sub_14F18,decompile/14F18.c,1,0x14DF4,0,
CranePrefs,0x14F28,sub_14F28,decompile/14F28.c,1,0x14DF4,0,
CranePrefs,0x14F30,sub_14F30,decompile/14F30.c,1,0x14DF4,5,0x40290; 0x402C0; 0x402CC; 0x402F0; 0x40314
CranePrefs,0x14FCC,sub_14FCC,decompile/14FCC.c,0,,1,0x402CC
CranePrefs,0x15000,sub_15000,decompile/15000.c,0,,1,0x3FE88
CranePrefs,0x1502C,-[CRPGameCenterAccountsController removeAccountWithIdentifier:],decompile/1502C.c,0,,5,0x14D8C; 0x40290; 0x402C0; 0x402CC; 0x402F0
CranePrefs,0x151BC,sub_151BC,decompile/151BC.c,1,0x1502C,2,0x40290; 0x402F0
CranePrefs,0x15250,-[CRPGameCenterAccountsController renameAccountWithIdentifier:toName:],decompile/15250.c,0,,4,0x14D8C; 0x40290; 0x402C0; 0x402CC
CranePrefs,0x15340,sub_15340,decompile/15340.c,1,0x15250,4,0x40290; 0x402C0; 0x402CC; 0x402F0
CranePrefs,0x15448,-[CRPGameCenterAccountsController addAccountWithIdentifier:name:],decompile/15448.c,0,,6,0x14D8C; 0x3FED0; 0x40290; 0x402C0; 0x402CC; 0x402F0
CranePrefs,0x15564,-[CRPGameCenterAccountsController addAccountWithName:],decompile/15564.c,0,,5,0x15448; 0x40290; 0x402C0; 0x402CC; 0x402F0
CranePrefs,0x1560C,-[CRPGameCenterAccountsController accountNameForAccountWithIdentifier:],decompile/1560C.c,0,,6,0x14DF4; 0x3D6CC; 0x40290; 0x402C0; 0x402CC; 0x402F0
CranePrefs,0x156C4,-[CRPGameCenterAccountsController newSpecifierForAccountIdentifier:accountName:],decompile/156C4.c,0,,5,0x3FE4C; 0x40290; 0x402C0; 0x402CC; 0x402F0
CranePrefs,0x157E4,-[CRPGameCenterAccountsController specifiers],decompile/157E4.c,0,,5,0x14D00; 0x3D6CC; 0x40290; 0x402C0; 0x402F0
CranePrefs,0x15A98,sub_15A98,decompile/15A98.c,1,0x157E4,3,0x40290; 0x402C0; 0x402F0
CranePrefs,0x15B58,-[CRPGameCenterAccountsController editBarButtonItem],decompile/15B58.c,0,,2,0x401D0; 0x40290
CranePrefs,0x15B9C,-[CRPGameCenterAccountsController _editButtonBarItem],decompile/15B9C.c,0,,2,0x401D0; 0x40290
CranePrefs,0x15BE0,-[CRPGameCenterAccountsController addButtonPressed],decompile/15BE0.c,0,,5,0x3D6CC; 0x40290; 0x402C0; 0x402CC; 0x402F0
CranePrefs,0x15DD8,sub_15DD8,decompile/15DD8.c,0,,5,0x3D6CC; 0x40290; 0x402C0; 0x402CC; 0x402F0
CranePrefs,0x15E34,sub_15E34,decompile/15E34.c,1,0x15BE0,6,0x40230; 0x40278; 0x40290; 0x402C0; 0x402CC; 0x402F0
CranePrefs,0x15F74,sub_15F74,decompile/15F74.c,0,,2,0x3FEA0; 0x40230
CranePrefs,0x15F8C,sub_15F8C,decompile/15F8C.c,0,,0,
CranePrefs,0x15F90,-[CRPGameCenterAccountsController accountPressed:],decompile/15F90.c,0,,5,0x3D6CC; 0x40290; 0x402C0; 0x402CC; 0x402F0
CranePrefs,0x1622C,sub_1622C,decompile/1622C.c,1,0x15F90,5,0x3D6CC; 0x40290; 0x402C0; 0x402CC; 0x402F0
CranePrefs,0x162CC,sub_162CC,decompile/162CC.c,1,0x15F90,6,0x40230; 0x40278; 0x40290; 0x402C0; 0x402CC; 0x402F0
CranePrefs,0x163E0,sub_163E0,decompile/163E0.c,0,,2,0x3FEA0; 0x40230
CranePrefs,0x163F4,sub_163F4,decompile/163F4.c,0,,0,
CranePrefs,0x163F8,-[CRPGameCenterAccountsController tableView:canEditRowAtIndexPath:],decompile/163F8.c,0,,0,
CranePrefs,0x16400,-[CRPGameCenterAccountsController tableView:editingStyleForRowAtIndexPath:],decompile/16400.c,0,,3,0x40290; 0x402C0; 0x402F0
CranePrefs,0x1649C,-[CRPGameCenterAccountsController tableView:commitEditingStyle:forRowAtIndexPath:],decompile/1649C.c,0,,6,0x1560C; 0x3D6CC; 0x40290; 0x402C0; 0x402CC; 0x402F0
CranePrefs,0x16794,sub_16794,decompile/16794.c,1,0x1649C,1,0x4029C
CranePrefs,0x167D0,-[CRPGameCenterAccountsController performDeletionActionForSpecifier:],decompile/167D0.c,1,0x167D0,7,0x1502C; 0x167D0; 0x40290; 0x4029C; 0x402C0; 0x402CC; 0x402F0
CranePrefs,0x168B8,-[CRPGameCenterAccountsController .cxx_destruct],decompile/168B8.c,0,,0,
CranePrefs,0x168CC,-[CRPInfoTableCell refreshCellContentsWithSpecifier:],decompile/168CC.c,1,0x168CC,3,0x168CC; 0x40290; 0x4029C
CranePrefs,0x16920,+[CRPKeychainManager migrateFromVersion1IfNeeded],decompile/16920.c,0,,5,0x3FE28; 0x3FE34; 0x40290; 0x402C0; 0x402F0
CranePrefs,0x16A84,nullsub_1,decompile/16A84.c,0,,0,
CranePrefs,0x16A88,sub_16A88,decompile/16A88.c,0,,5,0x225C4; 0x40290; 0x402C0; 0x402CC; 0x402F0
CranePrefs,0x16B38,+[CRPKeychainManager handleMigrationWithViewController:],decompile/16B38.c,0,,5,0x3FFC0; 0x3FFCC; 0x402C0; 0x402CC; 0x402F0
CranePrefs,0x16BE8,sub_16BE8,decompile/16BE8.c,1,0x16B38,4,0x3FFC0; 0x40290; 0x402C0; 0x402CC
CranePrefs,0x16C70,sub_16C70,decompile/16C70.c,1,0x16BE8,4,0x3D6CC; 0x40290; 0x402C0; 0x402F0
CranePrefs,0x16D90,sub_16D90,decompile/16D90.c,0,,0,
CranePrefs,0x16D98,sub_16D98,decompile/16D98.c,0,,0,
CranePrefs,0x16DA0,-[CRPListController localizeSpecifiers:],decompile/16DA0.c,1,0x146D4,7,0x3D6CC; 0x3FED0; 0x4023C; 0x40290; 0x402C0; 0x402CC; 0x402F0
CranePrefs,0x16F9C,-[CRPListController openTwitterWithUsername:],decompile/16F9C.c,12,0x148B0; 0x148C4; 0x148D8; 0x148EC; 0x14900; 0x14914; 0x14928; 0x1493C; 0x14950; 0x14964; 0x149F8; 0x14A0C,4,0x40290; 0x402C0; 0x402CC; 0x402F0
CranePrefs,0x17100,-[CRPMultiBackupContainerSelectionCell setValue:],decompile/17100.c,1,0x17100,7,0x17100; 0x3D6CC; 0x40290; 0x4029C; 0x402C0; 0x402CC; 0x402F0
CranePrefs,0x1728C,-[CRPMultiBackupContainerSelectionListController init],decompile/1728C.c,1,0x1728C,4,0x1728C; 0x40290; 0x4029C; 0x402C0
CranePrefs,0x172FC,-[CRPMultiBackupContainerSelectionListController viewDidLoad],decompile/172FC.c,1,0x172FC,8,0x172FC; 0x176E4; 0x3D6CC; 0x401D0; 0x40290; 0x4029C; 0x402C0; 0x402F0
CranePrefs,0x17518,-[CRPMultiBackupContainerSelectionListController displayedContainers],decompile/17518.c,0,,4,0x3FE88; 0x40290; 0x402C0; 0x402CC
CranePrefs,0x175F8,sub_175F8,decompile/175F8.c,0,,2,0x3FE88; 0x3FEA0
CranePrefs,0x17610,sub_17610,decompile/17610.c,0,,0,
CranePrefs,0x17614,sub_17614,decompile/17614.c,2,0x17518; 0x17DDC,0,
CranePrefs,0x17624,sub_17624,decompile/17624.c,2,0x17518; 0x17DDC,0,
CranePrefs,0x1762C,sub_1762C,decompile/1762C.c,1,0x17518,4,0x40290; 0x402C0; 0x402CC; 0x402F0
CranePrefs,0x176E4,-[CRPMultiBackupContainerSelectionListController updateSelectDeselectButton],decompile/176E4.c,1,0x172FC,5,0x17518; 0x3D6CC; 0x40290; 0x402C0; 0x402F0
CranePrefs,0x17810,-[CRPMultiBackupContainerSelectionListController selectDeselectAllButtonPressed],decompile/17810.c,0,,6,0x17518; 0x176E4; 0x17BA4; 0x40290; 0x402C0; 0x402F0
CranePrefs,0x17914,-[CRPMultiBackupContainerSelectionListController updateSearchResultsForSearchController:],decompile/17914.c,0,,5,0x3FFC0; 0x3FFCC; 0x402C0; 0x402CC; 0x402F0
CranePrefs,0x179C4,sub_179C4,decompile/179C4.c,1,0x17914,4,0x3FFC0; 0x40290; 0x402C0; 0x402F0
CranePrefs,0x17A80,sub_17A80,decompile/17A80.c,1,0x179C4,1,0x40290
CranePrefs,0x17AB8,-[CRPMultiBackupContainerSelectionListController loadPreferences],decompile/17AB8.c,0,,3,0x40290; 0x402C0; 0x402F0
CranePrefs,0x17BA4,-[CRPMultiBackupContainerSelectionListController savePreferences],decompile/17BA4.c,1,0x17810,3,0x40290; 0x402C0; 0x402F0
CranePrefs,0x17C2C,-[CRPMultiBackupContainerSelectionListController tableView:willDisplayCell:forRowAtIndexPath:],decompile/17C2C.c,0,,4,0x40290; 0x402C0; 0x402CC; 0x402F0
CranePrefs,0x17DDC,-[CRPMultiBackupContainerSelectionListController specifiers],decompile/17DDC.c,0,,6,0x17AB8; 0x3FE88; 0x40290; 0x402C0; 0x402CC; 0x402F0
CranePrefs,0x17FEC,sub_17FEC,decompile/17FEC.c,0,,2,0x3FE88; 0x3FEA0
CranePrefs,0x18004,sub_18004,decompile/18004.c,0,,0,
CranePrefs,0x18008,sub_18008,decompile/18008.c,1,0x17DDC,4,0x40290; 0x402C0; 0x402CC; 0x402F0
CranePrefs,0x18100,sub_18100,decompile/18100.c,1,0x18008,5,0x232B4; 0x401D0; 0x40290; 0x402C0; 0x402CC
CranePrefs,0x18178,sub_18178,decompile/18178.c,0,,5,0x236C8; 0x40290; 0x402C0; 0x402CC; 0x402F0
CranePrefs,0x18228,sub_18228,decompile/18228.c,1,0x17DDC,4,0x40290; 0x402C0; 0x402CC; 0x402F0
CranePrefs,0x184A8,-[CRPMultiBackupContainerSelectionListController tableView:cellForRowAtIndexPath:],decompile/184A8.c,1,0x184A8,6,0x184A8; 0x40290; 0x4029C; 0x402C0; 0x402CC; 0x402F0
CranePrefs,0x18534,-[CRPMultiBackupContainerSelectionListController tableView:didSelectRowAtIndexPath:],decompile/18534.c,0,,5,0x176E4; 0x17BA4; 0x40290; 0x402C0; 0x402F0
CranePrefs,0x185F0,-[CRPMultiBackupContainerSelectionListController tableView:didDeselectRowAtIndexPath:],decompile/185F0.c,0,,5,0x176E4; 0x17BA4; 0x40290; 0x402C0; 0x402F0
CranePrefs,0x186AC,-[CRPMultiBackupContainerSelectionListController viewWillDisappear:],decompile/186AC.c,1,0x186AC,5,0x186AC; 0x40290; 0x4029C; 0x402C0; 0x402F0
CranePrefs,0x1878C,-[CRPMultiBackupContainerSelectionListController .cxx_destruct],decompile/1878C.c,0,,1,0x40314
CranePrefs,0x187F4,-[CRPMultiBackupPresetListController loadPreferences],decompile/187F4.c,0,,3,0x40290; 0x402C0; 0x402F0
CranePrefs,0x188B8,-[CRPMultiBackupPresetListController savePreferences],decompile/188B8.c,0,,2,0x40290; 0x402F0
CranePrefs,0x18918,-[CRPMultiBackupPresetListController resetSelection],decompile/18918.c,0,,4,0x18A1C; 0x40290; 0x402C0; 0x402F0
CranePrefs,0x18A1C,-[CRPMultiBackupPresetListController selectedPresetIdentifier],decompile/18A1C.c,1,0x18918,3,0x40290; 0x402C0; 0x402F0
CranePrefs,0x18A8C,-[CRPMultiBackupPresetListController setSelectedPresetIdentifier:],decompile/18A8C.c,0,,4,0x40290; 0x402C0; 0x402CC; 0x402F0
CranePrefs,0x18B00,-[CRPMultiBackupPresetListController tableView:cellForRowAtIndexPath:],decompile/18B00.c,1,0x18B00,7,0x18A1C; 0x18B00; 0x40290; 0x4029C; 0x402C0; 0x402CC; 0x402F0
CranePrefs,0x18C7C,-[CRPMultiBackupPresetListController presetForPresetIdentifier:],decompile/18C7C.c,0,,6,0x3FED0; 0x4023C; 0x40290; 0x402C0; 0x402CC; 0x402F0
CranePrefs,0x18E18,-[CRPMultiBackupPresetListController setPreset:forIdentifier:],decompile/18E18.c,0,,5,0x188B8; 0x3FE88; 0x40290; 0x402C0; 0x402CC
CranePrefs,0x18F4C,sub_18F4C,decompile/18F4C.c,0,,2,0x3FE88; 0x3FEA0
CranePrefs,0x18F64,sub_18F64,decompile/18F64.c,0,,0,
CranePrefs,0x18F68,sub_18F68,decompile/18F68.c,1,0x18E18,3,0x40290; 0x402C0; 0x402F0
CranePrefs,0x19030,sub_19030,decompile/19030.c,0,,1,0x402CC
CranePrefs,0x19074,sub_19074,decompile/19074.c,0,,2,0x3FE88; 0x402C0
CranePrefs,0x190B0,-[CRPMultiBackupPresetListController newSpecifierForPreset:],decompile/190B0.c,0,,4,0x40290; 0x402C0; 0x402CC; 0x402F0
CranePrefs,0x19230,-[CRPMultiBackupPresetListController specifiers],decompile/19230.c,0,,9,0x187F4; 0x190B0; 0x3D6CC; 0x3FED0; 0x4023C; 0x40290; 0x402C0; 0x402CC; 0x402F0
CranePrefs,0x19638,-[CRPMultiBackupPresetListController getCurrentContainerSelection],decompile/19638.c,0,,5,0x3FED0; 0x4023C; 0x40290; 0x402C0; 0x402F0
CranePrefs,0x1982C,-[CRPMultiBackupPresetListController saveSelectionIntoPresetButtonPressed],decompile/1982C.c,0,,9,0x18A1C; 0x18C7C; 0x18E18; 0x19638; 0x3D6CC; 0x40290; 0x402C0; 0x402CC; 0x402F0
CranePrefs,0x19B74,sub_19B74,decompile/19B74.c,0,,5,0x3D6CC; 0x40290; 0x402C0; 0x402CC; 0x402F0
CranePrefs,0x19BD0,sub_19BD0,decompile/19BD0.c,1,0x1982C,7,0x3FED0; 0x40230; 0x40278; 0x40290; 0x402C0; 0x402CC; 0x402F0
CranePrefs,0x19DF8,sub_19DF8,decompile/19DF8.c,0,,2,0x3FEA0; 0x40230
CranePrefs,0x19E18,sub_19E18,decompile/19E18.c,0,,0,
CranePrefs,0x19E1C,-[CRPMultiBackupPresetListController tableView:didSelectRowAtIndexPath:],decompile/19E1C.c,1,0x19E1C,8,0x18918; 0x18A8C; 0x19E1C; 0x40290; 0x4029C; 0x402C0; 0x402CC; 0x402F0
CranePrefs,0x19FD4,-[CRPMultiBackupPresetListController tableView:canMoveRowAtIndexPath:],decompile/19FD4.c,0,,1,0x40290
CranePrefs,0x19FFC,-[CRPMultiBackupPresetListController tableView:editingStyleForRowAtIndexPath:],decompile/19FFC.c,0,,1,0x40290
CranePrefs,0x1A024,-[CRPMultiBackupPresetListController tableView:canEditRowAtIndexPath:],decompile/1A024.c,0,,1,0x40290
CranePrefs,0x1A04C,-[CRPMultiBackupPresetListController tableView:targetIndexPathForMoveFromRowAtIndexPath:toProposedIndexPath:],decompile/1A04C.c,0,,4,0x40218; 0x40290; 0x402C0; 0x402CC
CranePrefs,0x1A0C0,-[CRPMultiBackupPresetListController tableView:moveRowAtIndexPath:toIndexPath:],decompile/1A0C0.c,0,,5,0x188B8; 0x40290; 0x402C0; 0x402CC; 0x402F0
CranePrefs,0x1A1C8,-[CRPMultiBackupPresetListController performDeletionActionForSpecifier:],decompile/1A1C8.c,0,,4,0x18E18; 0x40290; 0x402C0; 0x402F0
CranePrefs,0x1A224,-[CRPMultiBackupPresetListController viewWillDisappear:],decompile/1A224.c,1,0x1A224,6,0x1A224; 0x40290; 0x4029C; 0x402C0; 0x402CC; 0x402F0
CranePrefs,0x1A340,-[CRPMultiBackupPresetListController .cxx_destruct],decompile/1A340.c,0,,0,
CranePrefs,0x1A354,-[CRPNewBackupListController init],decompile/1A354.c,1,0x1A354,7,0x1A354; 0x3D6CC; 0x401D0; 0x40290; 0x4029C; 0x402C0; 0x402F0
CranePrefs,0x1A4E4,-[CRPNewBackupListController initWithContainer:],decompile/1A4E4.c,0,,9,0x1A354; 0x1A664; 0x1A938; 0x1C9F8; 0x3FED0; 0x40290; 0x402C0; 0x402CC; 0x402F0
CranePrefs,0x1A604,-[CRPNewBackupListController initForMultiContainerSelection],decompile/1A604.c,0,,3,0x1A354; 0x1A664; 0x40290
CranePrefs,0x1A654,-[CRPNewBackupListController isMultiSelection],decompile/1A654.c,0,,0,
CranePrefs,0x1A664,-[CRPNewBackupListController updateCreateButtonEnabled],decompile/1A664.c,2,0x1A4E4; 0x1A604,4,0x1C9E8; 0x40290; 0x402C0; 0x402F0
CranePrefs,0x1A750,-[CRPNewBackupListController noSelection_containerIdentifier],decompile/1A750.c,0,,4,0x1C9E8; 0x40290; 0x402C0; 0x402F0
CranePrefs,0x1A844,-[CRPNewBackupListController noSelection_applicationIdentifier],decompile/1A844.c,0,,4,0x1C9E8; 0x40290; 0x402C0; 0x402F0
CranePrefs,0x1A938,-[CRPNewBackupListController refreshContainerName],decompile/1A938.c,1,0x1A4E4,5,0x1A750; 0x1A844; 0x40290; 0x402C0; 0x402F0
CranePrefs,0x1AA08,-[CRPNewBackupListController viewDidLoad],decompile/1AA08.c,1,0x1AA08,6,0x1AA08; 0x401D0; 0x40290; 0x4029C; 0x402C0; 0x402F0
CranePrefs,0x1AB08,-[CRPNewBackupListController setEncryptBackupAndReload:],decompile/1AB08.c,0,,4,0x1BF7C; 0x40290; 0x402C0; 0x402F0
CranePrefs,0x1AB88,-[CRPNewBackupListController setIncludeKeychainAndReload:],decompile/1AB88.c,0,,4,0x1C068; 0x40290; 0x402C0; 0x402F0
CranePrefs,0x1AC08,-[CRPNewBackupListController handleEncryptionWarning],decompile/1AC08.c,0,,4,0x3D6CC; 0x40290; 0x402C0; 0x402F0
CranePrefs,0x1ADF4,sub_1ADF4,decompile/1ADF4.c,1,0x1AC08,1,0x3FFC0
CranePrefs,0x1AE50,sub_1AE50,decompile/1AE50.c,1,0x1ADF4,0,
CranePrefs,0x1AE64,-[CRPNewBackupListController showNoPasswordError],decompile/1AE64.c,0,,4,0x3D6CC; 0x40290; 0x402C0; 0x402F0
CranePrefs,0x1AF84,-[CRPNewBackupListController showPasswordConfirmationAlertIfNeededWithCompletionHandler:comingFromFailure:],decompile/1AF84.c,0,,5,0x3D6CC; 0x40290; 0x402C0; 0x402CC; 0x402F0
CranePrefs,0x1B1E8,sub_1B1E8,decompile/1B1E8.c,0,,5,0x3D6CC; 0x40290; 0x402C0; 0x402CC; 0x402F0
CranePrefs,0x1B258,sub_1B258,decompile/1B258.c,1,0x1AF84,6,0x40230; 0x40278; 0x40290; 0x402C0; 0x402CC; 0x402F0
CranePrefs,0x1B374,sub_1B374,decompile/1B374.c,0,,2,0x3FEA0; 0x40230
CranePrefs,0x1B388,sub_1B388,decompile/1B388.c,0,,0,
CranePrefs,0x1B38C,sub_1B38C,decompile/1B38C.c,0,,1,0x402CC
CranePrefs,0x1B3C8,-[CRPNewBackupListController handleTap:],decompile/1B3C8.c,0,,2,0x40290; 0x402F0
CranePrefs,0x1B40C,-[CRPNewBackupListController cancelButtonPressed],decompile/1B40C.c,0,,0,
CranePrefs,0x1B420,-[CRPNewBackupListController createButtonPressed],decompile/1B420.c,0,,4,0x1AF84; 0x40290; 0x402C0; 0x402F0
CranePrefs,0x1B510,sub_1B510,decompile/1B510.c,1,0x1B420,1,0x40290
CranePrefs,0x1B570,sub_1B570,decompile/1B570.c,1,0x1B510,2,0x40290; 0x402F0
CranePrefs,0x1B5BC,-[CRPNewBackupListController getBackupName:],decompile/1B5BC.c,0,,0,
CranePrefs,0x1B5CC,-[CRPNewBackupListController setBackupName:specifier:],decompile/1B5CC.c,0,,4,0x1BAEC; 0x40290; 0x402CC; 0x40314
CranePrefs,0x1B624,-[CRPNewBackupListController setContainersToBackup:specifier:],decompile/1B624.c,0,,6,0x1BAEC; 0x1C9F8; 0x40290; 0x402C0; 0x402CC; 0x402F0
CranePrefs,0x1B6BC,-[CRPNewBackupListController getContainersToBackup:],decompile/1B6BC.c,0,,4,0x1C9E8; 0x40290; 0x402C0; 0x402F0
CranePrefs,0x1B710,-[CRPNewBackupListController setSelectedPresetIdentifier:specifier:],decompile/1B710.c,0,,10,0x1B624; 0x23358; 0x3FED0; 0x401D0; 0x4023C; 0x40290; 0x402C0; 0x402CC; 0x402F0; 0x40314
CranePrefs,0x1BA84,-[CRPNewBackupListController getSelectedPresetIdentifier:],decompile/1BA84.c,0,,0,
CranePrefs,0x1BA94,-[CRPNewBackupListController reloadIncludedContainersSpecifier],decompile/1BA94.c,0,,2,0x40290; 0x402F0
CranePrefs,0x1BAEC,-[CRPNewBackupListController updateBackupNameFooterAndReload:],decompile/1BAEC.c,2,0x1B5CC; 0x1B624,7,0x1A844; 0x1C9E8; 0x3D6CC; 0x401D0; 0x40290; 0x402C0; 0x402F0
CranePrefs,0x1BF5C,-[CRPNewBackupListController getEncryptBackup:],decompile/1BF5C.c,0,,0,
CranePrefs,0x1BF7C,-[CRPNewBackupListController setEncryptBackup:specifier:],decompile/1BF7C.c,1,0x1AB08,3,0x40290; 0x402C0; 0x402CC
CranePrefs,0x1C024,-[CRPNewBackupListController getBackupPassword:],decompile/1C024.c,0,,0,
CranePrefs,0x1C034,-[CRPNewBackupListController setBackupPassword:specifier:],decompile/1C034.c,0,,0,
CranePrefs,0x1C048,-[CRPNewBackupListController getIncludeKeychain:],decompile/1C048.c,0,,0,
CranePrefs,0x1C068,-[CRPNewBackupListController setIncludeKeychain:specifier:],decompile/1C068.c,1,0x1AB88,3,0x40290; 0x402C0; 0x402CC
CranePrefs,0x1C0C8,-[CRPNewBackupListController specifiers],decompile/1C0C8.c,0,,5,0x1BAEC; 0x3D6CC; 0x40290; 0x402C0; 0x402F0
CranePrefs,0x1C9C4,-[CRPNewBackupListController delegate],decompile/1C9C4.c,0,,0,
CranePrefs,0x1C9D4,-[CRPNewBackupListController setDelegate:],decompile/1C9D4.c,0,,0,
CranePrefs,0x1C9E8,-[CRPNewBackupListController containersToBackup],decompile/1C9E8.c,5,0x1A664; 0x1A750; 0x1A844; 0x1B6BC; 0x1BAEC,0,
CranePrefs,0x1C9F8,-[CRPNewBackupListController setContainersToBackup:],decompile/1C9F8.c,2,0x1A4E4; 0x1B624,0,
CranePrefs,0x1CA0C,-[CRPNewBackupListController fullBackupFilename],decompile/1CA0C.c,0,,0,
CranePrefs,0x1CA1C,-[CRPNewBackupListController backupName],decompile/1CA1C.c,0,,0,
CranePrefs,0x1CA2C,-[CRPNewBackupListController encryptBackup],decompile/1CA2C.c,0,,0,
CranePrefs,0x1CA3C,-[CRPNewBackupListController backupPassword],decompile/1CA3C.c,0,,0,
CranePrefs,0x1CA4C,-[CRPNewBackupListController includeKeychain],decompile/1CA4C.c,0,,0,
CranePrefs,0x1CA5C,-[CRPNewBackupListController .cxx_destruct],decompile/1CA5C.c,0,,1,0x40314
CranePrefs,0x1CB8C,-[CRPNonBlueButtonTableCell layoutSubviews],decompile/1CB8C.c,1,0x1CB8C,6,0x1CB8C; 0x3FC58; 0x40290; 0x4029C; 0x402C0; 0x402F0
CranePrefs,0x1CD34,sub_1CD34,decompile/1CD34.c,0,,1,0x3FD60
CranePrefs,0x1CD3C,+[CRPPreferenceMigrator litePreferencesIfExist],decompile/1CD3C.c,0,,6,0x7070; 0x3FED0; 0x401F4; 0x40290; 0x402C0; 0x402F0
CranePrefs,0x1CE34,+[CRPPreferenceMigrator migrateLitePreferencesToFullVersion],decompile/1CE34.c,0,,6,0x3FED0; 0x4023C; 0x40290; 0x402C0; 0x402CC; 0x402F0
CranePrefs,0x1D1A4,+[CRPPreferenceMigrator removeLitePreferences],decompile/1D1A4.c,0,,6,0x7070; 0x3FED0; 0x401F4; 0x40290; 0x402C0; 0x402F0
CranePrefs,0x1D2B0,-[CRPPresetSelectionCell setValue:],decompile/1D2B0.c,1,0x1D2B0,8,0x1D2B0; 0x3FED0; 0x4023C; 0x40290; 0x4029C; 0x402C0; 0x402CC; 0x402F0
CranePrefs,0x1D578,-[CRPRestoreContainerMatchController initWithContainersInBackup:],decompile/1D578.c,0,,8,0x3D6CC; 0x3FC58; 0x401D0; 0x40290; 0x4029C; 0x402C0; 0x402CC; 0x402F0
CranePrefs,0x1D888,sub_1D888,decompile/1D888.c,1,0x1D578,4,0x40290; 0x402C0; 0x402CC; 0x402F0
CranePrefs,0x1D950,-[CRPRestoreContainerMatchController viewDidLoad],decompile/1D950.c,1,0x1D950,6,0x1D950; 0x401D0; 0x40290; 0x4029C; 0x402C0; 0x402F0
CranePrefs,0x1DA1C,-[CRPRestoreContainerMatchController tapGestureReceivedTap:],decompile/1DA1C.c,0,,2,0x40290; 0x402F0
CranePrefs,0x1DA60,-[CRPRestoreContainerMatchController targetContainerMatchingBackupContainer:],decompile/1DA60.c,0,,7,0x2354C; 0x3FE88; 0x401D0; 0x40290; 0x402C0; 0x402CC; 0x402F0
CranePrefs,0x1DCF0,sub_1DCF0,decompile/1DCF0.c,0,,2,0x3FE88; 0x3FEA0
CranePrefs,0x1DD10,sub_1DD10,decompile/1DD10.c,0,,0,
CranePrefs,0x1DD14,sub_1DD14,decompile/1DD14.c,1,0x1DA60,0,
CranePrefs,0x1DD24,sub_1DD24,decompile/1DD24.c,1,0x1DA60,0,
CranePrefs,0x1DD2C,sub_1DD2C,decompile/1DD2C.c,1,0x1DA60,6,0x232B4; 0x401D0; 0x40290; 0x402C0; 0x402CC; 0x402F0
CranePrefs,0x1DDE8,sub_1DDE8,decompile/1DDE8.c,0,,1,0x402CC
CranePrefs,0x1DE24,sub_1DE24,decompile/1DE24.c,0,,2,0x3FE88; 0x402C0
CranePrefs,0x1DE58,sub_1DE58,decompile/1DE58.c,1,0x1DA60,6,0x232B4; 0x401D0; 0x40290; 0x402C0; 0x402CC; 0x402F0
CranePrefs,0x1DF44,-[CRPRestoreContainerMatchController performInitialMatching],decompile/1DF44.c,0,,1,0x40290
CranePrefs,0x1DFAC,sub_1DFAC,decompile/1DFAC.c,1,0x1DF44,4,0x40290; 0x402C0; 0x402CC; 0x402F0
CranePrefs,0x1E034,-[CRPRestoreContainerMatchController labelForContainer:],decompile/1E034.c,0,,4,0x40290; 0x402C0; 0x402CC; 0x402F0
CranePrefs,0x1E0EC,-[CRPRestoreContainerMatchController loadSpecifiersByContainer],decompile/1E0EC.c,0,,3,0x40290; 0x402C0; 0x402CC
CranePrefs,0x1E1BC,sub_1E1BC,decompile/1E1BC.c,1,0x1E0EC,6,0x3D6CC; 0x3FED0; 0x40290; 0x402C0; 0x402CC; 0x402F0
CranePrefs,0x1E5C4,-[CRPRestoreContainerMatchController specifierGroupForContainer:],decompile/1E5C4.c,0,,4,0x40290; 0x402C0; 0x402CC; 0x402F0
CranePrefs,0x1E7B0,-[CRPRestoreContainerMatchController updateGroupForContainer:animated:],decompile/1E7B0.c,0,,4,0x40290; 0x402C0; 0x402CC; 0x402F0
CranePrefs,0x1E99C,-[CRPRestoreContainerMatchController backupContainerForSpecifier:],decompile/1E99C.c,0,,3,0x40290; 0x402C0; 0x402F0
CranePrefs,0x1E9F8,-[CRPRestoreContainerMatchController setShouldRestoreContainer:specifier:],decompile/1E9F8.c,0,,7,0x1DA60; 0x1E7B0; 0x1E99C; 0x40290; 0x402C0; 0x402CC; 0x402F0
CranePrefs,0x1EB18,-[CRPRestoreContainerMatchController readShouldRestoreContainer:],decompile/1EB18.c,0,,4,0x1E99C; 0x40290; 0x402C0; 0x402F0
CranePrefs,0x1EBBC,-[CRPRestoreContainerMatchController setTargetContainer:specifier:],decompile/1EBBC.c,0,,6,0x1E7B0; 0x1E99C; 0x40290; 0x402C0; 0x402CC; 0x402F0
CranePrefs,0x1EC54,-[CRPRestoreContainerMatchController readTargetContainer:],decompile/1EC54.c,0,,4,0x1E99C; 0x40290; 0x402C0; 0x402F0
CranePrefs,0x1ECBC,-[CRPRestoreContainerMatchController setNewContainerName:specifier:],decompile/1ECBC.c,0,,5,0x1E99C; 0x40290; 0x402C0; 0x402CC; 0x402F0
CranePrefs,0x1ED5C,-[CRPRestoreContainerMatchController readNewContainerName:],decompile/1ED5C.c,0,,4,0x1E99C; 0x40290; 0x402C0; 0x402F0
CranePrefs,0x1EDB0,-[CRPRestoreContainerMatchController getAvailableContainersForSpecifier:],decompile/1EDB0.c,0,,8,0x1E99C; 0x2354C; 0x401D0; 0x40290; 0x402C0; 0x402CC; 0x402E4; 0x402F0
CranePrefs,0x1EFD0,sub_1EFD0,decompile/1EFD0.c,1,0x1EDB0,6,0x232B4; 0x401D0; 0x40290; 0x402C0; 0x402CC; 0x402F0
CranePrefs,0x1F074,-[CRPRestoreContainerMatchController getAvailableContainerValuesForSpecifier:],decompile/1F074.c,0,,0,
CranePrefs,0x1F080,-[CRPRestoreContainerMatchController getAvailableContainerTitlesForSpecifier:],decompile/1F080.c,0,,8,0x1EDB0; 0x3D6CC; 0x3FED0; 0x4023C; 0x40290; 0x402C0; 0x402CC; 0x402F0
CranePrefs,0x1F254,-[CRPRestoreContainerMatchController specifiers],decompile/1F254.c,0,,4,0x1DF44; 0x1E0EC; 0x40290; 0x402C0
CranePrefs,0x1F330,sub_1F330,decompile/1F330.c,1,0x1F254,2,0x40290; 0x402F0
CranePrefs,0x1F398,-[CRPRestoreContainerMatchController cancelButtonPressed],decompile/1F398.c,0,,1,0x40290
CranePrefs,0x1F3F4,sub_1F3F4,decompile/1F3F4.c,1,0x1F398,0,
CranePrefs,0x1F418,-[CRPRestoreContainerMatchController continueButtonPressed],decompile/1F418.c,0,,1,0x40290
CranePrefs,0x1F474,sub_1F474,decompile/1F474.c,1,0x1F418,1,0x40290
CranePrefs,0x1F4EC,-[CRPRestoreContainerMatchController completionBlock],decompile/1F4EC.c,0,,0,
CranePrefs,0x1F4FC,-[CRPRestoreContainerMatchController setCompletionBlock:],decompile/1F4FC.c,0,,0,
CranePrefs,0x1F508,-[CRPRestoreContainerMatchController .cxx_destruct],decompile/1F508.c,0,,1,0x40314
CranePrefs,0x1F584,-[CRPRightAlignedEditableTableCell initWithStyle:reuseIdentifier:specifier:],decompile/1F584.c,1,0x1F584,6,0x1F584; 0x40290; 0x4029C; 0x402C0; 0x402CC; 0x402F0
CranePrefs,0x1F630,_clearTempPath,decompile/1F630.c,3,0x14188; 0x1FDA4; 0x1FE3C,3,0x3FFC0; 0x3FFCC; 0x402F0
CranePrefs,0x1F670,sub_1F670,decompile/1F670.c,0,,6,0x7070; 0x3FED0; 0x401F4; 0x40290; 0x402C0; 0x402F0
CranePrefs,0x1F8FC,_clearOldPath,decompile/1F8FC.c,1,0x2145C,3,0x3FFC0; 0x3FFCC; 0x402F0
CranePrefs,0x1F93C,sub_1F93C,decompile/1F93C.c,0,,7,0x3FE64; 0x3FED0; 0x4023C; 0x40290; 0x402C0; 0x402CC; 0x402F0
CranePrefs,0x1FC04,_initLibraryPath,decompile/1FC04.c,1,0x2145C,6,0x7070; 0x3FED0; 0x401F4; 0x40290; 0x402C0; 0x402F0
CranePrefs,0x1FDA4,-[CRPRootListController viewDidLoad],decompile/1FDA4.c,1,0x1FDA4,9,0x16B38; 0x1F630; 0x1FDA4; 0x2202C; 0x25FE4; 0x401D0; 0x40290; 0x4029C; 0x402C0
CranePrefs,0x1FE3C,-[CRPRootListController dealloc],decompile/1FE3C.c,1,0x1FE3C,3,0x1F630; 0x1FE3C; 0x4029C
CranePrefs,0x1FE80,-[CRPRootListController tableView:accessoryButtonTappedForRowWithIndexPath:],decompile/1FE80.c,0,,4,0x21818; 0x40290; 0x402C0; 0x402F0
CranePrefs,0x1FF44,-[CRPRootListController specifiers],decompile/1FF44.c,0,,6,0x16DA0; 0x20194; 0x20828; 0x40290; 0x402C0; 0x402F0
CranePrefs,0x2005C,sub_2005C,decompile/2005C.c,1,0x1FF44,5,0x21B40; 0x40290; 0x402C0; 0x402CC; 0x402F0
CranePrefs,0x20194,-[CRPRootListController handleLiteMigration],decompile/20194.c,1,0x1FF44,6,0x1CD3C; 0x3D6CC; 0x40290; 0x402C0; 0x402CC; 0x402F0
CranePrefs,0x2054C,sub_2054C,decompile/2054C.c,0,,2,0x1CE34; 0x40290
CranePrefs,0x20584,sub_20584,decompile/20584.c,1,0x20194,7,0x1D1A4; 0x3FED0; 0x4023C; 0x40290; 0x402C0; 0x402CC; 0x402F0
CranePrefs,0x2074C,-[CRPRootListController readPreferenceValue:],decompile/2074C.c,0,,4,0x40290; 0x402C0; 0x402CC; 0x402F0
CranePrefs,0x20828,-[CRPRootListController removeDisabledGroups:],decompile/20828.c,2,0x1FF44; 0x20828,8,0x2074C; 0x20828; 0x3FED0; 0x4023C; 0x40290; 0x402C0; 0x402CC; 0x402F0
CranePrefs,0x20BCC,-[CRPRootListController setPreferenceValue:specifier:],decompile/20BCC.c,0,,5,0x20828; 0x40290; 0x402C0; 0x402CC; 0x402F0
CranePrefs,0x20DE8,-[CRPRootListController setNotificationsSupportEnabled:specifier:],decompile/20DE8.c,0,,5,0x20BCC; 0x2220C; 0x40290; 0x402C0; 0x402CC
CranePrefs,0x20E64,-[CRPRootListController createMultiBackupTapped],decompile/20E64.c,0,,0,
CranePrefs,0x20E98,-[CRPRootListController didFinishBackupAtPath:],decompile/20E98.c,0,,3,0x40290; 0x402C0; 0x402F0
CranePrefs,0x20EFC,-[CRPRootListController openShareMenuWithFile:],decompile/20EFC.c,2,0x20E64; 0x20E98,5,0x3FE88; 0x40290; 0x402C0; 0x402CC; 0x402F0
CranePrefs,0x210D4,sub_210D4,decompile/210D4.c,0,,2,0x3FE88; 0x3FEA0
CranePrefs,0x210F0,sub_210F0,decompile/210F0.c,0,,0,
CranePrefs,0x210F4,sub_210F4,decompile/210F4.c,1,0x20EFC,0,
CranePrefs,0x21104,sub_21104,decompile/21104.c,1,0x20EFC,0,
CranePrefs,0x2110C,sub_2110C,decompile/2110C.c,1,0x20EFC,5,0x40290; 0x402C0; 0x402CC; 0x402F0; 0x40314
CranePrefs,0x211A8,-[CRPRootListController restoreMultiBackupTapped],decompile/211A8.c,0,,2,0x26D7C; 0x40290
CranePrefs,0x21210,sub_21210,decompile/21210.c,1,0x211A8,5,0x3D6CC; 0x40290; 0x402C0; 0x402CC; 0x402F0
CranePrefs,0x213CC,-[CRPRootListController openTwitter],decompile/213CC.c,0,,0,
CranePrefs,0x213E0,-[CRPRootListController .cxx_destruct],decompile/213E0.c,0,,1,0x40314
CranePrefs,0x2145C,InitFunc_0,decompile/2145C.c,0,,1,0x1FC04
CranePrefs,0x21470,+[CRPRootPageSuggestionProvider shouldShowChoicyLoaderSuggestion],decompile/21470.c,0,,10,0x7070; 0x3DE40; 0x3FED0; 0x3FF84; 0x401F4; 0x40290; 0x402C0; 0x402F0; 0x40338; 0x4035C
CranePrefs,0x216E0,+[CRPRootPageSuggestionProvider shouldShowActivatorInfoSuggestion],decompile/216E0.c,0,,6,0x7070; 0x3FED0; 0x401F4; 0x40290; 0x402C0; 0x402F0
CranePrefs,0x217BC,+[CRPRootPageSuggestionProvider shouldShowShortcutsInfoSuggestion],decompile/217BC.c,0,,3,0x40290; 0x402C0; 0x402F0
CranePrefs,0x21818,+[CRPRootPageSuggestionProvider alertControllerForSpecifierIdentifier:],decompile/21818.c,1,0x1FE80,5,0x3D6CC; 0x40290; 0x402C0; 0x402CC; 0x402F0
CranePrefs,0x21AC0,sub_21AC0,decompile/21AC0.c,0,,3,0x40290; 0x402C0; 0x402F0
CranePrefs,0x21B40,+[CRPRootPageSuggestionProvider suggestionSpecifiers],decompile/21B40.c,1,0x2005C,4,0x3D6CC; 0x40290; 0x402C0; 0x402F0
CranePrefs,0x21FA0,-[LSApplicationProxy crane_isSupported],decompile/21FA0.c,0,,3,0x40290; 0x402C0; 0x402F0
CranePrefs,0x2202C,_presentCommunicationWarningWhenNeeded,decompile/2202C.c,1,0x1FDA4,5,0x3D6CC; 0x40290; 0x402C0; 0x402CC; 0x402F0
CranePrefs,0x2220C,_handleNotificationsSupportUpdate,decompile/2220C.c,1,0x20DE8,6,0x3FED0; 0x4023C; 0x40290; 0x402C0; 0x402CC; 0x402F0
CranePrefs,0x22528,_initPreferencesXPCConnection,decompile/22528.c,1,0x22614,4,0x401D0; 0x40290; 0x402C0; 0x402F0
CranePrefs,0x225C4,_cranehelperdPreferencesRemoteObjectProxy,decompile/225C4.c,4,0xC7B4; 0x16A88; 0x24CF8; 0x2ADA0,1,0x3FFD8
CranePrefs,0x22614,sub_22614,decompile/22614.c,0,,2,0x22528; 0x3FE28
CranePrefs,0x22654,nullsub_2,decompile/22654.c,0,,0,
CranePrefs,0x22658,_caseSensitiveComparer,decompile/22658.c,1,0x22664,0,
CranePrefs,0x22664,+[SSZipArchive unzipFile:fromArchiveAtPath:toDestination:preserveAttributes:password:error:],decompile/22664.c,0,,24,0x2EBE8; 0x309D4; 0x316F8; 0x31864; 0x31B50; 0x31B64; 0x31B80; 0x31BCC; 0x31BE0; 0x31EDC; 0x31F20; 0x3FE58; 0x3FED0; 0x3FF30; 0x4005C; 0x40074; 0x40080; 0x400D4; 0x401D0; 0x40290; 0x402C0; 0x402CC; 0x402D8; 0x402F0
CranePrefs,0x2301C,+[CRPBackupContainer allWritableFileAttributes],decompile/2301C.c,0,,2,0x3FED0; 0x40290
CranePrefs,0x23124,+[CRPBackupContainer attributeDictionaryWithNonWritableAttributesFilteredOut:],decompile/23124.c,0,,4,0x40290; 0x402C0; 0x402CC; 0x402F0
CranePrefs,0x23238,sub_23238,decompile/23238.c,1,0x23124,3,0x40290; 0x402C0; 0x402CC
CranePrefs,0x232B4,-[CRPBackupContainer initWithContainerIdentifier:ofApplicationWithIdentifier:],decompile/232B4.c,6,0x135F8; 0x13740; 0x18100; 0x1DD2C; 0x1DE58; 0x1EFD0,4,0x4029C; 0x402C0; 0x402CC; 0x40314
CranePrefs,0x23358,-[CRPBackupContainer initWithBackupInfoDictionary:],decompile/23358.c,1,0x1B710,5,0x40290; 0x4029C; 0x402C0; 0x402CC; 0x402F0
CranePrefs,0x2344C,-[CRPBackupContainer initWithBackupContainer:],decompile/2344C.c,0,,5,0x40290; 0x4029C; 0x402C0; 0x402CC; 0x402F0
CranePrefs,0x2354C,-[CRPBackupContainer initNonExistantContainerWithName:ofApplicationWithIdentifier:],decompile/2354C.c,2,0x1DA60; 0x1EDB0,4,0x4029C; 0x402C0; 0x402CC; 0x40314
CranePrefs,0x235F0,-[CRPBackupContainer dictionaryRepresentation],decompile/235F0.c,0,,4,0x23774; 0x40290; 0x402C0; 0x402F0
CranePrefs,0x236C8,-[CRPBackupContainer applicationName],decompile/236C8.c,1,0x18178,5,0x23BE0; 0x40290; 0x402C0; 0x402CC; 0x402F0
CranePrefs,0x23774,-[CRPBackupContainer containerName],decompile/23774.c,1,0x235F0,6,0x23BE0; 0x23BF4; 0x40290; 0x402C0; 0x402CC; 0x402F0
CranePrefs,0x2384C,-[CRPBackupContainer cachedApplicationName],decompile/2384C.c,0,,0,
CranePrefs,0x23854,-[CRPBackupContainer cachedContainerName],decompile/23854.c,0,,0,
CranePrefs,0x2385C,-[CRPBackupContainer setContainerName:],decompile/2385C.c,0,,0,
CranePrefs,0x23868,-[CRPBackupContainer existsOnDevice],decompile/23868.c,0,,5,0x23BE0; 0x23BF4; 0x40290; 0x402C0; 0x402F0
CranePrefs,0x23950,-[CRPBackupContainer createIfNotExists],decompile/23950.c,0,,4,0x23868; 0x40290; 0x402C0; 0x402F0
CranePrefs,0x239D4,-[CRPBackupContainer isApplicationInstalledOnDevice],decompile/239D4.c,0,,3,0x40290; 0x402C0; 0x402F0
CranePrefs,0x23A30,-[CRPBackupContainer reloadApplicationIfContainerActive],decompile/23A30.c,0,,2,0x40290; 0x402F0
CranePrefs,0x23A80,-[CRPBackupContainer isEqual:],decompile/23A80.c,0,,4,0x23B20; 0x40290; 0x402C0; 0x402CC
CranePrefs,0x23B20,-[CRPBackupContainer hash],decompile/23B20.c,1,0x23A80,4,0x23B6C; 0x40290; 0x402C0; 0x402F0
CranePrefs,0x23B6C,-[CRPBackupContainer description],decompile/23B6C.c,1,0x23B20,1,0x40290
CranePrefs,0x23BAC,-[CRPBackupContainer copyWithZone:],decompile/23BAC.c,0,,1,0x401D0
CranePrefs,0x23BE0,-[CRPBackupContainer applicationID],decompile/23BE0.c,4,0xD79C; 0x236C8; 0x23774; 0x23868,0,
CranePrefs,0x23BE8,-[CRPBackupContainer setApplicationID:],decompile/23BE8.c,0,,0,
CranePrefs,0x23BF4,-[CRPBackupContainer containerID],decompile/23BF4.c,3,0xD79C; 0x23774; 0x23868,0,
CranePrefs,0x23BFC,-[CRPBackupContainer setContainerID:],decompile/23BFC.c,0,,0,
CranePrefs,0x23C08,-[CRPBackupContainer .cxx_destruct],decompile/23C08.c,0,,1,0x40314
CranePrefs,0x23C50,-[CRPBackupOperation init],decompile/23C50.c,1,0x23C50,4,0x23C50; 0x25DF4; 0x40290; 0x4029C
CranePrefs,0x23CB8,-[CRPBackupOperation initWithTargetPath:],decompile/23CB8.c,0,,5,0x23C50; 0x40290; 0x402C0; 0x402CC; 0x40314
CranePrefs,0x23D24,-[CRPBackupOperation isCancellable],decompile/23D24.c,0,,0,
CranePrefs,0x23D2C,-[CRPBackupOperation setContainersToBackup:],decompile/23D2C.c,0,,2,0x40290; 0x402F0
CranePrefs,0x23D78,-[CRPBackupOperation pauseBackupWithEvent:withParameters:],decompile/23D78.c,0,,9,0x25D7C; 0x27B50; 0x3FE88; 0x40008; 0x40020; 0x40290; 0x402C0; 0x402CC; 0x402FC
CranePrefs,0x23ED4,sub_23ED4,decompile/23ED4.c,0,,2,0x3FE88; 0x3FEA0
CranePrefs,0x23EEC,sub_23EEC,decompile/23EEC.c,0,,0,
CranePrefs,0x23EF0,sub_23EF0,decompile/23EF0.c,2,0x23D78; 0x24CF8,0,
CranePrefs,0x23F00,sub_23F00,decompile/23F00.c,2,0x23D78; 0x24CF8,0,
CranePrefs,0x23F08,sub_23F08,decompile/23F08.c,1,0x23D78,3,0x40014; 0x402CC; 0x40314
CranePrefs,0x23F50,-[CRPBackupOperation pauseBackupWithEvent:],decompile/23F50.c,0,,0,
CranePrefs,0x23F60,-[CRPBackupOperation handleFreeSpaceCheck],decompile/23F60.c,0,,10,0x7070; 0x25E80; 0x3D6CC; 0x3FE88; 0x3FED0; 0x401F4; 0x40290; 0x402C0; 0x402CC; 0x402F0
CranePrefs,0x24288,sub_24288,decompile/24288.c,0,,2,0x3FE88; 0x3FEA0
CranePrefs,0x242AC,sub_242AC,decompile/242AC.c,0,,0,
CranePrefs,0x242B0,sub_242B0,decompile/242B0.c,1,0x23F60,6,0x40008; 0x40020; 0x40290; 0x402C0; 0x402CC; 0x402F0
CranePrefs,0x243F0,sub_243F0,decompile/243F0.c,1,0x242B0,0,
CranePrefs,0x2440C,-[CRPBackupOperation prepareBackup],decompile/2440C.c,0,,3,0x25DC4; 0x25DD4; 0x40290
CranePrefs,0x244C0,sub_244C0,decompile/244C0.c,1,0x2440C,4,0x40290; 0x402C0; 0x402CC; 0x402F0
CranePrefs,0x2462C,sub_2462C,decompile/2462C.c,1,0x244C0,4,0x40290; 0x402C0; 0x402CC; 0x402F0
CranePrefs,0x246F8,sub_246F8,decompile/246F8.c,1,0x2462C,1,0x40290
CranePrefs,0x24774,-[CRPBackupOperation processBackupOfPath:withIdentifier:pathPrefix:collectAttributes:],decompile/24774.c,0,,5,0x25E5C; 0x40290; 0x402C0; 0x402CC; 0x402F0
CranePrefs,0x24948,sub_24948,decompile/24948.c,1,0x24774,6,0x23124; 0x401D0; 0x40290; 0x402C0; 0x402CC; 0x402F0
CranePrefs,0x24CF8,-[CRPBackupOperation processBackupOfContainer:],decompile/24CF8.c,0,,12,0x225C4; 0x23F50; 0x25DE4; 0x25DF4; 0x25E14; 0x25E38; 0x307C4; 0x3FE88; 0x40290; 0x402C0; 0x402CC; 0x402F0
CranePrefs,0x256E4,sub_256E4,decompile/256E4.c,0,,2,0x3FE88; 0x3FEA0
CranePrefs,0x2570C,sub_2570C,decompile/2570C.c,0,,0,
CranePrefs,0x25710,sub_25710,decompile/25710.c,1,0x24CF8,0,
CranePrefs,0x25720,sub_25720,decompile/25720.c,1,0x24CF8,3,0x40290; 0x402C0; 0x402CC
CranePrefs,0x257AC,-[CRPBackupOperation addMultiBackupInformation],decompile/257AC.c,0,,8,0x25DE4; 0x25DF4; 0x25E14; 0x307C4; 0x40290; 0x402C0; 0x402CC; 0x402F0
CranePrefs,0x25984,sub_25984,decompile/25984.c,1,0x257AC,4,0x40290; 0x402C0; 0x402CC; 0x402F0
CranePrefs,0x25A18,-[CRPBackupOperation handleCancellation],decompile/25A18.c,0,,2,0x40290; 0x402F0
CranePrefs,0x25A74,-[CRPBackupOperation handleFinish],decompile/25A74.c,0,,0,
CranePrefs,0x25A8C,-[CRPBackupOperation main],decompile/25A8C.c,0,,12,0x23F60; 0x2440C; 0x257AC; 0x25A18; 0x25DB0; 0x30008; 0x30088; 0x3D6CC; 0x401D0; 0x40290; 0x402C0; 0x402F0
CranePrefs,0x25C68,sub_25C68,decompile/25C68.c,1,0x25A8C,2,0x40290; 0x402CC
CranePrefs,0x25CD4,-[CRPBackupOperation targetPath],decompile/25CD4.c,0,,0,
CranePrefs,0x25CE4,-[CRPBackupOperation setTargetPath:],decompile/25CE4.c,0,,0,
CranePrefs,0x25CF8,-[CRPBackupOperation passwordToUse],decompile/25CF8.c,0,,0,
CranePrefs,0x25D08,-[CRPBackupOperation setPasswordToUse:],decompile/25D08.c,0,,0,
CranePrefs,0x25D1C,-[CRPBackupOperation shouldIncludeKeychain],decompile/25D1C.c,0,,0,
CranePrefs,0x25D2C,-[CRPBackupOperation setShouldIncludeKeychain:],decompile/25D2C.c,0,,0,
CranePrefs,0x25D3C,-[CRPBackupOperation sepKeychainItemsOmmited],decompile/25D3C.c,0,,0,
CranePrefs,0x25D4C,-[CRPBackupOperation setSepKeychainItemsOmmited:],decompile/25D4C.c,0,,0,
CranePrefs,0x25D5C,-[CRPBackupOperation isMultiContainerBackup],decompile/25D5C.c,0,,0,
CranePrefs,0x25D6C,-[CRPBackupOperation setIsMultiContainerBackup:],decompile/25D6C.c,0,,0,
CranePrefs,0x25D7C,-[CRPBackupOperation handlerDelegate],decompile/25D7C.c,1,0x23D78,0,
CranePrefs,0x25D8C,-[CRPBackupOperation setHandlerDelegate:],decompile/25D8C.c,0,,0,
CranePrefs,0x25DA0,-[CRPBackupOperation status],decompile/25DA0.c,0,,0,
CranePrefs,0x25DB0,-[CRPBackupOperation setStatus:],decompile/25DB0.c,1,0x25A8C,0,
CranePrefs,0x25DC4,-[CRPBackupOperation totalSuboperationsCount],decompile/25DC4.c,1,0x2440C,0,
CranePrefs,0x25DD4,-[CRPBackupOperation setTotalSuboperationsCount:],decompile/25DD4.c,1,0x2440C,0,
CranePrefs,0x25DE4,-[CRPBackupOperation currentSuboperationIndex],decompile/25DE4.c,2,0x24CF8; 0x257AC,0,
CranePrefs,0x25DF4,-[CRPBackupOperation setCurrentSuboperationIndex:],decompile/25DF4.c,3,0x23C50; 0x24CF8; 0x257AC,0,
CranePrefs,0x25E04,-[CRPBackupOperation processedFile],decompile/25E04.c,0,,0,
CranePrefs,0x25E14,-[CRPBackupOperation setProcessedFile:],decompile/25E14.c,2,0x24CF8; 0x257AC,0,
CranePrefs,0x25E28,-[CRPBackupOperation processedContainer],decompile/25E28.c,0,,0,
CranePrefs,0x25E38,-[CRPBackupOperation setProcessedContainer:],decompile/25E38.c,1,0x24CF8,0,
CranePrefs,0x25E4C,-[CRPBackupOperation processedIdentifier],decompile/25E4C.c,0,,0,
CranePrefs,0x25E5C,-[CRPBackupOperation setProcessedIdentifier:],decompile/25E5C.c,1,0x24774,0,
CranePrefs,0x25E70,-[CRPBackupOperation error],decompile/25E70.c,0,,0,
CranePrefs,0x25E80,-[CRPBackupOperation setError:],decompile/25E80.c,1,0x23F60,0,
CranePrefs,0x25E94,-[CRPBackupOperation .cxx_destruct],decompile/25E94.c,0,,1,0x40314
CranePrefs,0x25F74,-[CRPBackupRestoreController init],decompile/25F74.c,1,0x25F74,5,0x25F74; 0x401D0; 0x40290; 0x4029C; 0x402C0
CranePrefs,0x25FE4,-[CRPBackupRestoreController initWithPresentationController:],decompile/25FE4.c,2,0xEC9C; 0x1FDA4,5,0x25F74; 0x40290; 0x402C0; 0x402CC; 0x40314
CranePrefs,0x26048,-[CRPBackupRestoreController _configureAndStartBackupWithConfigurationListController:],decompile/26048.c,0,,4,0x401D0; 0x40290; 0x402C0; 0x402CC
CranePrefs,0x260D8,-[CRPBackupRestoreController configureAndStartSingleBackupForContainer:],decompile/260D8.c,1,0x135F8,6,0x1A4E4; 0x26048; 0x401D0; 0x40290; 0x402C0; 0x402CC
CranePrefs,0x2614C,-[CRPBackupRestoreController configureAndStartMultiBackup],decompile/2614C.c,1,0x20E64,4,0x1A604; 0x26048; 0x401D0; 0x40290
CranePrefs,0x2619C,-[CRPBackupRestoreController didFinishConfiguringBackupWithListController:],decompile/2619C.c,0,,14,0x7070; 0x23CB8; 0x23D2C; 0x25D08; 0x25D2C; 0x25D6C; 0x27660; 0x3FED0; 0x401D0; 0x401F4; 0x40290; 0x402C0; 0x402CC; 0x402F0
CranePrefs,0x2644C,sub_2644C,decompile/2644C.c,1,0x2619C,0,
CranePrefs,0x26468,-[CRPBackupRestoreController _openFilePickerForBackupWithExtension:completion:],decompile/26468.c,0,,7,0x3FED0; 0x401D0; 0x40290; 0x402C0; 0x402CC; 0x402F0; 0x402FC
CranePrefs,0x26638,sub_26638,decompile/26638.c,1,0x26468,5,0x3D6CC; 0x40290; 0x402C0; 0x402CC; 0x402F0
CranePrefs,0x26A20,sub_26A20,decompile/26A20.c,1,0x26638,0,
CranePrefs,0x26A30,sub_26A30,decompile/26A30.c,0,,1,0x3FE7C
CranePrefs,0x26A60,sub_26A60,decompile/26A60.c,1,0x26638,2,0x40290; 0x402F0
CranePrefs,0x26AB4,sub_26AB4,decompile/26AB4.c,0,,2,0x3FE7C; 0x402CC
CranePrefs,0x26AF0,-[CRPBackupRestoreController documentPicker:didPickDocumentsAtURLs:],decompile/26AF0.c,0,,2,0x40290; 0x402F0
CranePrefs,0x26B3C,-[CRPBackupRestoreController configureAndStartSingleRestoreForContainer:completion:],decompile/26B3C.c,1,0x13740,4,0x26468; 0x40290; 0x402C0; 0x402CC
CranePrefs,0x26C08,sub_26C08,decompile/26C08.c,1,0x26B3C,7,0x28D10; 0x2C0F4; 0x401D0; 0x40290; 0x402C0; 0x402CC; 0x402F0
CranePrefs,0x26D28,sub_26D28,decompile/26D28.c,1,0x26C08,1,0x40290
CranePrefs,0x26D7C,-[CRPBackupRestoreController configureAndStartMultiRestoreWithCompletion:],decompile/26D7C.c,1,0x211A8,4,0x26468; 0x40290; 0x402C0; 0x402CC
CranePrefs,0x26E18,sub_26E18,decompile/26E18.c,1,0x26D7C,6,0x28D10; 0x401D0; 0x40290; 0x402C0; 0x402CC; 0x402F0
CranePrefs,0x26F24,sub_26F24,decompile/26F24.c,1,0x26E18,1,0x40290
CranePrefs,0x26F78,sub_26F78,decompile/26F78.c,0,,1,0x402CC
CranePrefs,0x26FAC,-[CRPBackupRestoreController showErrorForOperation:],decompile/26FAC.c,0,,5,0x3D6CC; 0x40290; 0x402C0; 0x402CC; 0x402F0
CranePrefs,0x27178,-[CRPBackupRestoreController presentProgressAlertWithCompletion:],decompile/27178.c,0,,2,0x40290; 0x402F0
CranePrefs,0x271FC,-[CRPBackupRestoreController dismissProgressAlertWithCompletion:],decompile/271FC.c,0,,3,0x40290; 0x402C0; 0x402CC
CranePrefs,0x2729C,sub_2729C,decompile/2729C.c,1,0x271FC,3,0x40290; 0x402C0; 0x402F0
CranePrefs,0x27308,-[CRPBackupRestoreController dismissProgressAlertAndPresentViewController:completion:],decompile/27308.c,0,,3,0x3FFC0; 0x402C0; 0x402CC
CranePrefs,0x273CC,sub_273CC,decompile/273CC.c,1,0x27308,3,0x40290; 0x402C0; 0x402CC
CranePrefs,0x2745C,sub_2745C,decompile/2745C.c,1,0x273CC,0,
CranePrefs,0x2747C,-[CRPBackupRestoreController observeValueForKeyPath:ofObject:change:context:],decompile/2747C.c,0,,4,0x40290; 0x402C0; 0x402CC; 0x402F0
CranePrefs,0x27660,-[CRPBackupRestoreController processOperation:completion:],decompile/27660.c,1,0x2619C,12,0xCFC4; 0xD36C; 0xDE90; 0x27178; 0x401D0; 0x40224; 0x40230; 0x40278; 0x40284; 0x40290; 0x402C0; 0x402CC
CranePrefs,0x27904,sub_27904,decompile/27904.c,0,,2,0x3FEA0; 0x40230
CranePrefs,0x27920,sub_27920,decompile/27920.c,0,,0,
CranePrefs,0x27924,sub_27924,decompile/27924.c,1,0x27660,0,
CranePrefs,0x27934,sub_27934,decompile/27934.c,1,0x27660,5,0x3FFC0; 0x40284; 0x40290; 0x402C0; 0x402CC
CranePrefs,0x27A0C,sub_27A0C,decompile/27A0C.c,1,0x27934,3,0x40290; 0x402C0; 0x402CC
CranePrefs,0x27A90,sub_27A90,decompile/27A90.c,1,0x27A0C,1,0x402C0
CranePrefs,0x27AE0,sub_27AE0,decompile/27AE0.c,0,,2,0x3FE7C; 0x402CC
CranePrefs,0x27B20,sub_27B20,decompile/27B20.c,0,,2,0x40230; 0x402C0
CranePrefs,0x27B50,-[CRPBackupRestoreController operation:didPauseWithEvent:withParameters:completion:],decompile/27B50.c,1,0x23D78,3,0x3FFC0; 0x402C0; 0x402CC
CranePrefs,0x27C58,sub_27C58,decompile/27C58.c,1,0x27B50,7,0x1D578; 0x3D6CC; 0x401D0; 0x40290; 0x402C0; 0x402CC; 0x402F0
CranePrefs,0x28674,sub_28674,decompile/28674.c,1,0x27C58,3,0x40290; 0x402C0; 0x402CC
CranePrefs,0x286E8,sub_286E8,decompile/286E8.c,1,0x28674,2,0x40290; 0x402F0
CranePrefs,0x2873C,sub_2873C,decompile/2873C.c,1,0x27C58,2,0x40290; 0x402F0
CranePrefs,0x28790,sub_28790,decompile/28790.c,0,,5,0x3D6CC; 0x40290; 0x402C0; 0x402CC; 0x402F0
CranePrefs,0x28800,sub_28800,decompile/28800.c,1,0x27C58,6,0x40230; 0x40278; 0x40290; 0x402C0; 0x402CC; 0x402F0
CranePrefs,0x28940,sub_28940,decompile/28940.c,0,,2,0x3FEA0; 0x40230
CranePrefs,0x28954,sub_28954,decompile/28954.c,0,,0,
CranePrefs,0x28958,sub_28958,decompile/28958.c,1,0x28800,0,
CranePrefs,0x28968,sub_28968,decompile/28968.c,1,0x27C58,1,0x40290
CranePrefs,0x289A0,sub_289A0,decompile/289A0.c,1,0x27C58,3,0x40290; 0x402C0; 0x402CC
CranePrefs,0x28A60,sub_28A60,decompile/28A60.c,1,0x289A0,0,
CranePrefs,0x28A70,sub_28A70,decompile/28A70.c,1,0x27C58,3,0x40290; 0x402C0; 0x402CC
CranePrefs,0x28AE4,sub_28AE4,decompile/28AE4.c,1,0x28A70,2,0x40290; 0x402F0
CranePrefs,0x28B38,sub_28B38,decompile/28B38.c,1,0x27C58,2,0x40290; 0x402F0
CranePrefs,0x28B8C,sub_28B8C,decompile/28B8C.c,0,,2,0x3FE7C; 0x402CC
CranePrefs,0x28BD0,-[CRPBackupRestoreController operationDidFinish:],decompile/28BD0.c,0,,2,0x40290; 0x402CC
CranePrefs,0x28CB0,-[CRPBackupRestoreController .cxx_destruct],decompile/28CB0.c,0,,1,0x40314
CranePrefs,0x28D10,-[CRPRestoreOperation initWithBackupPath:],decompile/28D10.c,2,0x26C08; 0x26E18,4,0x4029C; 0x402C0; 0x402CC; 0x40314
CranePrefs,0x28D90,-[CRPRestoreOperation isMultiContainerBackup],decompile/28D90.c,0,,3,0x40290; 0x402C0; 0x402F0
CranePrefs,0x28DF0,-[CRPRestoreOperation isCancellable],decompile/28DF0.c,0,,0,
CranePrefs,0x28DF8,-[CRPRestoreOperation pauseRestoreWithEvent:withParameters:],decompile/28DF8.c,0,,9,0x27B50; 0x2C108; 0x3FE88; 0x40008; 0x40020; 0x40290; 0x402C0; 0x402CC; 0x402FC
CranePrefs,0x28F54,sub_28F54,decompile/28F54.c,0,,2,0x3FE88; 0x3FEA0
CranePrefs,0x28F6C,sub_28F6C,decompile/28F6C.c,0,,0,
CranePrefs,0x28F70,sub_28F70,decompile/28F70.c,1,0x28DF8,0,
CranePrefs,0x28F80,sub_28F80,decompile/28F80.c,1,0x28DF8,0,
CranePrefs,0x28F88,sub_28F88,decompile/28F88.c,1,0x28DF8,3,0x40014; 0x402CC; 0x40314
CranePrefs,0x28FD0,-[CRPRestoreOperation pauseRestoreWithEvent:],decompile/28FD0.c,0,,0,
CranePrefs,0x28FE0,-[CRPRestoreOperation handleFreeSpaceCheck],decompile/28FE0.c,0,,8,0x7070; 0x2C20C; 0x3D6CC; 0x3FED0; 0x401F4; 0x40290; 0x402C0; 0x402F0
CranePrefs,0x292EC,-[CRPRestoreOperation retrievePasswordIfNeeded],decompile/292EC.c,0,,8,0x28DF8; 0x2C328; 0x2C430; 0x40290; 0x402C0; 0x402CC; 0x402F0; 0x40314
CranePrefs,0x29504,-[CRPRestoreOperation loadBackupInfo],decompile/29504.c,0,,11,0x22664; 0x23358; 0x28D90; 0x2C20C; 0x3D6CC; 0x3FED0; 0x401D0; 0x40290; 0x402C0; 0x402CC; 0x402F0
CranePrefs,0x299A0,sub_299A0,decompile/299A0.c,1,0x29504,8,0x23358; 0x239D4; 0x23BE0; 0x401D0; 0x40290; 0x402C0; 0x402CC; 0x402F0
CranePrefs,0x29A84,-[CRPRestoreOperation determineBackupsToRestore],decompile/29A84.c,0,,10,0x28D90; 0x28DF8; 0x2C09C; 0x2C0C0; 0x2C0D0; 0x2C0E4; 0x3FED0; 0x40290; 0x402C0; 0x402F0
CranePrefs,0x29CAC,-[CRPRestoreOperation handleAppIdentifierCheck],decompile/29CAC.c,0,,8,0x28D90; 0x2C0C0; 0x2C20C; 0x3D6CC; 0x3FED0; 0x40290; 0x402C0; 0x402F0
CranePrefs,0x29F54,-[CRPRestoreOperation extractBackup],decompile/29F54.c,0,,3,0x2CD5C; 0x3FE88; 0x40290
CranePrefs,0x2A034,sub_2A034,decompile/2A034.c,0,,2,0x3FE88; 0x3FEA0
CranePrefs,0x2A04C,sub_2A04C,decompile/2A04C.c,0,,0,
CranePrefs,0x2A050,sub_2A050,decompile/2A050.c,1,0x29F54,1,0x40290
CranePrefs,0x2A0D8,sub_2A0D8,decompile/2A0D8.c,1,0x29F54,4,0x40290; 0x402C0; 0x402CC; 0x402F0
CranePrefs,0x2A17C,-[CRPRestoreOperation pathOfContainerInExtractedBackup:],decompile/2A17C.c,0,,5,0x28D90; 0x40290; 0x402C0; 0x402CC; 0x402F0
CranePrefs,0x2A298,-[CRPRestoreOperation handleGroupIdentifierCheckForBackupContainer:targetContainer:],decompile/2A298.c,0,,10,0x28DF8; 0x2A17C; 0x2C20C; 0x3D6CC; 0x3FE88; 0x3FED0; 0x40290; 0x402C0; 0x402CC; 0x402F0
CranePrefs,0x2A7A8,sub_2A7A8,decompile/2A7A8.c,0,,2,0x3FE88; 0x3FEA0
CranePrefs,0x2A7C8,sub_2A7C8,decompile/2A7C8.c,0,,0,
CranePrefs,0x2A7CC,sub_2A7CC,decompile/2A7CC.c,1,0x2A298,4,0x40290; 0x402C0; 0x402CC; 0x402F0
CranePrefs,0x2A848,-[CRPRestoreOperation restoreMetadataOfContainer:],decompile/2A848.c,0,,8,0x2301C; 0x2A17C; 0x3FED0; 0x4023C; 0x40290; 0x402C0; 0x402CC; 0x402F0
CranePrefs,0x2ADA0,-[CRPRestoreOperation restoreBackupContainer:intoContainer:],decompile/2ADA0.c,0,,6,0x225C4; 0x2A17C; 0x40290; 0x402C0; 0x402CC; 0x402F0
CranePrefs,0x2B228,sub_2B228,decompile/2B228.c,1,0x2ADA0,4,0x40290; 0x402C0; 0x402CC; 0x402F0
CranePrefs,0x2B31C,-[CRPRestoreOperation updatePathsOfContainer:withBackupContainer:],decompile/2B31C.c,0,,5,0x2A17C; 0x40290; 0x402C0; 0x402CC; 0x402F0
CranePrefs,0x2B720,sub_2B720,decompile/2B720.c,1,0x2B31C,4,0x40290; 0x402C0; 0x402CC; 0x402F0
CranePrefs,0x2B858,sub_2B858,decompile/2B858.c,1,0x2B31C,4,0x40290; 0x402C0; 0x402CC; 0x402F0
CranePrefs,0x2B904,-[CRPRestoreOperation handleFinish],decompile/2B904.c,0,,3,0x40290; 0x402C0; 0x402F0
CranePrefs,0x2B9B0,-[CRPRestoreOperation main],decompile/2B9B0.c,0,,24,0x7070; 0x28D90; 0x28FE0; 0x292EC; 0x29504; 0x29A84; 0x29CAC; 0x29F54; 0x2B904; 0x2C0C0; 0x2C0E4; 0x2C13C; 0x2C160; 0x2C180; 0x2C1A0; 0x2C1C4; 0x2C1E8; 0x2C20C; 0x3D6CC; 0x3FED0; 0x401F4; 0x40290; 0x402C0; 0x402F0
CranePrefs,0x2BF14,sub_2BF14,decompile/2BF14.c,1,0x2B9B0,3,0x40290; 0x402C0; 0x402CC
CranePrefs,0x2BF9C,sub_2BF9C,decompile/2BF9C.c,1,0x2B9B0,3,0x40290; 0x402C0; 0x402CC
CranePrefs,0x2C078,-[CRPRestoreOperation backupPath],decompile/2C078.c,0,,0,
CranePrefs,0x2C088,-[CRPRestoreOperation setBackupPath:],decompile/2C088.c,0,,0,
CranePrefs,0x2C09C,-[CRPRestoreOperation containedBackups],decompile/2C09C.c,1,0x29A84,0,
CranePrefs,0x2C0AC,-[CRPRestoreOperation setContainedBackups:],decompile/2C0AC.c,0,,0,
CranePrefs,0x2C0C0,-[CRPRestoreOperation backupsToRestore],decompile/2C0C0.c,3,0x29A84; 0x29CAC; 0x2B9B0,0,
CranePrefs,0x2C0D0,-[CRPRestoreOperation setBackupsToRestore:],decompile/2C0D0.c,1,0x29A84,0,
CranePrefs,0x2C0E4,-[CRPRestoreOperation single_targetContainer],decompile/2C0E4.c,2,0x29A84; 0x2B9B0,0,
CranePrefs,0x2C0F4,-[CRPRestoreOperation setSingle_targetContainer:],decompile/2C0F4.c,1,0x26C08,0,
CranePrefs,0x2C108,-[CRPRestoreOperation handlerDelegate],decompile/2C108.c,1,0x28DF8,0,
CranePrefs,0x2C118,-[CRPRestoreOperation setHandlerDelegate:],decompile/2C118.c,0,,0,
CranePrefs,0x2C12C,-[CRPRestoreOperation status],decompile/2C12C.c,0,,0,
CranePrefs,0x2C13C,-[CRPRestoreOperation setStatus:],decompile/2C13C.c,1,0x2B9B0,0,
CranePrefs,0x2C150,-[CRPRestoreOperation totalSuboperationsCount],decompile/2C150.c,0,,0,
CranePrefs,0x2C160,-[CRPRestoreOperation setTotalSuboperationsCount:],decompile/2C160.c,1,0x2B9B0,0,
CranePrefs,0x2C170,-[CRPRestoreOperation currentSuboperationIndex],decompile/2C170.c,0,,0,
CranePrefs,0x2C180,-[CRPRestoreOperation setCurrentSuboperationIndex:],decompile/2C180.c,1,0x2B9B0,0,
CranePrefs,0x2C190,-[CRPRestoreOperation processedFile],decompile/2C190.c,0,,0,
CranePrefs,0x2C1A0,-[CRPRestoreOperation setProcessedFile:],decompile/2C1A0.c,1,0x2B9B0,0,
CranePrefs,0x2C1B4,-[CRPRestoreOperation processedContainer],decompile/2C1B4.c,0,,0,
CranePrefs,0x2C1C4,-[CRPRestoreOperation setProcessedContainer:],decompile/2C1C4.c,1,0x2B9B0,0,
CranePrefs,0x2C1D8,-[CRPRestoreOperation processedIdentifier],decompile/2C1D8.c,0,,0,
CranePrefs,0x2C1E8,-[CRPRestoreOperation setProcessedIdentifier:],decompile/2C1E8.c,1,0x2B9B0,0,
CranePrefs,0x2C1FC,-[CRPRestoreOperation error],decompile/2C1FC.c,0,,0,
CranePrefs,0x2C20C,-[CRPRestoreOperation setError:],decompile/2C20C.c,5,0x28FE0; 0x29504; 0x29CAC; 0x2A298; 0x2B9B0,0,
CranePrefs,0x2C220,-[CRPRestoreOperation .cxx_destruct],decompile/2C220.c,0,,1,0x40314
CranePrefs,0x2C328,+[SSZipArchive isFilePasswordProtectedAtPath:],decompile/2C328.c,1,0x292EC,12,0x316F8; 0x31864; 0x31B50; 0x31B64; 0x31BCC; 0x31BE0; 0x31EC4; 0x31EDC; 0x40290; 0x402C0; 0x402CC; 0x402D8
CranePrefs,0x2C430,+[SSZipArchive isPasswordValidForArchiveAtPath:password:error:],decompile/2C430.c,1,0x292EC,16,0x316F8; 0x31864; 0x31B50; 0x31B64; 0x31B80; 0x31BCC; 0x31BE0; 0x31EC4; 0x31EDC; 0x3FED0; 0x401F4; 0x40290; 0x402C0; 0x402CC; 0x402D8; 0x402F0
CranePrefs,0x2C828,+[SSZipArchive payloadSizeForArchiveAtPath:error:],decompile/2C828.c,0,,14,0x316F8; 0x31864; 0x31B50; 0x31BCC; 0x31BE0; 0x31EC4; 0x31EDC; 0x3FED0; 0x401F4; 0x40290; 0x402C0; 0x402CC; 0x402D8; 0x402F0
CranePrefs,0x2CB00,+[SSZipArchive unzipFileAtPath:toDestination:],decompile/2CB00.c,0,,3,0x40290; 0x402C0; 0x402CC
CranePrefs,0x2CB60,+[SSZipArchive unzipFileAtPath:toDestination:overwrite:password:error:],decompile/2CB60.c,0,,3,0x40290; 0x402C0; 0x402CC
CranePrefs,0x2CC04,+[SSZipArchive unzipFileAtPath:toDestination:delegate:],decompile/2CC04.c,0,,3,0x40290; 0x402C0; 0x402CC
CranePrefs,0x2CC98,+[SSZipArchive unzipFileAtPath:toDestination:overwrite:password:error:delegate:],decompile/2CC98.c,0,,3,0x40290; 0x402C0; 0x402CC
CranePrefs,0x2CD5C,+[SSZipArchive unzipFileAtPath:toDestination:overwrite:password:progressHandler:completionHandler:],decompile/2CD5C.c,1,0x29F54,3,0x40290; 0x402C0; 0x402CC
CranePrefs,0x2CE34,+[SSZipArchive unzipFileAtPath:toDestination:progressHandler:completionHandler:],decompile/2CE34.c,0,,3,0x40290; 0x402C0; 0x402CC
CranePrefs,0x2CEE8,+[SSZipArchive unzipFileAtPath:toDestination:preserveAttributes:overwrite:password:error:delegate:],decompile/2CEE8.c,0,,3,0x40290; 0x402C0; 0x402CC
CranePrefs,0x2CFB0,+[SSZipArchive unzipFileAtPath:toDestination:preserveAttributes:overwrite:password:error:delegate:progressHandler:completionHandler:],decompile/2CFB0.c,0,,3,0x40290; 0x402C0; 0x402CC
CranePrefs,0x2D0AC,+[SSZipArchive unzipFileAtPath:toDestination:preserveAttributes:overwrite:nestedZipLevel:password:error:delegate:progressHandler:completionHandler:],decompile/2D0AC.c,0,,31,0x309D4; 0x316F8; 0x31864; 0x31918; 0x31B50; 0x31B64; 0x31B80; 0x31BCC; 0x31BE0; 0x31EC4; 0x31EDC; 0x3FE58; 0x3FEAC; 0x3FED0; 0x3FF30; 0x4005C; 0x40074; 0x40080; 0x40098; 0x400D4; 0x40140; 0x401D0; 0x40200; 0x4020C; 0x4023C; 0x40290; 0x402C0; 0x402CC; 0x402D8; 0x402F0; 0x40404
CranePrefs,0x2EBE8,__fileIsSymbolicLink,decompile/2EBE8.c,1,0x22664,0,
CranePrefs,0x2EC14,+[SSZipArchive createZipFileAtPath:withFilesAtPaths:],decompile/2EC14.c,0,,4,0x2ED2C; 0x40290; 0x402C0; 0x402CC
CranePrefs,0x2EC6C,+[SSZipArchive createZipFileAtPath:withContentsOfDirectory:],decompile/2EC6C.c,0,,4,0x2EFC4; 0x40290; 0x402C0; 0x402CC
CranePrefs,0x2ECC4,+[SSZipArchive createZipFileAtPath:withContentsOfDirectory:keepParentDirectory:],decompile/2ECC4.c,0,,4,0x2F040; 0x40290; 0x402C0; 0x402CC
CranePrefs,0x2ED2C,+[SSZipArchive createZipFileAtPath:withFilesAtPaths:withPassword:],decompile/2ED2C.c,1,0x2EC14,3,0x40290; 0x402C0; 0x402CC
CranePrefs,0x2EDA8,+[SSZipArchive createZipFileAtPath:withFilesAtPaths:withPassword:progressHandler:],decompile/2EDA8.c,0,,10,0x30008; 0x30088; 0x30454; 0x30938; 0x3FED0; 0x401D0; 0x4023C; 0x40290; 0x402C0; 0x402CC
CranePrefs,0x2EFC4,+[SSZipArchive createZipFileAtPath:withContentsOfDirectory:withPassword:],decompile/2EFC4.c,1,0x2EC6C,4,0x2F040; 0x40290; 0x402C0; 0x402CC
CranePrefs,0x2F040,+[SSZipArchive createZipFileAtPath:withContentsOfDirectory:keepParentDirectory:withPassword:],decompile/2F040.c,2,0x2ECC4; 0x2EFC4,4,0x2F0C4; 0x40290; 0x402C0; 0x402CC
CranePrefs,0x2F0C4,+[SSZipArchive createZipFileAtPath:withContentsOfDirectory:keepParentDirectory:withPassword:andProgressHandler:],decompile/2F0C4.c,1,0x2F040,3,0x40290; 0x402C0; 0x402CC
CranePrefs,0x2F178,+[SSZipArchive createZipFileAtPath:withContentsOfDirectory:keepParentDirectory:compressionLevel:password:AES:progressHandler:],decompile/2F178.c,0,,13,0x30008; 0x30088; 0x301D8; 0x30534; 0x30938; 0x3FE58; 0x3FED0; 0x401D0; 0x4023C; 0x40290; 0x402C0; 0x402CC; 0x402F0
CranePrefs,0x2F608,+[SSZipArchive createZipFileAtPath:withFilesAtPaths:withPassword:keepSymlinks:],decompile/2F608.c,0,,14,0x2ED2C; 0x2FD40; 0x30008; 0x30088; 0x30454; 0x30938; 0x339D0; 0x3FED0; 0x401D0; 0x4023C; 0x40290; 0x402C0; 0x402CC; 0x402D8
CranePrefs,0x2F84C,+[SSZipArchive createZipFileAtPath:withContentsOfDirectory:keepParentDirectory:compressionLevel:password:AES:progressHandler:keepSymlinks:],decompile/2F84C.c,0,,15,0x2F178; 0x2FD40; 0x30008; 0x30088; 0x301D8; 0x30938; 0x339D0; 0x3FED0; 0x401D0; 0x4023C; 0x40290; 0x402C0; 0x402CC; 0x402D8; 0x402F0
CranePrefs,0x2FD40,-[SSZipArchive writeSymlinkFileAtPath:withFileName:compressionLevel:password:AES:],decompile/2FD40.c,2,0x2F608; 0x2F84C,15,0x30B18; 0x3143C; 0x31570; 0x315F4; 0x33894; 0x33A48; 0x3AA44; 0x3FE58; 0x3FED0; 0x40290; 0x402C0; 0x402CC; 0x402D8; 0x402F0; 0x403D4
CranePrefs,0x2FFF8,-[SSZipArchive init],decompile/2FFF8.c,0,,1,0x40248
CranePrefs,0x30008,-[SSZipArchive initWithPath:],decompile/30008.c,6,0x25A8C; 0x2EDA8; 0x2F178; 0x2F608; 0x2F84C; 0x2FFF8,5,0x2FFF8; 0x40290; 0x4029C; 0x402C0; 0x402CC
CranePrefs,0x30088,-[SSZipArchive open],decompile/30088.c,5,0x25A8C; 0x2EDA8; 0x2F178; 0x2F608; 0x2F84C,4,0x31264; 0x40290; 0x402C0; 0x402F0
CranePrefs,0x30130,-[SSZipArchive openForAppending],decompile/30130.c,0,,4,0x31264; 0x40290; 0x402C0; 0x402F0
CranePrefs,0x301D8,-[SSZipArchive writeFolderAtPath:withFolderName:withPassword:],decompile/301D8.c,2,0x2F178; 0x2F84C,8,0x30350; 0x30B18; 0x31570; 0x315F4; 0x40290; 0x402C0; 0x402CC; 0x402F0
CranePrefs,0x30350,__zipOpenEntry,decompile/30350.c,3,0x301D8; 0x30534; 0x307C4,5,0x3143C; 0x40290; 0x402C0; 0x402CC; 0x402D8
CranePrefs,0x30454,-[SSZipArchive writeFile:withPassword:],decompile/30454.c,2,0x2EDA8; 0x2F608,4,0x304B4; 0x40290; 0x402C0; 0x402CC
CranePrefs,0x304B4,-[SSZipArchive writeFileAtPath:withFileName:withPassword:],decompile/304B4.c,1,0x30454,4,0x30534; 0x40290; 0x402C0; 0x402CC
CranePrefs,0x30534,-[SSZipArchive writeFileAtPath:withFileName:compressionLevel:password:AES:],decompile/30534.c,3,0x2F178; 0x2F84C; 0x304B4,16,0x30350; 0x30B18; 0x31570; 0x315F4; 0x4005C; 0x40068; 0x40074; 0x40080; 0x4008C; 0x40098; 0x40140; 0x40290; 0x402C0; 0x402CC; 0x402D8; 0x402F0
CranePrefs,0x30744,-[SSZipArchive writeData:filename:withPassword:],decompile/30744.c,0,,4,0x307C4; 0x40290; 0x402C0; 0x402CC
CranePrefs,0x307C4,-[SSZipArchive writeData:filename:compressionLevel:password:AES:],decompile/307C4.c,3,0x24CF8; 0x257AC; 0x30744,9,0x30350; 0x30C8C; 0x31570; 0x315F4; 0x40290; 0x402C0; 0x402CC; 0x402D8; 0x402F0
CranePrefs,0x30938,-[SSZipArchive close],decompile/30938.c,5,0x25A74; 0x2EDA8; 0x2F178; 0x2F608; 0x2F84C,4,0x3161C; 0x40290; 0x402C0; 0x402F0
CranePrefs,0x309D4,+[SSZipArchive _filenameStringWithCString:version_made_by:general_purpose_flag:size:],decompile/309D4.c,2,0x22664; 0x2D0AC,6,0x30FEC; 0x3FE40; 0x40290; 0x402C0; 0x402CC; 0x402F0
CranePrefs,0x30B18,+[SSZipArchive zipInfo:setAttributesOfItemAtPath:],decompile/30B18.c,3,0x2FD40; 0x301D8; 0x30534,4,0x40290; 0x402C0; 0x402CC; 0x402F0
CranePrefs,0x30C8C,+[SSZipArchive zipInfo:setDate:],decompile/30C8C.c,1,0x307C4,6,0x30DB0; 0x3AEA0; 0x40290; 0x402C0; 0x402CC; 0x402F0
CranePrefs,0x30DB0,+[SSZipArchive _gregorian],decompile/30DB0.c,1,0x30C8C,1,0x3FFD8
CranePrefs,0x30DF0,sub_30DF0,decompile/30DF0.c,0,,2,0x401D0; 0x40290
CranePrefs,0x30E34,+[SSZipArchive _dateWithMSDOSFormat:],decompile/30E34.c,0,,4,0x401D0; 0x40290; 0x402C0; 0x402F0
CranePrefs,0x30F3C,-[SSZipArchive .cxx_destruct],decompile/30F3C.c,0,,0,
CranePrefs,0x30F48,-[NSData _base64RFC4648],decompile/30F48.c,0,,3,0x40290; 0x402C0; 0x402F0
CranePrefs,0x30FEC,-[NSData _hexString],decompile/30FEC.c,1,0x309D4,4,0x40140; 0x401D0; 0x40290; 0x402D8
CranePrefs,0x310E0,-[NSString _sanitizedPath],decompile/310E0.c,0,,3,0x40290; 0x402C0; 0x402F0
CranePrefs,0x31264,_zipOpen,decompile/31264.c,2,0x30088; 0x30130,2,0x312F0; 0x356E4
CranePrefs,0x312A8,_zipOpen2,decompile/312A8.c,0,,0,
CranePrefs,0x312AC,_zipOpen64,decompile/312AC.c,0,,2,0x312F0; 0x356E4
CranePrefs,0x312F0,_zipOpen2_64,decompile/312F0.c,3,0x31264; 0x312A8; 0x312AC,5,0x3139C; 0x33AFC; 0x347C4; 0x347E0; 0x35674
CranePrefs,0x3139C,_zipOpen_MZ,decompile/3139C.c,1,0x312F0,5,0x371C4; 0x37238; 0x37268; 0x38064; 0x40140
CranePrefs,0x3143C,_zipOpenNewFileInZip5,decompile/3143C.c,2,0x2FD40; 0x30350,3,0x38F10; 0x3ADCC; 0x3AEA0
CranePrefs,0x31570,_zipWriteInFileInZip,decompile/31570.c,4,0x2FD40; 0x301D8; 0x30534; 0x307C4,1,0x39C48
CranePrefs,0x315C8,_zipCloseFileInZipRaw,decompile/315C8.c,0,,0,
CranePrefs,0x315E0,_zipCloseFileInZipRaw64,decompile/315E0.c,0,,0,
CranePrefs,0x315F4,_zipCloseFileInZip,decompile/315F4.c,4,0x2FD40; 0x301D8; 0x30534; 0x307C4,0,
CranePrefs,0x31608,_zipCloseFileInZip64,decompile/31608.c,0,,0,
CranePrefs,0x3161C,_zipClose,decompile/3161C.c,1,0x30938,0,
CranePrefs,0x31624,_zipClose_64,decompile/31624.c,0,,0,
CranePrefs,0x3162C,_zipClose2_64,decompile/3162C.c,2,0x3161C; 0x31624,4,0x31684; 0x346E4; 0x347E0; 0x40098
CranePrefs,0x31684,_zipClose2_MZ,decompile/31684.c,2,0x3162C; 0x316E4,4,0x37238; 0x37C24; 0x38090; 0x38150
CranePrefs,0x316E4,_zipClose_MZ,decompile/316E4.c,0,,0,
CranePrefs,0x316EC,_zipGetStream,decompile/316EC.c,0,,0,
CranePrefs,0x316F8,_unzOpen,decompile/316F8.c,5,0x22664; 0x2C328; 0x2C430; 0x2C828; 0x2D0AC,2,0x3176C; 0x356E4
CranePrefs,0x31730,_unzOpen64,decompile/31730.c,0,,2,0x3176C; 0x356E4
CranePrefs,0x31768,_unzOpen2,decompile/31768.c,0,,0,
CranePrefs,0x3176C,_unzOpen2_64,decompile/3176C.c,3,0x316F8; 0x31730; 0x31768,5,0x317E4; 0x33AFC; 0x347C4; 0x347E0; 0x35674
CranePrefs,0x317E4,_unzOpen_MZ,decompile/317E4.c,1,0x3176C,5,0x371C4; 0x37238; 0x37268; 0x3A7CC; 0x40140
CranePrefs,0x31864,_unzClose,decompile/31864.c,5,0x22664; 0x2C328; 0x2C430; 0x2C828; 0x2D0AC,5,0x346E4; 0x347E0; 0x37238; 0x37C24; 0x40098
CranePrefs,0x318D8,_unzClose_MZ,decompile/318D8.c,0,,2,0x37238; 0x37C24
CranePrefs,0x31918,_unzGetGlobalInfo,decompile/31918.c,1,0x2D0AC,1,0x31974
CranePrefs,0x31974,_unzGetGlobalInfo64,decompile/31974.c,1,0x31918,4,0x38064; 0x38234; 0x38270; 0x403D4
CranePrefs,0x319F0,_unzGetGlobalComment,decompile/319F0.c,0,,2,0x38064; 0x403EC
CranePrefs,0x31A58,_unzOpenCurrentFile3,decompile/31A58.c,3,0x31B50; 0x31B64; 0x31B78,4,0x3419C; 0x381A4; 0x38290; 0x3A69C
CranePrefs,0x31B50,_unzOpenCurrentFile,decompile/31B50.c,5,0x22664; 0x2C328; 0x2C430; 0x2C828; 0x2D0AC,0,
CranePrefs,0x31B64,_unzOpenCurrentFilePassword,decompile/31B64.c,4,0x22664; 0x2C328; 0x2C430; 0x2D0AC,0,
CranePrefs,0x31B78,_unzOpenCurrentFile2,decompile/31B78.c,0,,0,
CranePrefs,0x31B80,_unzReadCurrentFile,decompile/31B80.c,3,0x22664; 0x2C430; 0x2D0AC,1,0x39BD0
CranePrefs,0x31BCC,_unzCloseCurrentFile,decompile/31BCC.c,5,0x22664; 0x2C328; 0x2C430; 0x2C828; 0x2D0AC,0,
CranePrefs,0x31BE0,_unzGetCurrentFileInfo,decompile/31BE0.c,5,0x22664; 0x2C328; 0x2C430; 0x2C828; 0x2D0AC,3,0x392C0; 0x3A69C; 0x40158
CranePrefs,0x31D54,_unzGetCurrentFileInfo64,decompile/31D54.c,0,,3,0x392C0; 0x3A69C; 0x40158
CranePrefs,0x31EC4,_unzGoToFirstFile,decompile/31EC4.c,4,0x2C328; 0x2C430; 0x2C828; 0x2D0AC,0,
CranePrefs,0x31EDC,_unzGoToNextFile,decompile/31EDC.c,5,0x22664; 0x2C328; 0x2C430; 0x2C828; 0x2D0AC,1,0x3A7E4
CranePrefs,0x31F20,_unzLocateFile,decompile/31F20.c,1,0x22664,4,0x3A69C; 0x3A7CC; 0x3A7E4; 0x403BC
CranePrefs,0x31FC8,_unzGetFilePos,decompile/31FC8.c,0,,1,0x3A718
CranePrefs,0x32010,_unzGetOffset,decompile/32010.c,0,,1,0x3A718
CranePrefs,0x32034,_unzGoToFilePos,decompile/32034.c,0,,1,0x3A72C
CranePrefs,0x32074,_unzGoToFilePos64,decompile/32074.c,0,,1,0x3A72C
CranePrefs,0x320B8,_unzGetFilePos64,decompile/320B8.c,0,,1,0x3A718
CranePrefs,0x32100,_unzGetOffset64,decompile/32100.c,0,,0,
CranePrefs,0x32114,_unzSetOffset,decompile/32114.c,0,,0,
CranePrefs,0x3212C,_unzSetOffset64,decompile/3212C.c,0,,0,
CranePrefs,0x32140,_unzGetLocalExtrafield,decompile/32140.c,0,,2,0x3A6C8; 0x40158
CranePrefs,0x321BC,_unztell,decompile/321BC.c,0,,0,
CranePrefs,0x321D0,_unzTell,decompile/321D0.c,0,,0,
CranePrefs,0x321E4,_unzTell64,decompile/321E4.c,0,,0,
CranePrefs,0x321F8,_unzSeek,decompile/321F8.c,0,,0,
CranePrefs,0x32200,_unzSeek64,decompile/32200.c,1,0x321F8,3,0x34204; 0x381A4; 0x3A69C
CranePrefs,0x322C8,_unzEndOfFile,decompile/322C8.c,0,,1,0x3A69C
CranePrefs,0x32320,_unzGetStream,decompile/32320.c,0,,0,
CranePrefs,0x3232C,_fill_fopen_filefunc,decompile/3232C.c,0,,1,0x356E4
CranePrefs,0x32354,_fill_fopen64_filefunc,decompile/32354.c,0,,1,0x356E4
CranePrefs,0x3237C,_fill_win32_filefunc,decompile/3237C.c,0,,1,0x356E4
CranePrefs,0x323A4,_fill_win32_filefunc64,decompile/323A4.c,0,,1,0x356E4
CranePrefs,0x323CC,_fill_win32_filefunc64A,decompile/323CC.c,0,,1,0x356E4
CranePrefs,0x323F4,_fill_win32_filefunc64W,decompile/323F4.c,0,,1,0x356E4
CranePrefs,0x3241C,_fill_memory_filefunc,decompile/3241C.c,0,,1,0x35418
CranePrefs,0x32444,_mz_crypt_crc32_update,decompile/32444.c,4,0x334E8; 0x35998; 0x39BD0; 0x39C48,1,0x3FF90
CranePrefs,0x3245C,_mz_crypt_pbkdf2,decompile/3245C.c,1,0x3652C,9,0x32BE4; 0x32C78; 0x32CA8; 0x32CF4; 0x32CFC; 0x32D30; 0x32DA4; 0x3FED0; 0x3FF30
CranePrefs,0x326F4,_mz_crypt_rand,decompile/326F4.c,2,0x356F0; 0x3652C,1,0x3FE70
CranePrefs,0x32730,_mz_crypt_sha_reset,decompile/32730.c,0,,0,
CranePrefs,0x32738,_mz_crypt_sha_begin,decompile/32738.c,2,0x3B5C4; 0x3C4E4,2,0x3FDD4; 0x3FDF8
CranePrefs,0x327A8,_mz_crypt_sha_update,decompile/327A8.c,2,0x3B70C; 0x3C608,2,0x3FDE0; 0x3FE04
CranePrefs,0x3281C,_mz_crypt_sha_end,decompile/3281C.c,2,0x3B760; 0x3C65C,2,0x3FDC8; 0x3FDEC
CranePrefs,0x328A8,_mz_crypt_sha_set_algorithm,decompile/328A8.c,2,0x3B5C4; 0x3C4E4,0,
CranePrefs,0x328B0,_mz_crypt_sha_create,decompile/328B0.c,2,0x3B5C4; 0x3C4E4,1,0x40140
CranePrefs,0x32908,_mz_crypt_sha_delete,decompile/32908.c,2,0x3B760; 0x3C65C,1,0x40098
CranePrefs,0x32938,_mz_crypt_aes_reset,decompile/32938.c,1,0x3652C,1,0x3FD8C
CranePrefs,0x32964,_mz_crypt_aes_encrypt,decompile/32964.c,1,0x3683C,1,0x3FD98
CranePrefs,0x329CC,_mz_crypt_aes_decrypt,decompile/329CC.c,0,,1,0x3FD98
CranePrefs,0x32A34,_mz_crypt_aes_set_encrypt_key,decompile/32A34.c,1,0x3652C,2,0x3FD80; 0x3FD8C
CranePrefs,0x32AB0,_mz_crypt_aes_set_decrypt_key,decompile/32AB0.c,0,,2,0x3FD80; 0x3FD8C
CranePrefs,0x32B2C,_mz_crypt_aes_set_mode,decompile/32B2C.c,1,0x3652C,0,
CranePrefs,0x32B34,_mz_crypt_aes_create,decompile/32B34.c,1,0x36BC8,1,0x40140
CranePrefs,0x32B68,_mz_crypt_aes_delete,decompile/32B68.c,1,0x36C50,2,0x3FD8C; 0x40098
CranePrefs,0x32BA8,_mz_crypt_hmac_reset,decompile/32BA8.c,1,0x3652C,0,
CranePrefs,0x32BE4,_mz_crypt_hmac_init,decompile/32BE4.c,2,0x3245C; 0x3652C,1,0x3FDB0
CranePrefs,0x32C78,_mz_crypt_hmac_update,decompile/32C78.c,3,0x3245C; 0x367B0; 0x3691C,1,0x3FDBC
CranePrefs,0x32CA8,_mz_crypt_hmac_end,decompile/32CA8.c,2,0x3245C; 0x36A0C,1,0x3FDA4
CranePrefs,0x32CF4,_mz_crypt_hmac_set_algorithm,decompile/32CF4.c,2,0x3245C; 0x3652C,0,
CranePrefs,0x32CFC,_mz_crypt_hmac_copy,decompile/32CFC.c,1,0x3245C,1,0x40158
CranePrefs,0x32D30,_mz_crypt_hmac_create,decompile/32D30.c,2,0x3245C; 0x36BC8,1,0x40140
CranePrefs,0x32DA4,_mz_crypt_hmac_delete,decompile/32DA4.c,2,0x3245C; 0x36C50,1,0x40098
CranePrefs,0x32E08,_mz_path_combine,decompile/32E08.c,2,0x3C068; 0x3D0DC,4,0x32EA4; 0x3FEF4; 0x403D4; 0x403EC
CranePrefs,0x32EA4,_mz_path_append_slash,decompile/32EA4.c,1,0x32E08,1,0x403D4
CranePrefs,0x32F30,_mz_path_remove_slash,decompile/32F30.c,3,0x33424; 0x33784; 0x3BD4C,1,0x403D4
CranePrefs,0x32F8C,_mz_path_has_slash,decompile/32F8C.c,0,,1,0x403D4
CranePrefs,0x32FD8,_mz_path_convert_slashes,decompile/32FD8.c,1,0x3BD4C,1,0x403D4
CranePrefs,0x33040,_mz_path_compare_wc,decompile/33040.c,3,0x33040; 0x3B81C; 0x3D0DC,2,0x33040; 0x3FF00
CranePrefs,0x33130,_mz_path_resolve,decompile/33130.c,1,0x3C068,0,
CranePrefs,0x332E0,_mz_path_remove_filename,decompile/332E0.c,3,0x3BD4C; 0x3C854; 0x3D0DC,1,0x403D4
CranePrefs,0x33354,_mz_path_remove_extension,decompile/33354.c,0,,1,0x403D4
CranePrefs,0x333D0,_mz_path_get_filename,decompile/333D0.c,2,0x3CEB0; 0x3D0DC,0,
CranePrefs,0x33424,_mz_dir_make,decompile/33424.c,2,0x3BD4C; 0x3C854,6,0x32F30; 0x33910; 0x40098; 0x40140; 0x403C8; 0x403D4
CranePrefs,0x334E8,_mz_file_get_crc,decompile/334E8.c,0,,7,0x32444; 0x35424; 0x35520; 0x3562C; 0x35674; 0x356B4; 0x3FED0
CranePrefs,0x335C0,_mz_os_utf8_string_create,decompile/335C0.c,1,0x3C068,3,0x40140; 0x403D4; 0x403EC
CranePrefs,0x33604,_mz_os_utf8_string_delete,decompile/33604.c,1,0x3C068,1,0x40098
CranePrefs,0x33630,_mz_os_rand,decompile/33630.c,0,,3,0x40350; 0x4038C; 0x40410
CranePrefs,0x336A8,_mz_os_rename,decompile/336A8.c,0,,1,0x40374
CranePrefs,0x336C8,_mz_os_unlink,decompile/336C8.c,1,0x3BD4C,1,0x4041C
CranePrefs,0x336E8,_mz_os_file_exists,decompile/336E8.c,3,0x36374; 0x3BD4C; 0x3C854,1,0x403A4
CranePrefs,0x3372C,_mz_os_get_file_size,decompile/3372C.c,2,0x3CEB0; 0x3D504,1,0x403A4
CranePrefs,0x33784,_mz_os_get_file_date,decompile/33784.c,1,0x3CEB0,7,0x32F30; 0x40098; 0x40140; 0x403A4; 0x403BC; 0x403D4; 0x403EC
CranePrefs,0x33864,_mz_os_set_file_date,decompile/33864.c,1,0x3BD4C,1,0x40428
CranePrefs,0x33894,_mz_os_get_file_attribs,decompile/33894.c,2,0x2FD40; 0x3CEB0,1,0x4011C
CranePrefs,0x338EC,_mz_os_set_file_attribs,decompile/338EC.c,1,0x3BD4C,1,0x3FF3C
CranePrefs,0x33910,_mz_os_make_dir,decompile/33910.c,1,0x33424,2,0x3FEAC; 0x401AC
CranePrefs,0x33948,_mz_os_open_dir,decompile/33948.c,1,0x3D0DC,0,
CranePrefs,0x3394C,_mz_os_read_dir,decompile/3394C.c,1,0x3D0DC,0,
CranePrefs,0x33958,_mz_os_close_dir,decompile/33958.c,1,0x3D0DC,1,0x3FF84
CranePrefs,0x33984,_mz_os_is_dir,decompile/33984.c,3,0x3BD4C; 0x3CEB0; 0x3D0DC,1,0x403A4
CranePrefs,0x339D0,_mz_os_is_symlink,decompile/339D0.c,4,0x2F608; 0x2F84C; 0x3CEB0; 0x3D0DC,1,0x4011C
CranePrefs,0x33A1C,_mz_os_make_symlink,decompile/33A1C.c,1,0x3BD4C,1,0x40404
CranePrefs,0x33A48,_mz_os_read_symlink,decompile/33A48.c,2,0x2FD40; 0x3CEB0,1,0x40368
CranePrefs,0x33A8C,_mz_os_ms_time,decompile/33A8C.c,2,0x3BC18; 0x3CC40,4,0x3FF78; 0x400E0; 0x40128; 0x40134
CranePrefs,0x33AFC,_mz_stream_open,decompile/33AFC.c,7,0x312F0; 0x3176C; 0x349F8; 0x36374; 0x38CB0; 0x3B2C4; 0x3C854,0,
CranePrefs,0x33B1C,_mz_stream_is_open,decompile/33B1C.c,6,0x34A20; 0x356F0; 0x35E4C; 0x36204; 0x3652C; 0x37268,0,
CranePrefs,0x33B3C,_mz_stream_read,decompile/33B3C.c,20,0x33C04; 0x33EE0; 0x33FAC; 0x340B0; 0x34298; 0x34480; 0x34850; 0x34A28; 0x356F0; 0x35A40; 0x35EE8; 0x3652C; 0x367B0; 0x36A0C; 0x36D98; 0x37268; 0x3840C; 0x39BD0; 0x3B9E4; 0x3CEB0,0,
CranePrefs,0x33BC0,_mz_stream_read_uint8,decompile/33BC0.c,1,0x3840C,1,0x33C04
CranePrefs,0x33C04,sub_33C04,decompile/33C04.c,5,0x33BC0; 0x33CEC; 0x33D30; 0x33D74; 0x33D7C,2,0x33B3C; 0x3FED0
CranePrefs,0x33CEC,_mz_stream_read_uint16,decompile/33CEC.c,7,0x37268; 0x3840C; 0x392E8; 0x3AC00; 0x3ACAC; 0x3B920; 0x3B9E4,1,0x33C04
CranePrefs,0x33D30,_mz_stream_read_uint32,decompile/33D30.c,4,0x36374; 0x37268; 0x3840C; 0x39EB4,1,0x33C04
CranePrefs,0x33D74,_mz_stream_read_int64,decompile/33D74.c,3,0x37268; 0x3840C; 0x39EB4,0,
CranePrefs,0x33D7C,_mz_stream_read_uint64,decompile/33D7C.c,3,0x37268; 0x3840C; 0x3B120,0,
CranePrefs,0x33D84,_mz_stream_write,decompile/33D84.c,21,0x33E1C; 0x33EE0; 0x33FAC; 0x340B0; 0x348AC; 0x34B9C; 0x356F0; 0x35AE8; 0x35FB4; 0x3652C; 0x3691C; 0x36A0C; 0x36EF4; 0x36FE8; 0x37C24; 0x3840C; 0x38F10; 0x392E8; 0x39C48; 0x3BD4C; 0x3C65C,0,
CranePrefs,0x33E14,_mz_stream_write_uint8,decompile/33E14.c,3,0x3840C; 0x38F10; 0x392E8,0,
CranePrefs,0x33E1C,sub_33E1C,decompile/33E1C.c,5,0x33E14; 0x33EBC; 0x33EC4; 0x33ED0; 0x33ED8,3,0x33D84; 0x3FED0; 0x40170
CranePrefs,0x33EBC,_mz_stream_write_uint16,decompile/33EBC.c,4,0x37C24; 0x392E8; 0x3ACF8; 0x3C65C,0,
CranePrefs,0x33EC4,_mz_stream_write_uint32,decompile/33EC4.c,5,0x36374; 0x37C24; 0x392E8; 0x3A39C; 0x3A450,0,
CranePrefs,0x33ED0,_mz_stream_write_int64,decompile/33ED0.c,3,0x37C24; 0x392E8; 0x3A39C,0,
CranePrefs,0x33ED8,_mz_stream_write_uint64,decompile/33ED8.c,4,0x37C24; 0x392E8; 0x3A030; 0x3C350,0,
CranePrefs,0x33EE0,_mz_stream_copy,decompile/33EE0.c,6,0x37268; 0x37C24; 0x3840C; 0x392E8; 0x3B338; 0x3CA78,3,0x33B3C; 0x33D84; 0x3FED0
CranePrefs,0x33FAC,_mz_stream_copy_stream,decompile/33FAC.c,2,0x3B120; 0x3C350,1,0x3FED0
CranePrefs,0x340A0,_mz_stream_copy_to_end,decompile/340A0.c,0,,0,
CranePrefs,0x340B0,_mz_stream_copy_stream_to_end,decompile/340B0.c,1,0x340A0,1,0x3FED0
CranePrefs,0x3419C,_mz_stream_tell,decompile/3419C.c,17,0x31A58; 0x34298; 0x34480; 0x348EC; 0x34EE8; 0x35BE4; 0x35FB4; 0x36100; 0x3613C; 0x36374; 0x369FC; 0x37268; 0x37C24; 0x3840C; 0x38F10; 0x3A030; 0x3C350,0,
CranePrefs,0x34204,_mz_stream_seek,decompile/34204.c,24,0x32200; 0x34298; 0x34480; 0x348F4; 0x34C30; 0x34DBC; 0x35BEC; 0x3613C; 0x36374; 0x36A04; 0x37268; 0x37C24; 0x38290; 0x3836C; 0x3840C; 0x38F10; 0x392E8; 0x39CB0; 0x3A030; 0x3A75C; 0x3AC00; 0x3B120; 0x3B9E4; 0x3C350,0,
CranePrefs,0x34298,_mz_stream_find,decompile/34298.c,1,0x37268,6,0x33B3C; 0x3419C; 0x34204; 0x3FEB8; 0x3FED0; 0x4014C
CranePrefs,0x34480,_mz_stream_find_reverse,decompile/34480.c,1,0x37268,6,0x33B3C; 0x3419C; 0x34204; 0x3FED0; 0x4014C; 0x40164
CranePrefs,0x346E4,_mz_stream_close,decompile/346E4.c,9,0x3162C; 0x31864; 0x34F60; 0x36204; 0x37C24; 0x39CB0; 0x3A030; 0x3BD4C; 0x3CEB0,0,
CranePrefs,0x3474C,_mz_stream_error,decompile/3474C.c,2,0x34FB4; 0x36240,0,
CranePrefs,0x3476C,_mz_stream_set_base,decompile/3476C.c,4,0x38CB0; 0x3A030; 0x3B2C4; 0x3C854,0,
CranePrefs,0x34778,_mz_stream_get_interface,decompile/34778.c,0,,0,
CranePrefs,0x34784,_mz_stream_get_prop_int64,decompile/34784.c,7,0x37268; 0x37C24; 0x3836C; 0x38CB0; 0x38F10; 0x39CB0; 0x3A030,0,
CranePrefs,0x347A4,_mz_stream_set_prop_int64,decompile/347A4.c,6,0x37268; 0x37C24; 0x3836C; 0x38CB0; 0x3A030; 0x3A75C,0,
CranePrefs,0x347C4,_mz_stream_create,decompile/347C4.c,2,0x312F0; 0x3176C,0,
CranePrefs,0x347E0,_mz_stream_delete,decompile/347E0.c,8,0x312F0; 0x3162C; 0x3176C; 0x31864; 0x37C24; 0x39FE8; 0x3BD4C; 0x3CEB0,0,
CranePrefs,0x34824,_mz_stream_raw_open,decompile/34824.c,0,,0,
CranePrefs,0x3482C,_mz_stream_raw_is_open,decompile/3482C.c,0,,0,
CranePrefs,0x34850,_mz_stream_raw_read,decompile/34850.c,0,,1,0x33B3C
CranePrefs,0x348AC,_mz_stream_raw_write,decompile/348AC.c,0,,1,0x33D84
CranePrefs,0x348EC,_mz_stream_raw_tell,decompile/348EC.c,0,,0,
CranePrefs,0x348F4,_mz_stream_raw_seek,decompile/348F4.c,0,,0,
CranePrefs,0x348FC,_mz_stream_raw_close,decompile/348FC.c,0,,0,
CranePrefs,0x34904,_mz_stream_raw_error,decompile/34904.c,0,,0,
CranePrefs,0x34928,_mz_stream_raw_get_prop_int64,decompile/34928.c,0,,0,
CranePrefs,0x34960,_mz_stream_raw_set_prop_int64,decompile/34960.c,0,,0,
CranePrefs,0x34980,_mz_stream_raw_create,decompile/34980.c,1,0x38CB0,1,0x40140
CranePrefs,0x349C8,_mz_stream_raw_delete,decompile/349C8.c,0,,1,0x40098
CranePrefs,0x349F8,_mz_stream_buffered_open,decompile/349F8.c,0,,0,
CranePrefs,0x34A20,_mz_stream_buffered_is_open,decompile/34A20.c,0,,0,
CranePrefs,0x34A28,_mz_stream_buffered_read,decompile/34A28.c,0,,4,0x33B3C; 0x34B9C; 0x34C30; 0x40158
CranePrefs,0x34B9C,sub_34B9C,decompile/34B9C.c,4,0x34A28; 0x34C30; 0x34DBC; 0x34F60,1,0x33D84
CranePrefs,0x34C30,_mz_stream_buffered_seek,decompile/34C30.c,1,0x34A28,2,0x34204; 0x34B9C
CranePrefs,0x34DBC,_mz_stream_buffered_write,decompile/34DBC.c,0,,3,0x34204; 0x34B9C; 0x40158
CranePrefs,0x34EE8,_mz_stream_buffered_tell,decompile/34EE8.c,0,,1,0x3419C
CranePrefs,0x34F60,_mz_stream_buffered_close,decompile/34F60.c,0,,1,0x34B9C
CranePrefs,0x34FB4,_mz_stream_buffered_error,decompile/34FB4.c,0,,0,
CranePrefs,0x34FBC,_mz_stream_buffered_create,decompile/34FBC.c,2,0x3B2C4; 0x3C854,2,0x3FF30; 0x40140
CranePrefs,0x35014,_mz_stream_buffered_delete,decompile/35014.c,2,0x3B08C; 0x3C9B8,1,0x40098
CranePrefs,0x35044,_mz_stream_buffered_get_interface,decompile/35044.c,0,,0,
CranePrefs,0x35050,_mz_stream_mem_open,decompile/35050.c,9,0x37268; 0x3B120; 0x3B338; 0x3B45C; 0x3BF6C; 0x3C350; 0x3C65C; 0x3CA78; 0x3CDF8,0,
CranePrefs,0x35074,sub_35074,decompile/35074.c,3,0x35050; 0x3516C; 0x35220,3,0x40098; 0x40140; 0x40158
CranePrefs,0x350DC,_mz_stream_mem_is_open,decompile/350DC.c,1,0x3B120,0,
CranePrefs,0x350F0,_mz_stream_mem_read,decompile/350F0.c,1,0x3CDF8,1,0x40158
CranePrefs,0x3516C,_mz_stream_mem_write,decompile/3516C.c,3,0x3B45C; 0x3BF6C; 0x3C65C,2,0x35074; 0x40158
CranePrefs,0x35218,_mz_stream_mem_tell,decompile/35218.c,0,,0,
CranePrefs,0x35220,_mz_stream_mem_seek,decompile/35220.c,2,0x392E8; 0x3B45C,1,0x35074
CranePrefs,0x352A0,_mz_stream_mem_close,decompile/352A0.c,3,0x37C24; 0x3B08C; 0x3C9B8,0,
CranePrefs,0x352A8,_mz_stream_mem_error,decompile/352A8.c,0,,0,
CranePrefs,0x352B0,_mz_stream_mem_set_buffer,decompile/352B0.c,8,0x392E8; 0x39E28; 0x3B120; 0x3B45C; 0x3B920; 0x3B9E4; 0x3BF6C; 0x3CDF8,0,
CranePrefs,0x352BC,_mz_stream_mem_get_buffer,decompile/352BC.c,3,0x3840C; 0x3C350; 0x3C65C,0,
CranePrefs,0x352E4,_mz_stream_mem_get_buffer_at,decompile/352E4.c,2,0x3840C; 0x38F10,0,
CranePrefs,0x35320,_mz_stream_mem_get_buffer_at_current,decompile/35320.c,0,,0,
CranePrefs,0x35364,_mz_stream_mem_get_buffer_length,decompile/35364.c,2,0x3C350; 0x3C65C,0,
CranePrefs,0x35370,_mz_stream_mem_set_buffer_limit,decompile/35370.c,2,0x37268; 0x3C350,0,
CranePrefs,0x35378,_mz_stream_mem_set_grow_size,decompile/35378.c,3,0x3B338; 0x3B45C; 0x3CA78,0,
CranePrefs,0x35380,_mz_stream_mem_create,decompile/35380.c,13,0x37268; 0x392E8; 0x39E28; 0x3B120; 0x3B338; 0x3B45C; 0x3B920; 0x3B9E4; 0x3BF6C; 0x3C350; 0x3C65C; 0x3CA78; 0x3CDF8,1,0x40140
CranePrefs,0x353D0,_mz_stream_mem_delete,decompile/353D0.c,13,0x37268; 0x37C24; 0x392E8; 0x39E28; 0x3B08C; 0x3B120; 0x3B920; 0x3B9E4; 0x3BF6C; 0x3C350; 0x3C65C; 0x3C9B8; 0x3CDF8,1,0x40098
CranePrefs,0x35418,_mz_stream_mem_get_interface,decompile/35418.c,1,0x3241C,0,
CranePrefs,0x35424,_mz_stream_os_open,decompile/35424.c,6,0x334E8; 0x3B338; 0x3BD4C; 0x3CA78; 0x3CEB0; 0x3D504,2,0x3FEAC; 0x40080
CranePrefs,0x354CC,_mz_stream_os_seek,decompile/354CC.c,3,0x35424; 0x3B338; 0x3CA78,2,0x3FEAC; 0x400B0
CranePrefs,0x3550C,_mz_stream_os_is_open,decompile/3550C.c,0,,0,
CranePrefs,0x35520,_mz_stream_os_read,decompile/35520.c,2,0x334E8; 0x3D504,3,0x3FEAC; 0x40074; 0x4008C
CranePrefs,0x35588,_mz_stream_os_write,decompile/35588.c,0,,3,0x3FEAC; 0x40074; 0x400D4
CranePrefs,0x355F0,_mz_stream_os_tell,decompile/355F0.c,2,0x3B338; 0x3CA78,2,0x3FEAC; 0x400C8
CranePrefs,0x3562C,_mz_stream_os_close,decompile/3562C.c,4,0x334E8; 0x3B338; 0x3CA78; 0x3D504,2,0x3FEAC; 0x4005C
CranePrefs,0x3566C,_mz_stream_os_error,decompile/3566C.c,0,,0,
CranePrefs,0x35674,_mz_stream_os_create,decompile/35674.c,10,0x312F0; 0x3176C; 0x334E8; 0x3B2C4; 0x3B338; 0x3BD4C; 0x3C854; 0x3CA78; 0x3CEB0; 0x3D504,1,0x40140
CranePrefs,0x356B4,_mz_stream_os_delete,decompile/356B4.c,6,0x334E8; 0x3B08C; 0x3B338; 0x3C9B8; 0x3CA78; 0x3D504,1,0x40098
CranePrefs,0x356E4,_mz_stream_os_get_interface,decompile/356E4.c,10,0x31264; 0x312AC; 0x316F8; 0x31730; 0x3232C; 0x32354; 0x3237C; 0x323A4; 0x323CC; 0x323F4,0,
CranePrefs,0x356F0,_mz_stream_pkcrypt_open,decompile/356F0.c,0,,6,0x326F4; 0x33B1C; 0x33B3C; 0x33D84; 0x35998; 0x3FED0
CranePrefs,0x35998,sub_35998,decompile/35998.c,3,0x356F0; 0x35A40; 0x35AE8,1,0x32444
CranePrefs,0x35A2C,_mz_stream_pkcrypt_is_open,decompile/35A2C.c,0,,0,
CranePrefs,0x35A40,_mz_stream_pkcrypt_read,decompile/35A40.c,0,,2,0x33B3C; 0x35998
CranePrefs,0x35AE8,_mz_stream_pkcrypt_write,decompile/35AE8.c,0,,2,0x33D84; 0x35998
CranePrefs,0x35BE4,_mz_stream_pkcrypt_tell,decompile/35BE4.c,0,,0,
CranePrefs,0x35BEC,_mz_stream_pkcrypt_seek,decompile/35BEC.c,0,,0,
CranePrefs,0x35BF4,_mz_stream_pkcrypt_close,decompile/35BF4.c,0,,0,
CranePrefs,0x35C00,_mz_stream_pkcrypt_error,decompile/35C00.c,0,,0,
CranePrefs,0x35C08,_mz_stream_pkcrypt_set_password,decompile/35C08.c,1,0x38CB0,0,
CranePrefs,0x35C18,_mz_stream_pkcrypt_set_verify,decompile/35C18.c,1,0x38CB0,0,
CranePrefs,0x35C30,_mz_stream_pkcrypt_get_verify,decompile/35C30.c,0,,0,
CranePrefs,0x35C50,_mz_stream_pkcrypt_get_prop_int64,decompile/35C50.c,0,,0,
CranePrefs,0x35CB4,_mz_stream_pkcrypt_set_prop_int64,decompile/35CB4.c,0,,0,
CranePrefs,0x35CDC,_mz_stream_pkcrypt_create,decompile/35CDC.c,1,0x38CB0,2,0x3FF30; 0x40140
CranePrefs,0x35D34,_mz_stream_pkcrypt_delete,decompile/35D34.c,0,,1,0x40098
CranePrefs,0x35D64,_mz_stream_pkcrypt_get_interface,decompile/35D64.c,0,,0,
CranePrefs,0x35D70,_mz_stream_split_open,decompile/35D70.c,0,,4,0x40098; 0x40140; 0x403D4; 0x403EC
CranePrefs,0x35E4C,sub_35E4C,decompile/35E4C.c,5,0x35D70; 0x35EE8; 0x35FB4; 0x36100; 0x3613C,3,0x33B1C; 0x36204; 0x36374
CranePrefs,0x35ED4,_mz_stream_split_is_open,decompile/35ED4.c,0,,0,
CranePrefs,0x35EE8,_mz_stream_split_read,decompile/35EE8.c,0,,2,0x33B3C; 0x35E4C
CranePrefs,0x35FB4,_mz_stream_split_write,decompile/35FB4.c,0,,3,0x33D84; 0x3419C; 0x35E4C
CranePrefs,0x36100,_mz_stream_split_tell,decompile/36100.c,0,,1,0x35E4C
CranePrefs,0x3613C,_mz_stream_split_seek,decompile/3613C.c,0,,2,0x3419C; 0x35E4C
CranePrefs,0x361E0,_mz_stream_split_close,decompile/361E0.c,2,0x3B08C; 0x3C9B8,1,0x36204
CranePrefs,0x36204,sub_36204,decompile/36204.c,2,0x35E4C; 0x361E0,1,0x33B1C
CranePrefs,0x36240,_mz_stream_split_error,decompile/36240.c,0,,0,
CranePrefs,0x36248,_mz_stream_split_get_prop_int64,decompile/36248.c,0,,0,
CranePrefs,0x36288,_mz_stream_split_set_prop_int64,decompile/36288.c,1,0x3C854,0,
CranePrefs,0x362BC,_mz_stream_split_create,decompile/362BC.c,2,0x3B2C4; 0x3C854,1,0x40140
CranePrefs,0x3631C,_mz_stream_split_delete,decompile/3631C.c,2,0x3B08C; 0x3C9B8,1,0x40098
CranePrefs,0x36368,_mz_stream_split_get_interface,decompile/36368.c,0,,0,
CranePrefs,0x36374,sub_36374,decompile/36374.c,1,0x35E4C,9,0x336E8; 0x33AFC; 0x33D30; 0x33EC4; 0x3419C; 0x34204; 0x3FEC4; 0x403D4; 0x403EC
CranePrefs,0x3652C,_mz_stream_wzaes_open,decompile/3652C.c,0,,13,0x3245C; 0x326F4; 0x32938; 0x32A34; 0x32B2C; 0x32BA8; 0x32BE4; 0x32CF4; 0x33B1C; 0x33B3C; 0x33D84; 0x3FED0; 0x403D4
CranePrefs,0x3679C,_mz_stream_wzaes_is_open,decompile/3679C.c,0,,0,
CranePrefs,0x367B0,_mz_stream_wzaes_read,decompile/367B0.c,0,,3,0x32C78; 0x33B3C; 0x3683C
CranePrefs,0x3683C,sub_3683C,decompile/3683C.c,2,0x367B0; 0x3691C,1,0x32964
CranePrefs,0x3691C,_mz_stream_wzaes_write,decompile/3691C.c,0,,4,0x32C78; 0x33D84; 0x3683C; 0x40158
CranePrefs,0x369FC,_mz_stream_wzaes_tell,decompile/369FC.c,0,,0,
CranePrefs,0x36A04,_mz_stream_wzaes_seek,decompile/36A04.c,0,,0,
CranePrefs,0x36A0C,_mz_stream_wzaes_close,decompile/36A0C.c,0,,5,0x32CA8; 0x33B3C; 0x33D84; 0x3FED0; 0x4014C
CranePrefs,0x36B08,_mz_stream_wzaes_error,decompile/36B08.c,0,,0,
CranePrefs,0x36B10,_mz_stream_wzaes_set_password,decompile/36B10.c,1,0x38CB0,0,
CranePrefs,0x36B20,_mz_stream_wzaes_set_encryption_mode,decompile/36B20.c,1,0x38CB0,0,
CranePrefs,0x36B30,_mz_stream_wzaes_get_prop_int64,decompile/36B30.c,0,,0,
CranePrefs,0x36BA0,_mz_stream_wzaes_set_prop_int64,decompile/36BA0.c,0,,0,
CranePrefs,0x36BC8,_mz_stream_wzaes_create,decompile/36BC8.c,1,0x38CB0,4,0x32B34; 0x32D30; 0x3FF30; 0x40140
CranePrefs,0x36C50,_mz_stream_wzaes_delete,decompile/36C50.c,0,,3,0x32B68; 0x32DA4; 0x40098
CranePrefs,0x36CA4,_mz_stream_wzaes_get_interface,decompile/36CA4.c,0,,0,
CranePrefs,0x36CB0,_mz_stream_zlib_open,decompile/36CB0.c,0,,2,0x3FFB4; 0x40104
CranePrefs,0x36D80,_mz_stream_zlib_is_open,decompile/36D80.c,0,,0,
CranePrefs,0x36D98,_mz_stream_zlib_read,decompile/36D98.c,0,,2,0x33B3C; 0x400EC
CranePrefs,0x36EAC,_mz_stream_zlib_write,decompile/36EAC.c,0,,1,0x36EF4
CranePrefs,0x36EF4,sub_36EF4,decompile/36EF4.c,2,0x36EAC; 0x36FE8,2,0x33D84; 0x3FF9C
CranePrefs,0x36FD8,_mz_stream_zlib_tell,decompile/36FD8.c,0,,0,
CranePrefs,0x36FE0,_mz_stream_zlib_seek,decompile/36FE0.c,0,,0,
CranePrefs,0x36FE8,_mz_stream_zlib_close,decompile/36FE8.c,0,,4,0x33D84; 0x36EF4; 0x3FFA8; 0x400F8
CranePrefs,0x37060,_mz_stream_zlib_error,decompile/37060.c,0,,0,
CranePrefs,0x3706C,_mz_stream_zlib_get_prop_int64,decompile/3706C.c,0,,0,
CranePrefs,0x370CC,_mz_stream_zlib_set_prop_int64,decompile/370CC.c,0,,0,
CranePrefs,0x37118,_mz_stream_zlib_create,decompile/37118.c,1,0x38CB0,2,0x3FF30; 0x40140
CranePrefs,0x37188,_mz_stream_zlib_delete,decompile/37188.c,0,,1,0x40098
CranePrefs,0x371B8,_mz_stream_zlib_get_interface,decompile/371B8.c,0,,0,
CranePrefs,0x371C4,_mz_zip_create,decompile/371C4.c,4,0x3139C; 0x317E4; 0x3B014; 0x3C800,1,0x40140
CranePrefs,0x37238,_mz_zip_delete,decompile/37238.c,7,0x3139C; 0x31684; 0x317E4; 0x31864; 0x318D8; 0x3B08C; 0x3C9B8,1,0x40098
CranePrefs,0x37268,_mz_zip_open,decompile/37268.c,4,0x3139C; 0x317E4; 0x3B014; 0x3C800,23,0x33B1C; 0x33B3C; 0x33CEC; 0x33D30; 0x33D74; 0x33D7C; 0x33EE0; 0x3419C; 0x34204; 0x34298; 0x34480; 0x34784; 0x347A4; 0x35050; 0x35370; 0x35380; 0x353D0; 0x37C24; 0x3840C; 0x392E8; 0x39E28; 0x39EB4; 0x40140
CranePrefs,0x37C24,_mz_zip_close,decompile/37C24.c,6,0x31684; 0x31864; 0x318D8; 0x37268; 0x3B08C; 0x3C9B8,17,0x33D84; 0x33EBC; 0x33EC4; 0x33ED0; 0x33ED8; 0x33EE0; 0x3419C; 0x34204; 0x346E4; 0x34784; 0x347A4; 0x347E0; 0x352A0; 0x353D0; 0x3A4F0; 0x40098; 0x403D4
CranePrefs,0x38038,_mz_zip_entry_is_open,decompile/38038.c,8,0x3B50C; 0x3B5C4; 0x3B830; 0x3B8B0; 0x3BAE4; 0x3BB4C; 0x3CBA0; 0x3D338,0,
CranePrefs,0x38058,_mz_zip_entry_close,decompile/38058.c,6,0x315F4; 0x31608; 0x31BCC; 0x3B760; 0x3C65C; 0x3D338,0,
CranePrefs,0x38064,_mz_zip_get_comment,decompile/38064.c,4,0x3139C; 0x31974; 0x319F0; 0x3C204,0,
CranePrefs,0x38090,_mz_zip_set_comment,decompile/38090.c,2,0x31684; 0x3C9B8,5,0x3FF30; 0x40098; 0x40140; 0x403D4; 0x403EC
CranePrefs,0x38130,_mz_zip_get_version_madeby,decompile/38130.c,0,,0,
CranePrefs,0x38150,_mz_zip_set_version_madeby,decompile/38150.c,2,0x31684; 0x3C9B8,0,
CranePrefs,0x3816C,_mz_zip_set_recover,decompile/3816C.c,1,0x3B014,0,
CranePrefs,0x38188,_mz_zip_set_data_descriptor,decompile/38188.c,0,,0,
CranePrefs,0x381A4,_mz_zip_get_stream,decompile/381A4.c,2,0x31A58; 0x32200,0,
CranePrefs,0x381CC,_mz_zip_set_cd_stream,decompile/381CC.c,1,0x3B120,0,
CranePrefs,0x381F0,_mz_zip_get_cd_mem_stream,decompile/381F0.c,2,0x3B120; 0x3C350,0,
CranePrefs,0x38218,_mz_zip_set_number_entry,decompile/38218.c,1,0x3B120,0,
CranePrefs,0x38234,_mz_zip_get_number_entry,decompile/38234.c,2,0x31974; 0x3C350,0,
CranePrefs,0x38254,_mz_zip_set_disk_number_with_cd,decompile/38254.c,0,,0,
CranePrefs,0x38270,_mz_zip_get_disk_number_with_cd,decompile/38270.c,1,0x31974,0,
CranePrefs,0x38290,_mz_zip_entry_read_open,decompile/38290.c,3,0x31A58; 0x3B5C4; 0x3D338,3,0x34204; 0x3836C; 0x3840C
CranePrefs,0x3836C,_mz_zip_entry_seek_local_header,decompile/3836C.c,3,0x38290; 0x39CB0; 0x3A030,3,0x34204; 0x34784; 0x347A4
CranePrefs,0x3840C,sub_3840C,decompile/3840C.c,3,0x37268; 0x38290; 0x3A75C,16,0x33B3C; 0x33BC0; 0x33CEC; 0x33D30; 0x33D74; 0x33D7C; 0x33D84; 0x33E14; 0x33EE0; 0x3419C; 0x34204; 0x352BC; 0x352E4; 0x3ADCC; 0x40098; 0x40140
CranePrefs,0x38CB0,sub_38CB0,decompile/38CB0.c,2,0x38290; 0x38F10,13,0x33AFC; 0x3476C; 0x34784; 0x347A4; 0x34980; 0x35C08; 0x35C18; 0x35CDC; 0x36B10; 0x36B20; 0x36BC8; 0x37118; 0x39FE8
CranePrefs,0x38F10,_mz_zip_entry_write_open,decompile/38F10.c,2,0x3143C; 0x3C4E4,13,0x33D84; 0x33E14; 0x3419C; 0x34204; 0x34784; 0x352E4; 0x38CB0; 0x39230; 0x392E8; 0x3A4F0; 0x3AE28; 0x3AEA0; 0x403D4
CranePrefs,0x39230,_mz_zip_attrib_is_dir,decompile/39230.c,7,0x38F10; 0x392E8; 0x3A2AC; 0x3A52C; 0x3C4E4; 0x3CD68; 0x3D338,0,
CranePrefs,0x392C0,_mz_zip_time_t_to_dos_date,decompile/392C0.c,2,0x31BE0; 0x31D54,2,0x3AE28; 0x3AEA0
CranePrefs,0x392E8,sub_392E8,decompile/392E8.c,3,0x37268; 0x38F10; 0x3A030,21,0x33CEC; 0x33D84; 0x33E14; 0x33EBC; 0x33EC4; 0x33ED0; 0x33ED8; 0x33EE0; 0x34204; 0x35220; 0x352B0; 0x35380; 0x353D0; 0x39230; 0x3A2AC; 0x3A450; 0x3AE28; 0x3AEA0; 0x3FEC4; 0x3FED0; 0x403D4
CranePrefs,0x39BD0,_mz_zip_entry_read,decompile/39BD0.c,3,0x31B80; 0x3B70C; 0x3D338,2,0x32444; 0x33B3C
CranePrefs,0x39C48,_mz_zip_entry_write,decompile/39C48.c,2,0x31570; 0x3C608,2,0x32444; 0x33D84
CranePrefs,0x39CB0,_mz_zip_entry_read_close,decompile/39CB0.c,2,0x3A4F0; 0x3D338,7,0x34204; 0x346E4; 0x34784; 0x3836C; 0x39E28; 0x39EB4; 0x39FE8
CranePrefs,0x39E28,_mz_zip_extrafield_contains,decompile/39E28.c,3,0x37268; 0x39CB0; 0x3BAE4,4,0x352B0; 0x35380; 0x353D0; 0x3AC00
CranePrefs,0x39EB4,sub_39EB4,decompile/39EB4.c,2,0x37268; 0x39CB0,2,0x33D30; 0x33D74
CranePrefs,0x39FE8,sub_39FE8,decompile/39FE8.c,3,0x38CB0; 0x39CB0; 0x3A030,1,0x347E0
CranePrefs,0x3A030,_mz_zip_entry_write_close,decompile/3A030.c,2,0x3A4F0; 0x3D338,14,0x33ED8; 0x3419C; 0x34204; 0x346E4; 0x3476C; 0x34784; 0x347A4; 0x3836C; 0x392E8; 0x39FE8; 0x3A2AC; 0x3A39C; 0x3A450; 0x403D4
CranePrefs,0x3A2AC,sub_3A2AC,decompile/3A2AC.c,2,0x392E8; 0x3A030,1,0x39230
CranePrefs,0x3A39C,sub_3A39C,decompile/3A39C.c,1,0x3A030,2,0x33EC4; 0x33ED0
CranePrefs,0x3A450,sub_3A450,decompile/3A450.c,2,0x392E8; 0x3A030,1,0x33EC4
CranePrefs,0x3A4F0,_mz_zip_entry_close_raw,decompile/3A4F0.c,6,0x315C8; 0x315E0; 0x37C24; 0x38058; 0x38F10; 0x3C65C,0,
CranePrefs,0x3A52C,_mz_zip_entry_is_dir,decompile/3A52C.c,2,0x3BB34; 0x3BD4C,2,0x39230; 0x403D4
CranePrefs,0x3A5AC,_mz_zip_entry_is_symlink,decompile/3A5AC.c,1,0x3BD4C,1,0x3A60C
CranePrefs,0x3A60C,_mz_zip_attrib_is_symlink,decompile/3A60C.c,1,0x3A5AC,0,
CranePrefs,0x3A69C,_mz_zip_entry_get_info,decompile/3A69C.c,9,0x31A58; 0x31BE0; 0x31D54; 0x31F20; 0x32200; 0x322C8; 0x3B50C; 0x3B830; 0x3B8B0,0,
CranePrefs,0x3A6C8,_mz_zip_entry_get_local_info,decompile/3A6C8.c,1,0x32140,0,
CranePrefs,0x3A6F0,_mz_zip_entry_set_extrafield,decompile/3A6F0.c,1,0x3C65C,0,
CranePrefs,0x3A718,_mz_zip_get_entry,decompile/3A718.c,4,0x31FC8; 0x32010; 0x320B8; 0x32100,0,
CranePrefs,0x3A72C,_mz_zip_goto_entry,decompile/3A72C.c,4,0x32034; 0x32074; 0x32114; 0x3212C,0,
CranePrefs,0x3A75C,sub_3A75C,decompile/3A75C.c,5,0x3A72C; 0x3A7CC; 0x3A7E4; 0x3A818; 0x3A980,3,0x34204; 0x347A4; 0x3840C
CranePrefs,0x3A7CC,_mz_zip_goto_first_entry,decompile/3A7CC.c,4,0x317E4; 0x31EC4; 0x31F20; 0x3B50C,0,
CranePrefs,0x3A7E4,_mz_zip_goto_next_entry,decompile/3A7E4.c,5,0x31EDC; 0x31F20; 0x3A818; 0x3A9F4; 0x3B830,0,
CranePrefs,0x3A818,_mz_zip_locate_entry,decompile/3A818.c,1,0x3B8B0,3,0x3A75C; 0x3A7E4; 0x3A8A4
CranePrefs,0x3A8A4,_mz_zip_path_compare,decompile/3A8A4.c,1,0x3A818,1,0x3FF00
CranePrefs,0x3A980,_mz_zip_locate_first_entry,decompile/3A980.c,1,0x3B50C,1,0x3A75C
CranePrefs,0x3A9F4,_mz_zip_locate_next_entry,decompile/3A9F4.c,2,0x3A980; 0x3B830,1,0x3A7E4
CranePrefs,0x3AA44,_mz_zip_attrib_convert,decompile/3AA44.c,3,0x2FD40; 0x3BD4C; 0x3CEB0,0,
CranePrefs,0x3AB54,_mz_zip_attrib_win32_to_posix,decompile/3AB54.c,0,,0,
CranePrefs,0x3ABA4,_mz_zip_attrib_posix_to_win32,decompile/3ABA4.c,1,0x3AA44,0,
CranePrefs,0x3AC00,_mz_zip_extrafield_find,decompile/3AC00.c,4,0x39E28; 0x3B120; 0x3B920; 0x3B9E4,2,0x33CEC; 0x34204
CranePrefs,0x3ACAC,_mz_zip_extrafield_read,decompile/3ACAC.c,0,,1,0x33CEC
CranePrefs,0x3ACF8,_mz_zip_extrafield_write,decompile/3ACF8.c,2,0x3C350; 0x3C65C,1,0x33EBC
CranePrefs,0x3AD34,_mz_zip_dosdate_to_tm,decompile/3AD34.c,0,,0,
CranePrefs,0x3ADCC,_mz_zip_dosdate_to_time_t,decompile/3ADCC.c,2,0x3143C; 0x3840C,1,0x401B8
CranePrefs,0x3AE28,_mz_zip_time_t_to_tm,decompile/3AE28.c,3,0x38F10; 0x392C0; 0x392E8,1,0x40110
CranePrefs,0x3AEA0,_mz_zip_tm_to_dosdate,decompile/3AEA0.c,5,0x30C8C; 0x3143C; 0x38F10; 0x392C0; 0x392E8,0,
CranePrefs,0x3AF24,_mz_zip_ntfs_to_unix_time,decompile/3AF24.c,0,,0,
CranePrefs,0x3AF5C,_mz_zip_unix_to_ntfs_time,decompile/3AF5C.c,0,,0,
CranePrefs,0x3AF84,_mz_zip_get_compression_method_string,decompile/3AF84.c,0,,0,
CranePrefs,0x3AFF8,_mz_zip_reader_is_open,decompile/3AFF8.c,0,,0,
CranePrefs,0x3B014,_mz_zip_reader_open,decompile/3B014.c,3,0x3B2C4; 0x3B338; 0x3B45C,5,0x371C4; 0x37268; 0x3816C; 0x3B08C; 0x3B120
CranePrefs,0x3B08C,_mz_zip_reader_close,decompile/3B08C.c,5,0x3B014; 0x3B2C4; 0x3B338; 0x3B45C; 0x3C314,8,0x35014; 0x352A0; 0x353D0; 0x356B4; 0x361E0; 0x3631C; 0x37238; 0x37C24
CranePrefs,0x3B120,_mz_zip_reader_unzip_cd,decompile/3B120.c,1,0x3B014,15,0x33D7C; 0x33FAC; 0x34204; 0x35050; 0x350DC; 0x352B0; 0x35380; 0x353D0; 0x381CC; 0x381F0; 0x38218; 0x3AC00; 0x3B50C; 0x3B5C4; 0x403BC
CranePrefs,0x3B2C4,_mz_zip_reader_open_file,decompile/3B2C4.c,0,,6,0x33AFC; 0x3476C; 0x34FBC; 0x35674; 0x362BC; 0x3B08C
CranePrefs,0x3B338,_mz_zip_reader_open_file_in_memory,decompile/3B338.c,0,,12,0x33EE0; 0x35050; 0x35378; 0x35380; 0x35424; 0x354CC; 0x355F0; 0x3562C; 0x35674; 0x356B4; 0x3B014; 0x3B08C
CranePrefs,0x3B45C,_mz_zip_reader_open_buffer,decompile/3B45C.c,0,,7,0x35050; 0x3516C; 0x35220; 0x352B0; 0x35378; 0x35380; 0x3B08C
CranePrefs,0x3B50C,_mz_zip_reader_goto_first_entry,decompile/3B50C.c,2,0x3B120; 0x3C068,4,0x38038; 0x3A7CC; 0x3A980; 0x3B760
CranePrefs,0x3B58C,_mz_zip_reader_entry_get_info,decompile/3B58C.c,0,,0,
CranePrefs,0x3B5C4,_mz_zip_reader_entry_open,decompile/3B5C4.c,2,0x3B120; 0x3BB4C,7,0x32738; 0x328A8; 0x328B0; 0x38038; 0x38290; 0x3B920; 0x3FED0
CranePrefs,0x3B70C,_mz_zip_reader_entry_read,decompile/3B70C.c,2,0x3B120; 0x3BB4C,2,0x327A8; 0x39BD0
CranePrefs,0x3B760,_mz_zip_reader_entry_close,decompile/3B760.c,4,0x3B50C; 0x3B830; 0x3B8B0; 0x3BB4C,6,0x3281C; 0x32908; 0x38058; 0x3B9E4; 0x3FED0; 0x4014C
CranePrefs,0x3B81C,sub_3B81C,decompile/3B81C.c,2,0x3B50C; 0x3B830,0,
CranePrefs,0x3B830,_mz_zip_reader_goto_next_entry,decompile/3B830.c,1,0x3C068,4,0x38038; 0x3A7E4; 0x3A9F4; 0x3B760
CranePrefs,0x3B8B0,_mz_zip_reader_locate_entry,decompile/3B8B0.c,0,,3,0x38038; 0x3A818; 0x3B760
CranePrefs,0x3B920,_mz_zip_reader_entry_get_first_hash,decompile/3B920.c,1,0x3B5C4,5,0x33CEC; 0x352B0; 0x35380; 0x353D0; 0x3AC00
CranePrefs,0x3B9E4,_mz_zip_reader_entry_get_hash,decompile/3B9E4.c,1,0x3B760,7,0x33B3C; 0x33CEC; 0x34204; 0x352B0; 0x35380; 0x353D0; 0x3AC00
CranePrefs,0x3BAE4,_mz_zip_reader_entry_has_sign,decompile/3BAE4.c,0,,1,0x38038
CranePrefs,0x3BB34,_mz_zip_reader_entry_is_dir,decompile/3BB34.c,0,,0,
CranePrefs,0x3BB4C,_mz_zip_reader_entry_save_process,decompile/3BB4C.c,1,0x3BC18,4,0x38038; 0x3B5C4; 0x3B70C; 0x3B760
CranePrefs,0x3BC18,_mz_zip_reader_entry_save,decompile/3BC18.c,2,0x3BD4C; 0x3BF6C,2,0x33A8C; 0x3BB4C
CranePrefs,0x3BD4C,_mz_zip_reader_entry_save_file,decompile/3BD4C.c,1,0x3C068,20,0x32F30; 0x32FD8; 0x332E0; 0x33424; 0x336C8; 0x336E8; 0x33864; 0x338EC; 0x33984; 0x33A1C; 0x346E4; 0x347E0; 0x35424; 0x35674; 0x3A52C; 0x3A5AC; 0x3AA44; 0x3BC18; 0x3FED0; 0x403EC
CranePrefs,0x3BF6C,_mz_zip_reader_entry_save_buffer,decompile/3BF6C.c,0,,5,0x35050; 0x352B0; 0x35380; 0x353D0; 0x3BC18
CranePrefs,0x3C034,_mz_zip_reader_entry_save_buffer_length,decompile/3C034.c,0,,0,
CranePrefs,0x3C068,_mz_zip_reader_save_all,decompile/3C068.c,0,,9,0x32E08; 0x33130; 0x335C0; 0x33604; 0x3B50C; 0x3B830; 0x3BD4C; 0x3FED0; 0x403EC
CranePrefs,0x3C1A0,_mz_zip_reader_set_pattern,decompile/3C1A0.c,0,,0,
CranePrefs,0x3C1AC,_mz_zip_reader_set_password,decompile/3C1AC.c,0,,0,
CranePrefs,0x3C1B4,_mz_zip_reader_set_raw,decompile/3C1B4.c,0,,0,
CranePrefs,0x3C1BC,_mz_zip_reader_get_raw,decompile/3C1BC.c,0,,0,
CranePrefs,0x3C1DC,_mz_zip_reader_get_zip_cd,decompile/3C1DC.c,0,,0,
CranePrefs,0x3C204,_mz_zip_reader_get_comment,decompile/3C204.c,0,,0,
CranePrefs,0x3C220,_mz_zip_reader_set_recover,decompile/3C220.c,0,,0,
CranePrefs,0x3C244,_mz_zip_reader_set_encoding,decompile/3C244.c,0,,0,
CranePrefs,0x3C254,_mz_zip_reader_set_sign_required,decompile/3C254.c,0,,0,
CranePrefs,0x3C264,_mz_zip_reader_set_overwrite_cb,decompile/3C264.c,0,,0,
CranePrefs,0x3C26C,_mz_zip_reader_set_password_cb,decompile/3C26C.c,0,,0,
CranePrefs,0x3C274,_mz_zip_reader_set_progress_cb,decompile/3C274.c,0,,0,
CranePrefs,0x3C27C,_mz_zip_reader_set_progress_interval,decompile/3C27C.c,0,,0,
CranePrefs,0x3C284,_mz_zip_reader_set_entry_cb,decompile/3C284.c,0,,0,
CranePrefs,0x3C28C,_mz_zip_reader_get_zip_handle,decompile/3C28C.c,0,,0,
CranePrefs,0x3C2B0,_mz_zip_reader_create,decompile/3C2B0.c,0,,2,0x3FF30; 0x40140
CranePrefs,0x3C314,_mz_zip_reader_delete,decompile/3C314.c,0,,2,0x3B08C; 0x40098
CranePrefs,0x3C350,_mz_zip_writer_zip_cd,decompile/3C350.c,1,0x3C9B8,16,0x33ED8; 0x33FAC; 0x3419C; 0x34204; 0x35050; 0x352BC; 0x35364; 0x35370; 0x35380; 0x353D0; 0x381F0; 0x38234; 0x3ACF8; 0x3C4E4; 0x3C65C; 0x40410
CranePrefs,0x3C4E4,_mz_zip_writer_entry_open,decompile/3C4E4.c,3,0x3C350; 0x3CD68; 0x3D338,6,0x32738; 0x328A8; 0x328B0; 0x38F10; 0x39230; 0x3FED0
CranePrefs,0x3C608,_mz_zip_writer_entry_write,decompile/3C608.c,2,0x3C350; 0x3CBA0,2,0x327A8; 0x39C48
CranePrefs,0x3C65C,_mz_zip_writer_entry_close,decompile/3C65C.c,2,0x3C350; 0x3CD68,15,0x3281C; 0x32908; 0x33D84; 0x33EBC; 0x35050; 0x3516C; 0x352BC; 0x35364; 0x35380; 0x353D0; 0x38058; 0x3A4F0; 0x3A6F0; 0x3ACF8; 0x3FED0
CranePrefs,0x3C7D0,_mz_zip_writer_is_open,decompile/3C7D0.c,0,,0,
CranePrefs,0x3C7EC,_mz_zip_writer_open,decompile/3C7EC.c,0,,0,
CranePrefs,0x3C800,sub_3C800,decompile/3C800.c,3,0x3C7EC; 0x3C854; 0x3CA78,3,0x371C4; 0x37268; 0x3C9B8
CranePrefs,0x3C854,_mz_zip_writer_open_file,decompile/3C854.c,0,,15,0x332E0; 0x33424; 0x336E8; 0x33AFC; 0x3476C; 0x34FBC; 0x35674; 0x36288; 0x362BC; 0x3C800; 0x3C9B8; 0x3FED0; 0x403B0; 0x403EC; 0x403F8
CranePrefs,0x3C9B8,_mz_zip_writer_close,decompile/3C9B8.c,4,0x3C800; 0x3C854; 0x3CA78; 0x3D684,11,0x35014; 0x352A0; 0x353D0; 0x356B4; 0x361E0; 0x3631C; 0x37238; 0x37C24; 0x38090; 0x38150; 0x3C350
CranePrefs,0x3CA78,_mz_zip_writer_open_file_in_memory,decompile/3CA78.c,0,,12,0x33EE0; 0x35050; 0x35378; 0x35380; 0x35424; 0x354CC; 0x355F0; 0x3562C; 0x35674; 0x356B4; 0x3C800; 0x3C9B8
CranePrefs,0x3CBA0,_mz_zip_writer_add_process,decompile/3CBA0.c,1,0x3CC40,2,0x38038; 0x3C608
CranePrefs,0x3CC40,_mz_zip_writer_add,decompile/3CC40.c,2,0x3CD68; 0x3D338,2,0x33A8C; 0x3CBA0
CranePrefs,0x3CD68,_mz_zip_writer_add_info,decompile/3CD68.c,2,0x3CDF8; 0x3CEB0,3,0x39230; 0x3C4E4; 0x3CC40
CranePrefs,0x3CDF8,_mz_zip_writer_add_buffer,decompile/3CDF8.c,0,,5,0x35050; 0x352B0; 0x35380; 0x353D0; 0x3CD68
CranePrefs,0x3CEB0,_mz_zip_writer_add_file,decompile/3CEB0.c,1,0x3D0DC,14,0x333D0; 0x3372C; 0x33784; 0x33894; 0x33984; 0x339D0; 0x33A48; 0x346E4; 0x347E0; 0x35424; 0x35674; 0x3AA44; 0x3CD68; 0x3FED0
CranePrefs,0x3D0DC,_mz_zip_writer_add_path,decompile/3D0DC.c,1,0x3D0DC,16,0x32E08; 0x33040; 0x332E0; 0x333D0; 0x33948; 0x3394C; 0x33958; 0x33984; 0x339D0; 0x3CEB0; 0x3D0DC; 0x3FED0; 0x403BC; 0x403D4; 0x403EC; 0x403F8
CranePrefs,0x3D338,_mz_zip_writer_copy_from_reader,decompile/3D338.c,0,,8,0x38038; 0x38058; 0x38290; 0x39230; 0x39CB0; 0x3A030; 0x3C4E4; 0x3CC40
CranePrefs,0x3D478,_mz_zip_writer_get_zip_handle,decompile/3D478.c,0,,0,
CranePrefs,0x3D49C,_mz_zip_writer_set_password,decompile/3D49C.c,0,,0,
CranePrefs,0x3D4A4,_mz_zip_writer_set_comment,decompile/3D4A4.c,0,,0,
CranePrefs,0x3D4AC,_mz_zip_writer_set_raw,decompile/3D4AC.c,0,,0,
CranePrefs,0x3D4B4,_mz_zip_writer_get_raw,decompile/3D4B4.c,0,,0,
CranePrefs,0x3D4D4,_mz_zip_writer_set_aes,decompile/3D4D4.c,0,,0,
CranePrefs,0x3D4DC,_mz_zip_writer_set_compress_method,decompile/3D4DC.c,0,,0,
CranePrefs,0x3D4E4,_mz_zip_writer_set_compress_level,decompile/3D4E4.c,0,,0,
CranePrefs,0x3D4EC,_mz_zip_writer_set_follow_links,decompile/3D4EC.c,0,,0,
CranePrefs,0x3D4F4,_mz_zip_writer_set_store_links,decompile/3D4F4.c,0,,0,
CranePrefs,0x3D4FC,_mz_zip_writer_set_zip_cd,decompile/3D4FC.c,0,,0,
CranePrefs,0x3D504,_mz_zip_writer_set_certificate,decompile/3D504.c,0,,8,0x3372C; 0x35424; 0x35520; 0x3562C; 0x35674; 0x356B4; 0x40098; 0x40140
CranePrefs,0x3D5F4,_mz_zip_writer_set_overwrite_cb,decompile/3D5F4.c,0,,0,
CranePrefs,0x3D5FC,_mz_zip_writer_set_password_cb,decompile/3D5FC.c,0,,0,
CranePrefs,0x3D604,_mz_zip_writer_set_progress_cb,decompile/3D604.c,0,,0,
CranePrefs,0x3D60C,_mz_zip_writer_set_progress_interval,decompile/3D60C.c,0,,0,
CranePrefs,0x3D614,_mz_zip_writer_set_entry_cb,decompile/3D614.c,0,,0,
CranePrefs,0x3D61C,_mz_zip_writer_create,decompile/3D61C.c,0,,2,0x3FF30; 0x40140
CranePrefs,0x3D684,_mz_zip_writer_delete,decompile/3D684.c,0,,2,0x3C9B8; 0x40098
CranePrefs,0x3D6CC,_localize,decompile/3D6CC.c,68,0x74D8; 0x8D00; 0x9848; 0x9A24; 0xAF4C; 0xB27C; 0xB638; 0xBB28; 0xBFF4; 0xCD84; 0xD3D8; 0xE1E0; 0xE31C; 0xF438; 0xF5FC; 0xFAEC; 0xFD64; 0x10004; 0x1027C; 0x10608; 0x10E68; 0x11520; 0x11734; 0x1312C; 0x13838; 0x13A28; 0x146D4; 0x1560C; 0x157E4; 0x15BE0; 0x15DD8; 0x15F90; 0x1622C; 0x1649C; 0x16C70; 0x16DA0; 0x17100; 0x172FC; 0x176E4; 0x19230; 0x1982C; 0x19B74; 0x1A354; 0x1AC08; 0x1AE64; 0x1AF84; 0x1B1E8; 0x1BAEC; 0x1C0C8; 0x1D578; 0x1E1BC; 0x1F080; 0x20194; 0x21210; 0x21818; 0x21B40; 0x2202C; 0x23F60; 0x25A8C; 0x26638; 0x26FAC; 0x27C58; 0x28790; 0x28FE0; 0x29504; 0x29CAC; 0x2A298; 0x2B9B0,7,0x7070; 0x3FED0; 0x401F4; 0x40290; 0x402C0; 0x402CC; 0x402F0
CranePrefs,0x3D8D4,_containerPathForContainer,decompile/3D8D4.c,0,,4,0x40290; 0x402C0; 0x402CC; 0x402F0
CranePrefs,0x3D988,_createDirectoryIfNotExists,decompile/3D988.c,0,,5,0x3FED0; 0x40290; 0x402C0; 0x402CC; 0x402F0
CranePrefs,0x3DB68,_normalizedContainerID,decompile/3DB68.c,0,,2,0x402C0; 0x402CC
CranePrefs,0x3DBB0,_requestAuthentication,decompile/3DBB0.c,3,0x74D8; 0xB27C; 0x11734,4,0x401D0; 0x40290; 0x402C0; 0x402CC
CranePrefs,0x3DCE8,sub_3DCE8,decompile/3DCE8.c,1,0x3DBB0,5,0x3FFC0; 0x3FFCC; 0x402C0; 0x402CC; 0x402F0
CranePrefs,0x3DD68,_initUNProtocol,decompile/3DD68.c,0,,1,0x3FFD8
CranePrefs,0x3DDA0,sub_3DDA0,decompile/3DDA0.c,0,,6,0x401E8; 0x4026C; 0x402B4; 0x402C0; 0x402F0; 0x40344
CranePrefs,0x3DE40,_getInjectionPlatform,decompile/3DE40.c,1,0x21470,8,0x7070; 0x3FED0; 0x3FF0C; 0x3FF18; 0x401F4; 0x40290; 0x402C0; 0x402F0
CranePrefs,0x3E034,_getSecurityAccessGroupsToIgnore,decompile/3E034.c,0,,1,0x3FFD8
CranePrefs,0x3E074,sub_3E074,decompile/3E074.c,0,,2,0x40290; 0x402F0
CranePrefs,0x3E108,_initLSDProtocol,decompile/3E108.c,0,,6,0x401E8; 0x4026C; 0x402B4; 0x402C0; 0x402F0; 0x40344
CranePrefs,0x3E17C,_safe_getExecutablePath,decompile/3E17C.c,0,,3,0x3FE94; 0x3FED0; 0x40290
CranePrefs,0x3E1F4,_getProcessName,decompile/3E1F4.c,0,,3,0x3FE94; 0x3FED0; 0x40290
CranePrefs,0x3E278,_isDylibLoaded,decompile/3E278.c,0,,6,0x3FF0C; 0x3FF18; 0x40290; 0x402C0; 0x402CC; 0x402F0
CranePrefs,0x3E364,_craneDylibInjectsInSafeModeEnabled,decompile/3E364.c,0,,6,0x7070; 0x3FED0; 0x401F4; 0x40290; 0x402C0; 0x402F0
CranePrefs,0x3E4E0,_buildCraneTopic,decompile/3E4E0.c,0,,4,0x40290; 0x402C0; 0x402CC; 0x402F0
CranePrefs,0x3E558,_isCraneTopic,decompile/3E558.c,0,,0,
CranePrefs,0x3E56C,_decodeCraneTopic,decompile/3E56C.c,0,,3,0x401F4; 0x40290; 0x402F0
CranePrefs,0x3E608,_CRObjHasIvar,decompile/3E608.c,0,,2,0x3FF60; 0x4032C
CranePrefs,0x3E638,_msleep,decompile/3E638.c,0,,2,0x3FEAC; 0x401C4
CranePrefs,0x3E6CC,_clearActiveContainerCache,decompile/3E6CC.c,1,0x3E834,4,0x3E714; 0x3EAC4; 0x40290; 0x402F0
CranePrefs,0x3E714,+[ClientContainerCache sharedInstance],decompile/3E714.c,1,0x3E6CC,1,0x3FFD8
CranePrefs,0x3E754,sub_3E754,decompile/3E754.c,0,,3,0x3E78C; 0x401D0; 0x40290
CranePrefs,0x3E78C,-[ClientContainerCache init],decompile/3E78C.c,2,0x3E754; 0x3E78C,9,0x3E78C; 0x3E834; 0x3EAC4; 0x3FFF0; 0x3FFFC; 0x40290; 0x4029C; 0x402C0; 0x402F0
CranePrefs,0x3E834,-[ClientContainerCache _registerForClearMessages],decompile/3E834.c,1,0x3E78C,1,0x3FE28
CranePrefs,0x3E864,-[ClientContainerCache _getActiveContainerFromCacheForPid:],decompile/3E864.c,0,,4,0x3FE88; 0x4002C; 0x402C0; 0x402CC
CranePrefs,0x3E924,sub_3E924,decompile/3E924.c,2,0x3E864; 0x3EB5C,0,
CranePrefs,0x3E934,sub_3E934,decompile/3E934.c,2,0x3E864; 0x3EB5C,0,
CranePrefs,0x3E93C,sub_3E93C,decompile/3E93C.c,1,0x3E864,3,0x40290; 0x402C0; 0x402F0
CranePrefs,0x3E9C4,-[ClientContainerCache _setActiveContainer:toCacheForPid:],decompile/3E9C4.c,0,,3,0x3FFC0; 0x402C0; 0x402CC
CranePrefs,0x3EA58,sub_3EA58,decompile/3EA58.c,1,0x3E9C4,2,0x40290; 0x402F0
CranePrefs,0x3EAC4,-[ClientContainerCache _clearActiveContainerCache],decompile/3EAC4.c,2,0x3E6CC; 0x3E78C,1,0x4002C
CranePrefs,0x3EB1C,sub_3EB1C,decompile/3EB1C.c,1,0x3EAC4,1,0x40290
CranePrefs,0x3EB5C,-[ClientContainerCache activeContainerIdentifierForPid:],decompile/3EB5C.c,0,,19,0x3E864; 0x3E9C4; 0x3FE88; 0x3FFCC; 0x40008; 0x40020; 0x40038; 0x40290; 0x402C0; 0x402CC; 0x402F0; 0x40314; 0x40434; 0x40440; 0x4044C; 0x40458; 0x40464; 0x4047C; 0x40488
CranePrefs,0x3EF2C,sub_3EF2C,decompile/3EF2C.c,0,,2,0x3FE88; 0x3FEA0
CranePrefs,0x3EF64,sub_3EF64,decompile/3EF64.c,0,,0,
CranePrefs,0x3EF68,sub_3EF68,decompile/3EF68.c,1,0x3EB5C,3,0x40290; 0x402C0; 0x402F0
CranePrefs,0x3F024,sub_3F024,decompile/3F024.c,1,0x3EF68,0,
CranePrefs,0x3F034,nullsub_3,decompile/3F034.c,0,,0,
CranePrefs,0x3F038,sub_3F038,decompile/3F038.c,1,0x3EB5C,7,0x40014; 0x40290; 0x402C0; 0x402CC; 0x402F0; 0x40470; 0x40494
CranePrefs,0x3F0CC,-[ClientContainerCache .cxx_destruct],decompile/3F0CC.c,0,,1,0x40314
CranePrefs,0x3F108,_CRPContainerChoicyOverwriteListController_init,decompile/3F108.c,1,0x10BD4,7,0x3F2AC; 0x3FED0; 0x3FF48; 0x3FF6C; 0x401DC; 0x40254; 0x402A8
CranePrefs,0x3F250,sub_3F250,decompile/3F250.c,1,0x3F108,3,0x40290; 0x402C0; 0x402F0
CranePrefs,0x3F2AC,sub_3F2AC,decompile/3F2AC.c,1,0x3F108,8,0x3FF48; 0x3FF54; 0x3FF6C; 0x40098; 0x4017C; 0x40188; 0x40194; 0x401A0
CranePrefs,0x3F39C,sub_3F39C,decompile/3F39C.c,1,0x3F108,0,
CranePrefs,0x3F3A4,sub_3F3A4,decompile/3F3A4.c,1,0x3F108,4,0x40290; 0x402C0; 0x402CC; 0x402F0
CranePrefs,0x3F44C,sub_3F44C,decompile/3F44C.c,1,0x3F108,3,0x40290; 0x402C0; 0x402F0
CranePrefs,0x3F5C0,sub_3F5C0,decompile/3F5C0.c,1,0x3F108,3,0x40290; 0x402C0; 0x402F0
CranePrefs,0x3F774,sub_3F774,decompile/3F774.c,1,0x3F108,3,0x40290; 0x402C0; 0x402F0
CranePrefs,0x3F878,sub_3F878,decompile/3F878.c,0,,1,0x3FFE4
CranePrefs,0x3F93C,sub_3F93C,decompile/3F93C.c,2,0x3F878; 0x3FC58,11,0x3FED0; 0x40050; 0x4005C; 0x40080; 0x4008C; 0x40098; 0x400A4; 0x400BC; 0x40140; 0x40380; 0x40398
CranePrefs,0x3FC58,sub_3FC58,decompile/3FC58.c,2,0x1CB8C; 0x1D578,2,0x3FED0; 0x3FFE4
CranePrefs,0x3FD60,sub_3FD60,decompile/3FD60.c,1,0x1CD34,1,0x3FE10
CranePrefs,0x3FD70,sub_3FD70,decompile/3FD70.c,0,,1,0x3FE10
CranePrefs,0x3FD80,_CCCryptorCreate,decompile/3FD80.c,2,0x32A34; 0x32AB0,0,
CranePrefs,0x3FD8C,_CCCryptorRelease,decompile/3FD8C.c,4,0x32938; 0x32A34; 0x32AB0; 0x32B68,0,
CranePrefs,0x3FD98,_CCCryptorUpdate,decompile/3FD98.c,2,0x32964; 0x329CC,0,
CranePrefs,0x3FDA4,_CCHmacFinal,decompile/3FDA4.c,1,0x32CA8,0,
CranePrefs,0x3FDB0,_CCHmacInit,decompile/3FDB0.c,1,0x32BE4,0,
CranePrefs,0x3FDBC,_CCHmacUpdate,decompile/3FDBC.c,1,0x32C78,0,
CranePrefs,0x3FDC8,_CC_SHA1_Final,decompile/3FDC8.c,1,0x3281C,0,
CranePrefs,0x3FDD4,_CC_SHA1_Init,decompile/3FDD4.c,1,0x32738,0,
CranePrefs,0x3FDE0,_CC_SHA1_Update,decompile/3FDE0.c,1,0x327A8,0,
CranePrefs,0x3FDEC,_CC_SHA256_Final,decompile/3FDEC.c,1,0x3281C,0,
CranePrefs,0x3FDF8,_CC_SHA256_Init,decompile/3FDF8.c,1,0x32738,0,
CranePrefs,0x3FE04,_CC_SHA256_Update,decompile/3FE04.c,1,0x327A8,0,
CranePrefs,0x3FE10,_CFBundleGetVersionNumber,decompile/3FE10.c,2,0x3FD60; 0x3FD70,0,
CranePrefs,0x3FE1C,_CFNotificationCenterAddObserver,decompile/3FE1C.c,2,0x22614; 0x3E834,0,
CranePrefs,0x3FE28,_CFNotificationCenterGetDarwinNotifyCenter,decompile/3FE28.c,3,0x16920; 0x22614; 0x3E834,0,
CranePrefs,0x3FE34,_CFNotificationCenterPostNotification,decompile/3FE34.c,1,0x16920,0,
CranePrefs,0x3FE40,_CFStringConvertEncodingToNSStringEncoding,decompile/3FE40.c,1,0x309D4,0,
CranePrefs,0x3FE4C,_NSClassFromString,decompile/3FE4C.c,5,0x8920; 0x10BD4; 0x10D84; 0x11734; 0x156C4,0,
CranePrefs,0x3FE58,_NSLog,decompile/3FE58.c,4,0x22664; 0x2D0AC; 0x2F178; 0x2FD40,0,
CranePrefs,0x3FE64,_NSTemporaryDirectory,decompile/3FE64.c,1,0x1F93C,0,
CranePrefs,0x3FE70,_SecRandomCopyBytes,decompile/3FE70.c,1,0x326F4,0,
CranePrefs,0x3FE7C,__Block_object_assign,decompile/3FE7C.c,11,0xCB30; 0xFD3C; 0x14FCC; 0x19030; 0x1B38C; 0x1DDE8; 0x26A30; 0x26AB4; 0x26F78; 0x27AE0; 0x28B8C,0,
CranePrefs,0x3FE88,__Block_object_dispose,decompile/3FE88.c,33,0xC7B4; 0xCADC; 0xCB40; 0x14DF4; 0x14EFC; 0x15000; 0x17518; 0x175F8; 0x17DDC; 0x17FEC; 0x18E18; 0x18F4C; 0x19074; 0x1DA60; 0x1DCF0; 0x1DE24; 0x20EFC; 0x210D4; 0x23D78; 0x23ED4; 0x23F60; 0x24288; 0x24CF8; 0x256E4; 0x28DF8; 0x28F54; 0x29F54; 0x2A034; 0x2A298; 0x2A7A8; 0x3E864; 0x3EB5C; 0x3EF2C,0,
CranePrefs,0x3FE94,__NSGetExecutablePath,decompile/3FE94.c,2,0x3E17C; 0x3E1F4,0,
CranePrefs,0x3FEA0,__Unwind_Resume,decompile/3FEA0.c,22,0x9D14; 0xCADC; 0x10588; 0x14EFC; 0x15F74; 0x163E0; 0x175F8; 0x17FEC; 0x18F4C; 0x19DF8; 0x1B374; 0x1DCF0; 0x210D4; 0x23ED4; 0x24288; 0x256E4; 0x27904; 0x28940; 0x28F54; 0x2A034; 0x2A7A8; 0x3EF2C,0,
CranePrefs,0x3FEAC,___error,decompile/3FEAC.c,9,0x2D0AC; 0x33910; 0x35424; 0x354CC; 0x35520; 0x35588; 0x355F0; 0x3562C; 0x3E638,0,
CranePrefs,0x3FEB8,___memmove_chk,decompile/3FEB8.c,1,0x34298,0,
CranePrefs,0x3FEC4,___snprintf_chk,decompile/3FEC4.c,2,0x36374; 0x392E8,0,
CranePrefs,0x3FED0,___stack_chk_fail,decompile/3FED0.c,89,0x7FB8; 0x8154; 0x8400; 0x8B4C; 0x9E24; 0xA224; 0xB9B4; 0xBB28; 0xBD90; 0xBFF4; 0xC7B4; 0x10BD4; 0x129F0; 0x1312C; 0x13310; 0x143E8; 0x15448; 0x16DA0; 0x18C7C; 0x19230; 0x19638; 0x19BD0; 0x1A4E4; 0x1B710; 0x1CD3C; 0x1CE34; 0x1D1A4; 0x1D2B0; 0x1E1BC; 0x1F080; 0x1F670; 0x1F93C; 0x1FC04; 0x20584; 0x20828; 0x21470; 0x216E0; 0x2220C; 0x22664; 0x2301C; 0x23F60; 0x2619C; 0x26468; 0x28FE0; 0x29504; 0x29A84; 0x29CAC; 0x2A298; 0x2A848; 0x2B9B0; 0x2C430; 0x2C828; 0x2D0AC; 0x2EDA8; 0x2F178; 0x2F608; 0x2F84C; 0x2FD40; 0x3245C; 0x334E8; 0x33C04; 0x33E1C; 0x33EE0; 0x33FAC; 0x340B0; 0x34298; 0x34480; 0x356F0; 0x3652C; 0x36A0C; 0x392E8; 0x3B5C4; 0x3B760; 0x3BD4C; 0x3C068; 0x3C4E4; 0x3C65C; 0x3C854; 0x3CEB0; 0x3D0DC; 0x3D6CC; 0x3D988; 0x3DE40; 0x3E17C; 0x3E1F4; 0x3E364; 0x3F108; 0x3F93C; 0x3FC58,0,
CranePrefs,0x3FEDC,___strlcat_chk,decompile/3FEDC.c,2,0x7254; 0x734C,0,
CranePrefs,0x3FEE8,___strlcpy_chk,decompile/3FEE8.c,2,0x7254; 0x734C,0,
CranePrefs,0x3FEF4,___strncat_chk,decompile/3FEF4.c,1,0x32E08,0,
CranePrefs,0x3FF00,___tolower,decompile/3FF00.c,2,0x33040; 0x3A8A4,0,
CranePrefs,0x3FF0C,__dyld_get_image_name,decompile/3FF0C.c,2,0x3DE40; 0x3E278,0,
CranePrefs,0x3FF18,__dyld_image_count,decompile/3FF18.c,2,0x3DE40; 0x3E278,0,
CranePrefs,0x3FF24,_access,decompile/3FF24.c,2,0x7210; 0x7254,0,
CranePrefs,0x3FF30,_bzero,decompile/3FF30.c,10,0x22664; 0x2D0AC; 0x3245C; 0x34FBC; 0x35CDC; 0x36BC8; 0x37118; 0x38090; 0x3C2B0; 0x3D61C,0,
CranePrefs,0x3FF3C,_chmod,decompile/3FF3C.c,1,0x338EC,0,
CranePrefs,0x3FF48,_class_addMethod,decompile/3FF48.c,2,0x3F108; 0x3F2AC,0,
CranePrefs,0x3FF54,_class_copyMethodList,decompile/3FF54.c,1,0x3F2AC,0,
CranePrefs,0x3FF60,_class_getInstanceVariable,decompile/3FF60.c,1,0x3E608,0,
CranePrefs,0x3FF6C,_class_getSuperclass,decompile/3FF6C.c,2,0x3F108; 0x3F2AC,0,
CranePrefs,0x3FF78,_clock_get_time,decompile/3FF78.c,1,0x33A8C,0,
CranePrefs,0x3FF84,_closedir,decompile/3FF84.c,2,0x21470; 0x33958,0,
CranePrefs,0x3FF90,_crc32,decompile/3FF90.c,1,0x32444,0,
CranePrefs,0x3FF9C,_deflate,decompile/3FF9C.c,1,0x36EF4,0,
CranePrefs,0x3FFA8,_deflateEnd,decompile/3FFA8.c,1,0x36FE8,0,
CranePrefs,0x3FFB4,_deflateInit2_,decompile/3FFB4.c,1,0x36CB0,0,
CranePrefs,0x3FFC0,_dispatch_async,decompile/3FFC0.c,20,0x7BD4; 0x7CC8; 0x7DD4; 0xD36C; 0xDC70; 0xDDC8; 0xEDFC; 0x1148C; 0x16B38; 0x16BE8; 0x17914; 0x179C4; 0x1ADF4; 0x1F630; 0x1F8FC; 0x27308; 0x27934; 0x27B50; 0x3DCE8; 0x3E9C4,0,
CranePrefs,0x3FFCC,_dispatch_get_global_queue,decompile/3FFCC.c,6,0x16B38; 0x17914; 0x1F630; 0x1F8FC; 0x3DCE8; 0x3EB5C,0,
CranePrefs,0x3FFD8,_dispatch_once,decompile/3FFD8.c,14,0x6F58; 0x6F98; 0x6FD8; 0x7018; 0x7070; 0x7254; 0x734C; 0x10B94; 0x14370; 0x225C4; 0x30DB0; 0x3DD68; 0x3E034; 0x3E714,0,
CranePrefs,0x3FFE4,_dispatch_once_f,decompile/3FFE4.c,2,0x3F878; 0x3FC58,0,
CranePrefs,0x3FFF0,_dispatch_queue_attr_make_with_qos_class,decompile/3FFF0.c,1,0x3E78C,0,
CranePrefs,0x3FFFC,_dispatch_queue_create,decompile/3FFFC.c,1,0x3E78C,0,
CranePrefs,0x40008,_dispatch_semaphore_create,decompile/40008.c,4,0x23D78; 0x242B0; 0x28DF8; 0x3EB5C,0,
CranePrefs,0x40014,_dispatch_semaphore_signal,decompile/40014.c,4,0x23F08; 0x243F0; 0x28F88; 0x3F038,0,
CranePrefs,0x40020,_dispatch_semaphore_wait,decompile/40020.c,4,0x23D78; 0x242B0; 0x28DF8; 0x3EB5C,0,
CranePrefs,0x4002C,_dispatch_sync,decompile/4002C.c,2,0x3E864; 0x3EAC4,0,
CranePrefs,0x40038,_dispatch_time,decompile/40038.c,1,0x3EB5C,0,
CranePrefs,0x40044,_dlopen,decompile/40044.c,1,0x70C8,0,
CranePrefs,0x40050,_dlsym,decompile/40050.c,2,0x70C8; 0x3F93C,0,
CranePrefs,0x4005C,_fclose,decompile/4005C.c,5,0x22664; 0x2D0AC; 0x30534; 0x3562C; 0x3F93C,0,
CranePrefs,0x40068,_feof,decompile/40068.c,1,0x30534,0,
CranePrefs,0x40074,_ferror,decompile/40074.c,5,0x22664; 0x2D0AC; 0x30534; 0x35520; 0x35588,0,
CranePrefs,0x40080,_fopen,decompile/40080.c,5,0x22664; 0x2D0AC; 0x30534; 0x35424; 0x3F93C,0,
CranePrefs,0x4008C,_fread,decompile/4008C.c,3,0x30534; 0x35520; 0x3F93C,0,
CranePrefs,0x40098,_free,decompile/40098.c,29,0x2D0AC; 0x30534; 0x3162C; 0x31864; 0x32908; 0x32B68; 0x32DA4; 0x33424; 0x33604; 0x33784; 0x349C8; 0x35014; 0x35074; 0x353D0; 0x356B4; 0x35D34; 0x35D70; 0x3631C; 0x36C50; 0x37188; 0x37238; 0x37C24; 0x38090; 0x3840C; 0x3C314; 0x3D504; 0x3D684; 0x3F2AC; 0x3F93C,0,
CranePrefs,0x400A4,_fseek,decompile/400A4.c,1,0x3F93C,0,
CranePrefs,0x400B0,_fseeko,decompile/400B0.c,1,0x354CC,0,
CranePrefs,0x400BC,_ftell,decompile/400BC.c,1,0x3F93C,0,
CranePrefs,0x400C8,_ftello,decompile/400C8.c,1,0x355F0,0,
CranePrefs,0x400D4,_fwrite,decompile/400D4.c,3,0x22664; 0x2D0AC; 0x35588,0,
CranePrefs,0x400E0,_host_get_clock_service,decompile/400E0.c,1,0x33A8C,0,
CranePrefs,0x400EC,_inflate,decompile/400EC.c,1,0x36D98,0,
CranePrefs,0x400F8,_inflateEnd,decompile/400F8.c,1,0x36FE8,0,
CranePrefs,0x40104,_inflateInit2_,decompile/40104.c,1,0x36CB0,0,
CranePrefs,0x40110,_localtime_r,decompile/40110.c,1,0x3AE28,0,
CranePrefs,0x4011C,_lstat,decompile/4011C.c,2,0x33894; 0x339D0,0,
CranePrefs,0x40128,_mach_host_self,decompile/40128.c,1,0x33A8C,0,
CranePrefs,0x40134,_mach_port_deallocate,decompile/40134.c,1,0x33A8C,0,
CranePrefs,0x40140,_malloc,decompile/40140.c,31,0x7254; 0x734C; 0x2D0AC; 0x30534; 0x30FEC; 0x3139C; 0x317E4; 0x328B0; 0x32B34; 0x32D30; 0x33424; 0x335C0; 0x33784; 0x34980; 0x34FBC; 0x35074; 0x35380; 0x35674; 0x35CDC; 0x35D70; 0x362BC; 0x36BC8; 0x37118; 0x371C4; 0x37268; 0x38090; 0x3840C; 0x3C2B0; 0x3D504; 0x3D61C; 0x3F93C,0,
CranePrefs,0x4014C,_memcmp,decompile/4014C.c,4,0x34298; 0x34480; 0x36A0C; 0x3B760,0,
CranePrefs,0x40158,_memcpy,decompile/40158.c,10,0x31BE0; 0x31D54; 0x32140; 0x32CFC; 0x34A28; 0x34DBC; 0x35074; 0x350F0; 0x3516C; 0x3691C,0,
CranePrefs,0x40164,_memmove,decompile/40164.c,1,0x34480,0,
CranePrefs,0x40170,_memset,decompile/40170.c,1,0x33E1C,0,
CranePrefs,0x4017C,_method_getImplementation,decompile/4017C.c,1,0x3F2AC,0,
CranePrefs,0x40188,_method_getName,decompile/40188.c,1,0x3F2AC,0,
CranePrefs,0x40194,_method_getTypeEncoding,decompile/40194.c,1,0x3F2AC,0,
CranePrefs,0x401A0,_method_setImplementation,decompile/401A0.c,1,0x3F2AC,0,
CranePrefs,0x401AC,_mkdir,decompile/401AC.c,1,0x33910,0,
CranePrefs,0x401B8,_mktime,decompile/401B8.c,1,0x3ADCC,0,
CranePrefs,0x401C4,_nanosleep,decompile/401C4.c,1,0x3E638,0,
CranePrefs,0x401D0,_objc_alloc,decompile/401D0.c,49,0x78E8; 0xCFC4; 0xEC9C; 0x135F8; 0x13740; 0x143B0; 0x15B58; 0x15B9C; 0x172FC; 0x18100; 0x1A354; 0x1AA08; 0x1B710; 0x1BAEC; 0x1D578; 0x1D950; 0x1DA60; 0x1DD2C; 0x1DE58; 0x1EDB0; 0x1EFD0; 0x1FDA4; 0x22528; 0x22664; 0x23BAC; 0x24948; 0x25A8C; 0x25F74; 0x26048; 0x260D8; 0x2614C; 0x2619C; 0x26468; 0x26C08; 0x26E18; 0x27660; 0x27C58; 0x29504; 0x299A0; 0x2D0AC; 0x2EDA8; 0x2F178; 0x2F608; 0x2F84C; 0x30DF0; 0x30E34; 0x30FEC; 0x3DBB0; 0x3E754,0,
CranePrefs,0x401DC,_objc_allocateClassPair,decompile/401DC.c,1,0x3F108,0,
CranePrefs,0x401E8,_objc_allocateProtocol,decompile/401E8.c,2,0x3DDA0; 0x3E108,0,
CranePrefs,0x401F4,_objc_autorelease,decompile/401F4.c,17,0x10BD4; 0x1CD3C; 0x1D1A4; 0x1F670; 0x1FC04; 0x21470; 0x216E0; 0x23F60; 0x2619C; 0x28FE0; 0x2B9B0; 0x2C430; 0x2C828; 0x3D6CC; 0x3DE40; 0x3E364; 0x3E56C,0,
CranePrefs,0x40200,_objc_autoreleasePoolPop,decompile/40200.c,1,0x2D0AC,0,
CranePrefs,0x4020C,_objc_autoreleasePoolPush,decompile/4020C.c,1,0x2D0AC,0,
CranePrefs,0x40218,_objc_autoreleaseReturnValue,decompile/40218.c,74,0x747C; 0x7868; 0x7EE0; 0x7FB8; 0x8154; 0x8310; 0x8B4C; 0xA190; 0xA948; 0xACAC; 0xBD2C; 0xCD84; 0xCE8C; 0xDFD4; 0xE030; 0xE1E0; 0xF034; 0xF090; 0x10608; 0x10D84; 0x11734; 0x12F74; 0x1312C; 0x13310; 0x13F74; 0x140E8; 0x144F0; 0x14DF4; 0x15564; 0x1560C; 0x15B58; 0x15B9C; 0x17518; 0x184A8; 0x18A1C; 0x18B00; 0x18C7C; 0x19638; 0x1A04C; 0x1A750; 0x1A844; 0x1B6BC; 0x1CD3C; 0x1DA60; 0x1E034; 0x1E5C4; 0x1E99C; 0x1EB18; 0x1EC54; 0x1ED5C; 0x1F080; 0x2074C; 0x21818; 0x21B40; 0x23124; 0x235F0; 0x236C8; 0x23774; 0x23D78; 0x28DF8; 0x2A17C; 0x2C828; 0x309D4; 0x30E34; 0x30F48; 0x30FEC; 0x310E0; 0x3D6CC; 0x3D8D4; 0x3DB68; 0x3E4E0; 0x3E864; 0x3EB5C; 0x3F250,0,
CranePrefs,0x40224,_objc_copyWeak,decompile/40224.c,2,0x27660; 0x27AE0,0,
CranePrefs,0x40230,_objc_destroyWeak,decompile/40230.c,17,0x9A80; 0x9D14; 0x102D8; 0x10588; 0x15E34; 0x15F74; 0x162CC; 0x163E0; 0x19BD0; 0x19DF8; 0x1B258; 0x1B374; 0x27660; 0x27904; 0x27B20; 0x28800; 0x28940,0,
CranePrefs,0x4023C,_objc_enumerationMutation,decompile/4023C.c,31,0x7FB8; 0x8154; 0x8400; 0x8B4C; 0x9E24; 0xA224; 0xB9B4; 0xBB28; 0xBD90; 0xBFF4; 0xC7B4; 0x1312C; 0x13310; 0x16DA0; 0x18C7C; 0x19230; 0x19638; 0x1B710; 0x1CE34; 0x1D2B0; 0x1F080; 0x1F93C; 0x20584; 0x20828; 0x2220C; 0x2A848; 0x2D0AC; 0x2EDA8; 0x2F178; 0x2F608; 0x2F84C,0,
CranePrefs,0x40248,_objc_exception_throw,decompile/40248.c,1,0x2FFF8,0,
CranePrefs,0x40254,_objc_getClass,decompile/40254.c,1,0x3F108,0,
CranePrefs,0x40260,_objc_getProperty,decompile/40260.c,2,0xDE80; 0x1F4EC,0,
CranePrefs,0x4026C,_objc_getProtocol,decompile/4026C.c,2,0x3DDA0; 0x3E108,0,
CranePrefs,0x40278,_objc_initWeak,decompile/40278.c,8,0x9A80; 0x102D8; 0x15E34; 0x162CC; 0x19BD0; 0x1B258; 0x27660; 0x28800,0,
CranePrefs,0x40284,_objc_loadWeakRetained,decompile/40284.c,2,0x27660; 0x27934,0,
CranePrefs,0x40290,_objc_msgSend,decompile/40290.c,535,0x747C; 0x74D8; 0x78E8; 0x7970; 0x79C0; 0x7ADC; 0x7B5C; 0x7BD4; 0x7CA8; 0x7CC8; 0x7D9C; 0x7DD4; 0x7EA8; 0x7EE0; 0x7F98; 0x7FB8; 0x8154; 0x8310; 0x836C; 0x8384; 0x8400; 0x86A8; 0x8840; 0x8920; 0x8A94; 0x8B4C; 0x8D00; 0x9848; 0x9A24; 0x9A80; 0x9D3C; 0x9E24; 0xA038; 0xA0F8; 0xA190; 0xA224; 0xA4B8; 0xA670; 0xA770; 0xA7EC; 0xA948; 0xA9F4; 0xAA0C; 0xAABC; 0xABF0; 0xACAC; 0xADD8; 0xAF4C; 0xB27C; 0xB504; 0xB5D8; 0xB638; 0xB9B4; 0xBB28; 0xBD2C; 0xBD90; 0xBFF4; 0xC7B4; 0xCB4C; 0xCC88; 0xCD84; 0xCE8C; 0xCFC4; 0xD0B0; 0xD100; 0xD230; 0xD3D8; 0xD4E0; 0xD560; 0xD5B4; 0xD5F4; 0xD634; 0xD6B4; 0xD718; 0xD76C; 0xD784; 0xD79C; 0xD9A8; 0xDC70; 0xDD08; 0xDD18; 0xDDC8; 0xDE60; 0xDFD4; 0xE030; 0xE08C; 0xE1E0; 0xE31C; 0xE854; 0xE928; 0xE9E0; 0xEA98; 0xEB50; 0xEC04; 0xEC9C; 0xEDAC; 0xEDFC; 0xEF28; 0xEF38; 0xF034; 0xF090; 0xF0EC; 0xF214; 0xF268; 0xF33C; 0xF3D0; 0xF438; 0xF5FC; 0xF690; 0xF720; 0xF870; 0xF8F0; 0xF954; 0xF968; 0xFAD8; 0xFAEC; 0xFD64; 0xFE84; 0xFF28; 0xFF80; 0x10004; 0x1027C; 0x102D8; 0x105AC; 0x105F8; 0x10608; 0x10BD4; 0x10CD0; 0x10D84; 0x10E68; 0x111AC; 0x113A4; 0x114E8; 0x11520; 0x1164C; 0x11734; 0x128CC; 0x128F0; 0x12950; 0x129F0; 0x12DA4; 0x12E28; 0x12EE8; 0x12F74; 0x13028; 0x1306C; 0x1312C; 0x13310; 0x134D4; 0x135F8; 0x136DC; 0x13740; 0x13838; 0x13980; 0x13A28; 0x13CC4; 0x13D80; 0x13E00; 0x13F74; 0x14020; 0x14038; 0x140E8; 0x14188; 0x143B0; 0x143E8; 0x144F0; 0x146D4; 0x147B0; 0x14830; 0x148B0; 0x148C4; 0x148D8; 0x148EC; 0x14900; 0x14914; 0x14928; 0x1493C; 0x14950; 0x14964; 0x14978; 0x149F8; 0x14A0C; 0x14A20; 0x14A88; 0x14AF0; 0x14BF4; 0x14D00; 0x14D8C; 0x14DF4; 0x14F30; 0x1502C; 0x151BC; 0x15250; 0x15340; 0x15448; 0x15564; 0x1560C; 0x156C4; 0x157E4; 0x15A98; 0x15B58; 0x15B9C; 0x15BE0; 0x15DD8; 0x15E34; 0x15F90; 0x1622C; 0x162CC; 0x16400; 0x1649C; 0x167D0; 0x168CC; 0x16920; 0x16A88; 0x16BE8; 0x16C70; 0x16DA0; 0x16F9C; 0x17100; 0x1728C; 0x172FC; 0x17518; 0x1762C; 0x176E4; 0x17810; 0x179C4; 0x17A80; 0x17AB8; 0x17BA4; 0x17C2C; 0x17DDC; 0x18008; 0x18100; 0x18178; 0x18228; 0x184A8; 0x18534; 0x185F0; 0x186AC; 0x187F4; 0x188B8; 0x18918; 0x18A1C; 0x18A8C; 0x18B00; 0x18C7C; 0x18E18; 0x18F68; 0x190B0; 0x19230; 0x19638; 0x1982C; 0x19B74; 0x19BD0; 0x19E1C; 0x19FD4; 0x19FFC; 0x1A024; 0x1A04C; 0x1A0C0; 0x1A1C8; 0x1A224; 0x1A354; 0x1A4E4; 0x1A604; 0x1A664; 0x1A750; 0x1A844; 0x1A938; 0x1AA08; 0x1AB08; 0x1AB88; 0x1AC08; 0x1AE50; 0x1AE64; 0x1AF84; 0x1B1E8; 0x1B258; 0x1B3C8; 0x1B40C; 0x1B420; 0x1B510; 0x1B570; 0x1B5CC; 0x1B624; 0x1B6BC; 0x1B710; 0x1BA94; 0x1BAEC; 0x1BF5C; 0x1BF7C; 0x1C048; 0x1C068; 0x1C0C8; 0x1CB8C; 0x1CD3C; 0x1CE34; 0x1D1A4; 0x1D2B0; 0x1D578; 0x1D888; 0x1D950; 0x1DA1C; 0x1DA60; 0x1DD2C; 0x1DE58; 0x1DF44; 0x1DFAC; 0x1E034; 0x1E0EC; 0x1E1BC; 0x1E5C4; 0x1E7B0; 0x1E99C; 0x1E9F8; 0x1EB18; 0x1EBBC; 0x1EC54; 0x1ECBC; 0x1ED5C; 0x1EDB0; 0x1EFD0; 0x1F074; 0x1F080; 0x1F254; 0x1F330; 0x1F398; 0x1F418; 0x1F474; 0x1F584; 0x1F670; 0x1F93C; 0x1FC04; 0x1FDA4; 0x1FE80; 0x1FF44; 0x2005C; 0x20194; 0x2054C; 0x20584; 0x2074C; 0x20828; 0x20BCC; 0x20DE8; 0x20E64; 0x20E98; 0x20EFC; 0x2110C; 0x211A8; 0x21210; 0x213CC; 0x21470; 0x216E0; 0x217BC; 0x21818; 0x21AC0; 0x21B40; 0x21FA0; 0x2202C; 0x2220C; 0x22528; 0x225C4; 0x22664; 0x2301C; 0x23124; 0x23238; 0x23358; 0x2344C; 0x235F0; 0x236C8; 0x23774; 0x23868; 0x23950; 0x239D4; 0x23A30; 0x23A80; 0x23B20; 0x23B6C; 0x23BAC; 0x23C50; 0x23CB8; 0x23D2C; 0x23D78; 0x23F50; 0x23F60; 0x242B0; 0x2440C; 0x244C0; 0x2462C; 0x246F8; 0x24774; 0x24948; 0x24CF8; 0x25720; 0x257AC; 0x25984; 0x25A18; 0x25A74; 0x25A8C; 0x25C68; 0x25F74; 0x25FE4; 0x26048; 0x260D8; 0x2614C; 0x2619C; 0x2644C; 0x26468; 0x26638; 0x26A60; 0x26AF0; 0x26B3C; 0x26C08; 0x26D28; 0x26D7C; 0x26E18; 0x26F24; 0x26FAC; 0x27178; 0x271FC; 0x2729C; 0x273CC; 0x2745C; 0x2747C; 0x27660; 0x27924; 0x27934; 0x27A0C; 0x27C58; 0x28674; 0x286E8; 0x2873C; 0x28790; 0x28800; 0x28968; 0x289A0; 0x28A70; 0x28AE4; 0x28B38; 0x28BD0; 0x28D90; 0x28DF8; 0x28FD0; 0x28FE0; 0x292EC; 0x29504; 0x299A0; 0x29A84; 0x29CAC; 0x29F54; 0x2A050; 0x2A0D8; 0x2A17C; 0x2A298; 0x2A7CC; 0x2A848; 0x2ADA0; 0x2B228; 0x2B31C; 0x2B720; 0x2B858; 0x2B904; 0x2B9B0; 0x2BF14; 0x2BF9C; 0x2C328; 0x2C430; 0x2C828; 0x2CB00; 0x2CB60; 0x2CC04; 0x2CC98; 0x2CD5C; 0x2CE34; 0x2CEE8; 0x2CFB0; 0x2D0AC; 0x2EC14; 0x2EC6C; 0x2ECC4; 0x2ED2C; 0x2EDA8; 0x2EFC4; 0x2F040; 0x2F0C4; 0x2F178; 0x2F608; 0x2F84C; 0x2FD40; 0x30008; 0x30088; 0x30130; 0x301D8; 0x30350; 0x30454; 0x304B4; 0x30534; 0x30744; 0x307C4; 0x30938; 0x309D4; 0x30B18; 0x30C8C; 0x30DF0; 0x30E34; 0x30F48; 0x30FEC; 0x310E0; 0x3D6CC; 0x3D8D4; 0x3D988; 0x3DBB0; 0x3DE40; 0x3E074; 0x3E17C; 0x3E1F4; 0x3E278; 0x3E364; 0x3E4E0; 0x3E558; 0x3E56C; 0x3E6CC; 0x3E754; 0x3E78C; 0x3E93C; 0x3EA58; 0x3EB1C; 0x3EB5C; 0x3EF68; 0x3F038; 0x3F250; 0x3F3A4; 0x3F44C; 0x3F5C0; 0x3F774,0,
CranePrefs,0x4029C,_objc_msgSendSuper2,decompile/4029C.c,46,0x74D8; 0x77CC; 0x7868; 0x78E8; 0x79C0; 0x7ADC; 0x7B5C; 0xB448; 0xB504; 0xB5D8; 0xCFC4; 0xD100; 0xEC04; 0xEC9C; 0xEDAC; 0x14188; 0x14AF0; 0x16794; 0x167D0; 0x168CC; 0x17100; 0x1728C; 0x172FC; 0x184A8; 0x186AC; 0x18B00; 0x19E1C; 0x1A224; 0x1A354; 0x1AA08; 0x1CB8C; 0x1D2B0; 0x1D578; 0x1D950; 0x1F584; 0x1FDA4; 0x1FE3C; 0x232B4; 0x23358; 0x2344C; 0x2354C; 0x23C50; 0x25F74; 0x28D10; 0x30008; 0x3E78C,0,
CranePrefs,0x402A8,_objc_registerClassPair,decompile/402A8.c,1,0x3F108,0,
CranePrefs,0x402B4,_objc_registerProtocol,decompile/402B4.c,2,0x3DDA0; 0x3E108,0,
CranePrefs,0x402C0,_objc_release,decompile/402C0.c,487,0x747C; 0x74D8; 0x7838; 0x7868; 0x78E8; 0x7970; 0x79C0; 0x7ADC; 0x7B5C; 0x7BD4; 0x7CC0; 0x7CC8; 0x7DD4; 0x7EE0; 0x7FB8; 0x8154; 0x8310; 0x8384; 0x8400; 0x86A8; 0x8840; 0x88F8; 0x8920; 0x8A94; 0x8B4C; 0x8D00; 0x9848; 0x9A24; 0x9A80; 0x9D3C; 0x9E24; 0xA038; 0xA0F8; 0xA190; 0xA224; 0xA4B8; 0xA670; 0xA770; 0xA7EC; 0xA948; 0xAA0C; 0xAABC; 0xABF0; 0xACAC; 0xADD8; 0xAF4C; 0xB27C; 0xB4C4; 0xB504; 0xB638; 0xB9B4; 0xBB28; 0xBD2C; 0xBD90; 0xBFF4; 0xC7B4; 0xCB18; 0xCB4C; 0xCC50; 0xCC88; 0xCD84; 0xCE8C; 0xCFC4; 0xD0B0; 0xD100; 0xD230; 0xD3D8; 0xD4E0; 0xD560; 0xD634; 0xD6B4; 0xD718; 0xD79C; 0xD9A8; 0xDFD4; 0xE030; 0xE08C; 0xE1E0; 0xE31C; 0xE854; 0xE928; 0xE9E0; 0xEA98; 0xEB50; 0xEC04; 0xEC9C; 0xEDFC; 0xEF38; 0xF034; 0xF090; 0xF0EC; 0xF214; 0xF268; 0xF33C; 0xF3D0; 0xF438; 0xF5FC; 0xF690; 0xF720; 0xF8F0; 0xF968; 0xFAEC; 0xFD64; 0xFE84; 0xFF80; 0x10004; 0x1027C; 0x102D8; 0x105AC; 0x10608; 0x10BD4; 0x10CD0; 0x10D84; 0x10E68; 0x111AC; 0x113A4; 0x11520; 0x1164C; 0x11734; 0x128F0; 0x12950; 0x129F0; 0x12EE8; 0x12F74; 0x13028; 0x1306C; 0x1312C; 0x13310; 0x134D4; 0x135F8; 0x136DC; 0x13740; 0x13838; 0x13980; 0x13A28; 0x13CC4; 0x13D80; 0x13E00; 0x13F74; 0x14038; 0x140E8; 0x14188; 0x143B0; 0x144F0; 0x146D4; 0x147B0; 0x14830; 0x14978; 0x14A20; 0x14A88; 0x14AF0; 0x14BF4; 0x14D00; 0x14D8C; 0x14DF4; 0x14F28; 0x14F30; 0x15000; 0x1502C; 0x151BC; 0x15250; 0x15340; 0x15448; 0x15564; 0x1560C; 0x156C4; 0x157E4; 0x15A98; 0x15BE0; 0x15DD8; 0x15E34; 0x15F90; 0x1622C; 0x162CC; 0x16400; 0x1649C; 0x167D0; 0x16920; 0x16A88; 0x16B38; 0x16BE8; 0x16C70; 0x16D98; 0x16DA0; 0x16F9C; 0x17100; 0x1728C; 0x172FC; 0x17518; 0x17624; 0x1762C; 0x176E4; 0x17810; 0x17914; 0x179C4; 0x17AB8; 0x17BA4; 0x17C2C; 0x17DDC; 0x18008; 0x18100; 0x18178; 0x18228; 0x184A8; 0x18534; 0x185F0; 0x186AC; 0x187F4; 0x188B8; 0x18918; 0x18A1C; 0x18A8C; 0x18B00; 0x18C7C; 0x18E18; 0x18F68; 0x19074; 0x190B0; 0x19230; 0x19638; 0x1982C; 0x19B74; 0x19BD0; 0x19E1C; 0x1A04C; 0x1A0C0; 0x1A1C8; 0x1A224; 0x1A354; 0x1A4E4; 0x1A664; 0x1A750; 0x1A844; 0x1A938; 0x1AA08; 0x1AB08; 0x1AB88; 0x1AC08; 0x1AE64; 0x1AF84; 0x1B1E8; 0x1B258; 0x1B3C8; 0x1B420; 0x1B570; 0x1B5CC; 0x1B624; 0x1B6BC; 0x1B710; 0x1BA94; 0x1BAEC; 0x1BF7C; 0x1C068; 0x1C0C8; 0x1CB8C; 0x1CD3C; 0x1CE34; 0x1D1A4; 0x1D2B0; 0x1D578; 0x1D888; 0x1D950; 0x1DA1C; 0x1DA60; 0x1DD24; 0x1DD2C; 0x1DE24; 0x1DE58; 0x1DFAC; 0x1E034; 0x1E0EC; 0x1E1BC; 0x1E5C4; 0x1E7B0; 0x1E99C; 0x1E9F8; 0x1EB18; 0x1EBBC; 0x1EC54; 0x1ECBC; 0x1ED5C; 0x1EDB0; 0x1EFD0; 0x1F080; 0x1F254; 0x1F330; 0x1F584; 0x1F630; 0x1F670; 0x1F8FC; 0x1F93C; 0x1FC04; 0x1FDA4; 0x1FE80; 0x1FF44; 0x2005C; 0x20194; 0x20584; 0x2074C; 0x20828; 0x20BCC; 0x20DE8; 0x20E98; 0x20EFC; 0x21104; 0x2110C; 0x21210; 0x21470; 0x216E0; 0x217BC; 0x21818; 0x21AC0; 0x21B40; 0x21FA0; 0x2202C; 0x2220C; 0x22528; 0x22664; 0x23124; 0x23238; 0x232B4; 0x23358; 0x2344C; 0x2354C; 0x235F0; 0x236C8; 0x23774; 0x23868; 0x23950; 0x239D4; 0x23A30; 0x23A80; 0x23B20; 0x23CB8; 0x23D2C; 0x23D78; 0x23F00; 0x23F08; 0x23F60; 0x242B0; 0x244C0; 0x2462C; 0x24774; 0x24948; 0x24CF8; 0x25720; 0x257AC; 0x25984; 0x25A18; 0x25A8C; 0x25C68; 0x25F74; 0x25FE4; 0x26048; 0x260D8; 0x2614C; 0x2619C; 0x26468; 0x26638; 0x26A60; 0x26AF0; 0x26B3C; 0x26C08; 0x26D7C; 0x26E18; 0x26FAC; 0x27178; 0x271FC; 0x2729C; 0x27308; 0x273CC; 0x2747C; 0x27660; 0x27934; 0x27A0C; 0x27A90; 0x27B20; 0x27B50; 0x27C58; 0x28674; 0x286E8; 0x2873C; 0x28790; 0x28800; 0x289A0; 0x28A70; 0x28AE4; 0x28B38; 0x28BD0; 0x28D10; 0x28D90; 0x28DF8; 0x28F80; 0x28F88; 0x28FE0; 0x292EC; 0x29504; 0x299A0; 0x29A84; 0x29CAC; 0x2A0D8; 0x2A17C; 0x2A298; 0x2A7CC; 0x2A848; 0x2ADA0; 0x2B228; 0x2B31C; 0x2B720; 0x2B858; 0x2B904; 0x2B9B0; 0x2BF14; 0x2BF9C; 0x2C328; 0x2C430; 0x2C828; 0x2CB00; 0x2CB60; 0x2CC04; 0x2CC98; 0x2CD5C; 0x2CE34; 0x2CEE8; 0x2CFB0; 0x2D0AC; 0x2EC14; 0x2EC6C; 0x2ECC4; 0x2ED2C; 0x2EDA8; 0x2EFC4; 0x2F040; 0x2F0C4; 0x2F178; 0x2F608; 0x2F84C; 0x2FD40; 0x30008; 0x30088; 0x30130; 0x301D8; 0x30350; 0x30454; 0x304B4; 0x30534; 0x30744; 0x307C4; 0x30938; 0x309D4; 0x30B18; 0x30C8C; 0x30DF0; 0x30E34; 0x30F48; 0x310E0; 0x3D6CC; 0x3D8D4; 0x3D988; 0x3DB68; 0x3DBB0; 0x3DCE8; 0x3DDA0; 0x3DE40; 0x3E074; 0x3E108; 0x3E278; 0x3E364; 0x3E4E0; 0x3E56C; 0x3E6CC; 0x3E754; 0x3E78C; 0x3E864; 0x3E934; 0x3E93C; 0x3E9C4; 0x3EA58; 0x3EB1C; 0x3EB5C; 0x3EF68; 0x3F038; 0x3F250; 0x3F3A4; 0x3F44C; 0x3F5C0; 0x3F774,0,
CranePrefs,0x402CC,_objc_retain,decompile/402CC.c,291,0x74D8; 0x7808; 0x7868; 0x7BD4; 0x7CB8; 0x7CC8; 0x7DD4; 0x7EE0; 0x8384; 0x8400; 0x86A8; 0x8840; 0x88D0; 0x8920; 0x9848; 0x9A24; 0x9A80; 0xA0F8; 0xA224; 0xA4B8; 0xA670; 0xA770; 0xA7EC; 0xA948; 0xAA0C; 0xAABC; 0xABF0; 0xACAC; 0xADD8; 0xAF4C; 0xB27C; 0xB484; 0xB504; 0xB638; 0xB9B4; 0xBB28; 0xBD2C; 0xBD90; 0xBFF4; 0xC7B4; 0xCB4C; 0xCC18; 0xCD84; 0xCE8C; 0xD230; 0xD560; 0xD634; 0xD6B4; 0xD718; 0xD9A8; 0xE1E0; 0xE31C; 0xE854; 0xE928; 0xE9E0; 0xEA98; 0xEDFC; 0xEF38; 0xF968; 0xFAEC; 0x10004; 0x1027C; 0x102D8; 0x10CD0; 0x11734; 0x128F0; 0x12950; 0x129F0; 0x1312C; 0x13310; 0x13D80; 0x13E00; 0x13F74; 0x14038; 0x140E8; 0x144F0; 0x14DF4; 0x14F30; 0x14FCC; 0x1502C; 0x15250; 0x15340; 0x15448; 0x15564; 0x1560C; 0x156C4; 0x15BE0; 0x15DD8; 0x15E34; 0x15F90; 0x1622C; 0x162CC; 0x1649C; 0x167D0; 0x16A88; 0x16B38; 0x16BE8; 0x16D90; 0x16DA0; 0x16F9C; 0x17100; 0x17518; 0x1762C; 0x17914; 0x17C2C; 0x17DDC; 0x18008; 0x18100; 0x18178; 0x18228; 0x184A8; 0x18A8C; 0x18B00; 0x18C7C; 0x18E18; 0x19030; 0x190B0; 0x19230; 0x1982C; 0x19B74; 0x19BD0; 0x19E1C; 0x1A04C; 0x1A0C0; 0x1A224; 0x1A4E4; 0x1AF84; 0x1B1E8; 0x1B258; 0x1B38C; 0x1B5CC; 0x1B624; 0x1B710; 0x1BF7C; 0x1C068; 0x1CE34; 0x1D2B0; 0x1D578; 0x1D888; 0x1DA60; 0x1DD2C; 0x1DDE8; 0x1DE58; 0x1DFAC; 0x1E034; 0x1E0EC; 0x1E1BC; 0x1E5C4; 0x1E7B0; 0x1E9F8; 0x1EBBC; 0x1ECBC; 0x1EDB0; 0x1EFD0; 0x1F080; 0x1F584; 0x1F93C; 0x2005C; 0x20194; 0x20584; 0x2074C; 0x20828; 0x20BCC; 0x20DE8; 0x20EFC; 0x2110C; 0x21210; 0x21818; 0x2202C; 0x2220C; 0x22664; 0x23124; 0x23238; 0x232B4; 0x23358; 0x2344C; 0x2354C; 0x236C8; 0x23774; 0x23A80; 0x23CB8; 0x23D78; 0x23F08; 0x23F60; 0x242B0; 0x244C0; 0x2462C; 0x24774; 0x24948; 0x24CF8; 0x25720; 0x257AC; 0x25984; 0x25C68; 0x25FE4; 0x26048; 0x260D8; 0x2619C; 0x26468; 0x26638; 0x26A30; 0x26AB4; 0x26B3C; 0x26C08; 0x26D7C; 0x26E18; 0x26F78; 0x26FAC; 0x271FC; 0x27308; 0x273CC; 0x2747C; 0x27660; 0x27934; 0x27A0C; 0x27AE0; 0x27B50; 0x27C58; 0x28674; 0x28790; 0x28800; 0x289A0; 0x28A70; 0x28B8C; 0x28BD0; 0x28D10; 0x28DF8; 0x28F88; 0x292EC; 0x29504; 0x299A0; 0x2A0D8; 0x2A17C; 0x2A298; 0x2A7CC; 0x2A848; 0x2ADA0; 0x2B228; 0x2B31C; 0x2B720; 0x2B858; 0x2BF14; 0x2BF9C; 0x2C328; 0x2C430; 0x2C828; 0x2CB00; 0x2CB60; 0x2CC04; 0x2CC98; 0x2CD5C; 0x2CE34; 0x2CEE8; 0x2CFB0; 0x2D0AC; 0x2EC14; 0x2EC6C; 0x2ECC4; 0x2ED2C; 0x2EDA8; 0x2EFC4; 0x2F040; 0x2F0C4; 0x2F178; 0x2F608; 0x2F84C; 0x2FD40; 0x30008; 0x301D8; 0x30350; 0x30454; 0x304B4; 0x30534; 0x30744; 0x307C4; 0x309D4; 0x30B18; 0x30C8C; 0x3D6CC; 0x3D8D4; 0x3D988; 0x3DB68; 0x3DBB0; 0x3DCE8; 0x3E278; 0x3E4E0; 0x3E864; 0x3E9C4; 0x3EB5C; 0x3F038; 0x3F3A4,0,
CranePrefs,0x402D8,_objc_retainAutorelease,decompile/402D8.c,12,0x22664; 0x2C328; 0x2C430; 0x2C828; 0x2D0AC; 0x2F608; 0x2F84C; 0x2FD40; 0x30350; 0x30534; 0x307C4; 0x30FEC,0,
CranePrefs,0x402E4,_objc_retainAutoreleaseReturnValue,decompile/402E4.c,23,0x8D00; 0xE31C; 0x10B94; 0x14370; 0x146D4; 0x14A20; 0x14A88; 0x157E4; 0x17DDC; 0x19230; 0x1B5BC; 0x1BA84; 0x1C024; 0x1C0C8; 0x1EDB0; 0x1F254; 0x1FF44; 0x2384C; 0x23854; 0x30DB0; 0x3DE40; 0x3E034; 0x3E714,0,
CranePrefs,0x402F0,_objc_retainAutoreleasedReturnValue,decompile/402F0.c,378,0x747C; 0x74D8; 0x7868; 0x7970; 0x79C0; 0x7ADC; 0x7B5C; 0x7BD4; 0x7CC8; 0x7DD4; 0x7EE0; 0x7FB8; 0x8154; 0x8310; 0x8400; 0x86A8; 0x8840; 0x8920; 0x8A94; 0x8B4C; 0x8D00; 0x9848; 0x9A24; 0x9A80; 0x9D3C; 0x9E24; 0xA038; 0xA0F8; 0xA190; 0xA224; 0xA4B8; 0xA670; 0xA770; 0xA7EC; 0xA948; 0xAABC; 0xACAC; 0xADD8; 0xAF4C; 0xB27C; 0xB504; 0xB638; 0xB9B4; 0xBB28; 0xBD2C; 0xBD90; 0xBFF4; 0xC7B4; 0xCB4C; 0xCC88; 0xCD84; 0xCE8C; 0xD0B0; 0xD100; 0xD230; 0xD3D8; 0xD4E0; 0xD634; 0xD79C; 0xD9A8; 0xDFD4; 0xE030; 0xE08C; 0xE1E0; 0xE31C; 0xE854; 0xE928; 0xE9E0; 0xEA98; 0xEB50; 0xEC04; 0xEC9C; 0xEDFC; 0xEF38; 0xF034; 0xF090; 0xF0EC; 0xF214; 0xF268; 0xF33C; 0xF3D0; 0xF438; 0xF5FC; 0xF690; 0xF720; 0xF8F0; 0xF968; 0xFAEC; 0xFD64; 0xFE84; 0xFF80; 0x10004; 0x1027C; 0x102D8; 0x10608; 0x10BD4; 0x10D84; 0x10E68; 0x111AC; 0x113A4; 0x11520; 0x1164C; 0x11734; 0x129F0; 0x12EE8; 0x12F74; 0x13028; 0x1306C; 0x1312C; 0x13310; 0x134D4; 0x135F8; 0x136DC; 0x13740; 0x13838; 0x13980; 0x13A28; 0x13CC4; 0x13D80; 0x13E00; 0x13F74; 0x14038; 0x140E8; 0x14188; 0x144F0; 0x146D4; 0x147B0; 0x14830; 0x14978; 0x14A20; 0x14A88; 0x14AF0; 0x14BF4; 0x14D00; 0x14D8C; 0x14F30; 0x1502C; 0x151BC; 0x15340; 0x15448; 0x15564; 0x1560C; 0x156C4; 0x157E4; 0x15A98; 0x15BE0; 0x15DD8; 0x15E34; 0x15F90; 0x1622C; 0x162CC; 0x16400; 0x1649C; 0x167D0; 0x16920; 0x16A88; 0x16B38; 0x16C70; 0x16DA0; 0x16F9C; 0x17100; 0x172FC; 0x1762C; 0x176E4; 0x17810; 0x17914; 0x179C4; 0x17AB8; 0x17BA4; 0x17C2C; 0x17DDC; 0x18008; 0x18178; 0x18228; 0x184A8; 0x18534; 0x185F0; 0x186AC; 0x187F4; 0x188B8; 0x18918; 0x18A1C; 0x18A8C; 0x18B00; 0x18C7C; 0x18F68; 0x190B0; 0x19230; 0x19638; 0x1982C; 0x19B74; 0x19BD0; 0x19E1C; 0x1A0C0; 0x1A1C8; 0x1A224; 0x1A354; 0x1A4E4; 0x1A664; 0x1A750; 0x1A844; 0x1A938; 0x1AA08; 0x1AB08; 0x1AB88; 0x1AC08; 0x1AE64; 0x1AF84; 0x1B1E8; 0x1B258; 0x1B3C8; 0x1B420; 0x1B570; 0x1B624; 0x1B6BC; 0x1B710; 0x1BA94; 0x1BAEC; 0x1C0C8; 0x1CB8C; 0x1CD3C; 0x1CE34; 0x1D1A4; 0x1D2B0; 0x1D578; 0x1D888; 0x1D950; 0x1DA1C; 0x1DA60; 0x1DD2C; 0x1DE58; 0x1DFAC; 0x1E034; 0x1E1BC; 0x1E5C4; 0x1E7B0; 0x1E99C; 0x1E9F8; 0x1EB18; 0x1EBBC; 0x1EC54; 0x1ECBC; 0x1ED5C; 0x1EDB0; 0x1EFD0; 0x1F080; 0x1F330; 0x1F584; 0x1F630; 0x1F670; 0x1F8FC; 0x1F93C; 0x1FC04; 0x1FE80; 0x1FF44; 0x2005C; 0x20194; 0x20584; 0x2074C; 0x20828; 0x20BCC; 0x20E98; 0x20EFC; 0x2110C; 0x21210; 0x21470; 0x216E0; 0x217BC; 0x21818; 0x21AC0; 0x21B40; 0x21FA0; 0x2202C; 0x2220C; 0x22528; 0x22664; 0x23124; 0x23358; 0x2344C; 0x235F0; 0x236C8; 0x23774; 0x23868; 0x23950; 0x239D4; 0x23A30; 0x23B20; 0x23D2C; 0x23F60; 0x242B0; 0x244C0; 0x2462C; 0x24774; 0x24948; 0x24CF8; 0x257AC; 0x25984; 0x25A18; 0x25A8C; 0x2619C; 0x26468; 0x26638; 0x26A60; 0x26AF0; 0x26C08; 0x26E18; 0x26FAC; 0x27178; 0x2729C; 0x2747C; 0x27C58; 0x286E8; 0x2873C; 0x28790; 0x28800; 0x28AE4; 0x28B38; 0x28D90; 0x28FE0; 0x292EC; 0x29504; 0x299A0; 0x29A84; 0x29CAC; 0x2A0D8; 0x2A17C; 0x2A298; 0x2A7CC; 0x2A848; 0x2ADA0; 0x2B228; 0x2B31C; 0x2B720; 0x2B858; 0x2B904; 0x2B9B0; 0x2C430; 0x2C828; 0x2D0AC; 0x2F178; 0x2F84C; 0x2FD40; 0x30088; 0x30130; 0x301D8; 0x30534; 0x307C4; 0x30938; 0x309D4; 0x30B18; 0x30C8C; 0x30E34; 0x30F48; 0x310E0; 0x3D6CC; 0x3D8D4; 0x3D988; 0x3DCE8; 0x3DDA0; 0x3DE40; 0x3E074; 0x3E108; 0x3E278; 0x3E364; 0x3E4E0; 0x3E56C; 0x3E6CC; 0x3E78C; 0x3E93C; 0x3EA58; 0x3EB5C; 0x3EF68; 0x3F038; 0x3F250; 0x3F3A4; 0x3F44C; 0x3F5C0; 0x3F774,0,
CranePrefs,0x402FC,_objc_retainBlock,decompile/402FC.c,5,0xB27C; 0x129F0; 0x23D78; 0x26468; 0x28DF8,0,
CranePrefs,0x40308,_objc_setProperty_nonatomic_copy,decompile/40308.c,2,0xDE90; 0x1F4FC,0,
CranePrefs,0x40314,_objc_storeStrong,decompile/40314.c,61,0x7AB4; 0x7AC8; 0xCB20; 0xCD3C; 0xD560; 0xD634; 0xD6B4; 0xD718; 0xDF1C; 0x14204; 0x14F30; 0x168B8; 0x1878C; 0x1A340; 0x1B5CC; 0x1B710; 0x1C034; 0x1C9D4; 0x1C9F8; 0x1CA5C; 0x1F508; 0x2110C; 0x213E0; 0x232B4; 0x2354C; 0x2385C; 0x23BE8; 0x23BFC; 0x23C08; 0x23CB8; 0x23F08; 0x25710; 0x25CE4; 0x25D08; 0x25D8C; 0x25DB0; 0x25E14; 0x25E38; 0x25E5C; 0x25E80; 0x25E94; 0x25FE4; 0x28CB0; 0x28D10; 0x28F88; 0x292EC; 0x2C088; 0x2C0AC; 0x2C0D0; 0x2C0F4; 0x2C118; 0x2C13C; 0x2C1A0; 0x2C1C4; 0x2C1E8; 0x2C20C; 0x2C220; 0x30F3C; 0x3EB5C; 0x3F024; 0x3F0CC,0,
CranePrefs,0x40320,_objc_unsafeClaimAutoreleasedReturnValue,decompile/40320.c,1,0x1306C,0,
CranePrefs,0x4032C,_object_getClass,decompile/4032C.c,1,0x3E608,0,
CranePrefs,0x40338,_opendir,decompile/40338.c,2,0x21470; 0x33948,0,
CranePrefs,0x40344,_protocol_addProtocol,decompile/40344.c,2,0x3DDA0; 0x3E108,0,
CranePrefs,0x40350,_rand,decompile/40350.c,1,0x33630,0,
CranePrefs,0x4035C,_readdir,decompile/4035C.c,2,0x21470; 0x3394C,0,
CranePrefs,0x40368,_readlink,decompile/40368.c,1,0x33A48,0,
CranePrefs,0x40374,_rename,decompile/40374.c,1,0x336A8,0,
CranePrefs,0x40380,_rewind,decompile/40380.c,1,0x3F93C,0,
CranePrefs,0x4038C,_srand,decompile/4038C.c,1,0x33630,0,
CranePrefs,0x40398,_sscanf,decompile/40398.c,1,0x3F93C,0,
CranePrefs,0x403A4,_stat,decompile/403A4.c,4,0x336E8; 0x3372C; 0x33784; 0x33984,0,
CranePrefs,0x403B0,_strchr,decompile/403B0.c,1,0x3C854,0,
CranePrefs,0x403BC,_strcmp,decompile/403BC.c,5,0x22658; 0x31F20; 0x33784; 0x3B120; 0x3D0DC,0,
CranePrefs,0x403C8,_strcpy,decompile/403C8.c,1,0x33424,0,
CranePrefs,0x403D4,_strlen,decompile/403D4.c,23,0x734C; 0x2FD40; 0x31974; 0x32E08; 0x32EA4; 0x32F30; 0x32F8C; 0x32FD8; 0x332E0; 0x33354; 0x33424; 0x335C0; 0x33784; 0x35D70; 0x36374; 0x3652C; 0x37C24; 0x38090; 0x38F10; 0x392E8; 0x3A030; 0x3A52C; 0x3D0DC,0,
CranePrefs,0x403E0,_strncmp,decompile/403E0.c,2,0x7254; 0x734C,0,
CranePrefs,0x403EC,_strncpy,decompile/403EC.c,11,0x319F0; 0x32E08; 0x335C0; 0x33784; 0x35D70; 0x36374; 0x38090; 0x3BD4C; 0x3C068; 0x3C854; 0x3D0DC,0,
CranePrefs,0x403F8,_strrchr,decompile/403F8.c,2,0x3C854; 0x3D0DC,0,
CranePrefs,0x40404,_symlink,decompile/40404.c,2,0x2D0AC; 0x33A1C,0,
CranePrefs,0x40410,_time,decompile/40410.c,2,0x33630; 0x3C350,0,
CranePrefs,0x4041C,_unlink,decompile/4041C.c,1,0x336C8,0,
CranePrefs,0x40428,_utime,decompile/40428.c,1,0x33864,0,
CranePrefs,0x40434,_xpc_connection_create_mach_service,decompile/40434.c,1,0x3EB5C,0,
CranePrefs,0x40440,_xpc_connection_resume,decompile/40440.c,1,0x3EB5C,0,
CranePrefs,0x4044C,_xpc_connection_send_message_with_reply,decompile/4044C.c,1,0x3EB5C,0,
CranePrefs,0x40458,_xpc_connection_set_event_handler,decompile/40458.c,1,0x3EB5C,0,
CranePrefs,0x40464,_xpc_dictionary_create,decompile/40464.c,1,0x3EB5C,0,
CranePrefs,0x40470,_xpc_dictionary_get_string,decompile/40470.c,1,0x3F038,0,
CranePrefs,0x4047C,_xpc_dictionary_set_bool,decompile/4047C.c,1,0x3EB5C,0,
CranePrefs,0x40488,_xpc_dictionary_set_int64,decompile/40488.c,1,0x3EB5C,0,
CranePrefs,0x40494,_xpc_get_type,decompile/40494.c,1,0x3F038,0,
CraneApplication,0x100004000,-[ViewController viewDidLoad],decompile/100004000.c,1,0x100004000,2,0x100004000; 0x1000046A8
CraneApplication,0x100004034,-[AppDelegate application:didFinishLaunchingWithOptions:],decompile/100004034.c,0,,2,0x10000466C; 0x1000046CC
CraneApplication,0x10000405C,-[AppDelegate application:configurationForConnectingSceneSession:options:],decompile/10000405C.c,0,,6,0x100004678; 0x1000046C0; 0x1000046CC; 0x1000046D8; 0x100004700; 0x100004720
CraneApplication,0x1000040DC,-[AppDelegate application:didDiscardSceneSessions:],decompile/1000040DC.c,0,,0,
CraneApplication,0x1000040E0,start,decompile/1000040E0.c,0,,7,0x100004654; 0x100004660; 0x100004684; 0x100004690; 0x1000046B4; 0x1000046C0; 0x1000046D8
CraneApplication,0x100004158,-[SceneDelegate scene:willConnectToSession:options:],decompile/100004158.c,0,,0,
CraneApplication,0x10000415C,-[SceneDelegate sceneDidDisconnect:],decompile/10000415C.c,0,,0,
CraneApplication,0x100004160,-[SceneDelegate sceneDidBecomeActive:],decompile/100004160.c,0,,0,
CraneApplication,0x100004164,-[SceneDelegate sceneWillResignActive:],decompile/100004164.c,0,,0,
CraneApplication,0x100004168,-[SceneDelegate sceneWillEnterForeground:],decompile/100004168.c,0,,0,
CraneApplication,0x10000416C,-[SceneDelegate sceneDidEnterBackground:],decompile/10000416C.c,0,,0,
CraneApplication,0x100004170,-[SceneDelegate window],decompile/100004170.c,0,,0,
CraneApplication,0x100004180,-[SceneDelegate setWindow:],decompile/100004180.c,0,,0,
CraneApplication,0x100004194,-[SceneDelegate .cxx_destruct],decompile/100004194.c,0,,0,
CraneApplication,0x1000041A8,-[SetActiveCraneContainerIntentResponse initWithCode:userActivity:],decompile/1000041A8.c,0,,4,0x1000046A8; 0x1000046C0; 0x1000046CC; 0x100004740
CraneApplication,0x10000422C,-[SetActiveCraneContainerIntentResponse code],decompile/10000422C.c,0,,0,
CraneApplication,0x10000423C,-[SetActiveCraneContainerIntentResponse setCode:],decompile/10000423C.c,0,,0,
CraneApplication,0x10000424C,-[NextCraneContainerIntentResponse initWithCode:userActivity:],decompile/10000424C.c,0,,4,0x1000046A8; 0x1000046C0; 0x1000046CC; 0x100004740
CraneApplication,0x1000042D0,-[NextCraneContainerIntentResponse code],decompile/1000042D0.c,0,,0,
CraneApplication,0x1000042E0,-[NextCraneContainerIntentResponse setCode:],decompile/1000042E0.c,0,,0,
CraneApplication,0x1000042F0,-[WipeCraneContainerIntentResponse initWithCode:userActivity:],decompile/1000042F0.c,0,,4,0x1000046A8; 0x1000046C0; 0x1000046CC; 0x100004740
CraneApplication,0x100004374,-[WipeCraneContainerIntentResponse code],decompile/100004374.c,0,,0,
CraneApplication,0x100004384,-[WipeCraneContainerIntentResponse setCode:],decompile/100004384.c,0,,0,
CraneApplication,0x100004394,-[CreateCraneContainerIntentResponse initWithCode:userActivity:],decompile/100004394.c,0,,4,0x1000046A8; 0x1000046C0; 0x1000046CC; 0x100004740
CraneApplication,0x100004418,-[CreateCraneContainerIntentResponse code],decompile/100004418.c,0,,0,
CraneApplication,0x100004428,-[CreateCraneContainerIntentResponse setCode:],decompile/100004428.c,0,,0,
CraneApplication,0x100004438,-[SetDefaultCraneContainerIntentResponse initWithCode:userActivity:],decompile/100004438.c,0,,4,0x1000046A8; 0x1000046C0; 0x1000046CC; 0x100004740
CraneApplication,0x1000044BC,-[SetDefaultCraneContainerIntentResponse code],decompile/1000044BC.c,0,,0,
CraneApplication,0x1000044CC,-[SetDefaultCraneContainerIntentResponse setCode:],decompile/1000044CC.c,0,,0,
CraneApplication,0x1000044DC,+[ApplicationResolutionResult successWithResolvedApplication:],decompile/1000044DC.c,0,,2,0x1000046A8; 0x1000046D8
CraneApplication,0x100004518,+[ApplicationResolutionResult disambiguationWithApplicationsToDisambiguate:],decompile/100004518.c,0,,2,0x1000046A8; 0x1000046D8
CraneApplication,0x100004554,+[ApplicationResolutionResult confirmationRequiredWithApplicationToConfirm:],decompile/100004554.c,0,,2,0x1000046A8; 0x1000046D8
CraneApplication,0x100004590,+[ApplicationResolutionResult supportsSecureCoding],decompile/100004590.c,0,,0,
CraneApplication,0x100004598,+[ContainerResolutionResult successWithResolvedContainer:],decompile/100004598.c,0,,2,0x1000046A8; 0x1000046D8
CraneApplication,0x1000045D4,+[ContainerResolutionResult disambiguationWithContainersToDisambiguate:],decompile/1000045D4.c,0,,2,0x1000046A8; 0x1000046D8
CraneApplication,0x100004610,+[ContainerResolutionResult confirmationRequiredWithContainerToConfirm:],decompile/100004610.c,0,,2,0x1000046A8; 0x1000046D8
CraneApplication,0x10000464C,+[ContainerResolutionResult supportsSecureCoding],decompile/10000464C.c,0,,0,
CraneApplication,0x100004654,_NSStringFromClass,decompile/100004654.c,1,0x1000040E0,0,
CraneApplication,0x100004660,_UIApplicationMain,decompile/100004660.c,1,0x1000040E0,0,
CraneApplication,0x10000466C,_exit,decompile/10000466C.c,1,0x100004034,0,
CraneApplication,0x100004678,_objc_alloc,decompile/100004678.c,1,0x10000405C,0,
CraneApplication,0x100004684,_objc_autoreleasePoolPop,decompile/100004684.c,1,0x1000040E0,0,
CraneApplication,0x100004690,_objc_autoreleasePoolPush,decompile/100004690.c,1,0x1000040E0,0,
CraneApplication,0x10000469C,_objc_autoreleaseReturnValue,decompile/10000469C.c,7,0x10000405C; 0x1000044DC; 0x100004518; 0x100004554; 0x100004598; 0x1000045D4; 0x100004610,0,
CraneApplication,0x1000046A8,_objc_msgSendSuper2,decompile/1000046A8.c,12,0x100004000; 0x1000041A8; 0x10000424C; 0x1000042F0; 0x100004394; 0x100004438; 0x1000044DC; 0x100004518; 0x100004554; 0x100004598; 0x1000045D4; 0x100004610,0,
CraneApplication,0x1000046B4,_objc_opt_class,decompile/1000046B4.c,1,0x1000040E0,0,
CraneApplication,0x1000046C0,_objc_release,decompile/1000046C0.c,7,0x10000405C; 0x1000040E0; 0x1000041A8; 0x10000424C; 0x1000042F0; 0x100004394; 0x100004438,0,
CraneApplication,0x1000046CC,_objc_retain,decompile/1000046CC.c,7,0x100004034; 0x10000405C; 0x1000041A8; 0x10000424C; 0x1000042F0; 0x100004394; 0x100004438,0,
CraneApplication,0x1000046D8,_objc_retainAutoreleasedReturnValue,decompile/1000046D8.c,8,0x10000405C; 0x1000040E0; 0x1000044DC; 0x100004518; 0x100004554; 0x100004598; 0x1000045D4; 0x100004610,0,
CraneApplication,0x1000046E4,_objc_storeStrong,decompile/1000046E4.c,2,0x100004180; 0x100004194,0,
CraneApplication,0x100004700,_objc_msgSend$initWithName:sessionRole:,decompile/100004700.c,1,0x10000405C,0,
CraneApplication,0x100004720,_objc_msgSend$role,decompile/100004720.c,1,0x10000405C,0,
CraneApplication,0x100004740,_objc_msgSend$setUserActivity:,decompile/100004740.c,5,0x1000041A8; 0x10000424C; 0x1000042F0; 0x100004394; 0x100004438,0,
